{"word":"H1156 - בּעה בּעא - be‛â' be‛âh - beh-aw'","sections":[{"paragraph":""},{"paragraph":"Original: בּעה בּעא"},{"paragraph":"Transliteration: be‛â' be‛âh"},{"paragraph":"Phonetic: beh-aw'"},{"paragraph":""},{"paragraph":"வினைச்சொல் - தேடு, விண்ணப்பம் பண்ணு, வேண்டிக்கொள், விண்ணப்பம் செய்"},{"paragraph":""},{"paragraph":"to ask, to seek, to request, to desire, to pray, to make petition (P'al)"},{"paragraph":"1) to ask, to request"},{"paragraph":"2) to seek (for favor)"},{"paragraph":""},{"paragraph":"Cognate: <a href=\"https://wordofgod.in/bibledictionary/ஸ்ட்ராங்க்ஸ்-எபிரேய-அகராதி/#/H1156 - בּעה בּעא - be‛â' be‛âh - beh-aw'/1156\">H1156</a>, <a href=\"https://wordofgod.in/bibledictionary/ஸ்ட்ராங்க்ஸ்-எபிரேய-அகராதி/#/H1159 - בּעוּ - bâ‛û - baw-o''/1159\">H1159</a>, <a href=\"https://wordofgod.in/bibledictionary/ஸ்ட்ராங்க்ஸ்-எபிரேய-அகராதி/#/H1169 - בּעל - be‛êl - beh-ale'/1169\">H1169</a>, <a href=\"https://wordofgod.in/bibledictionary/ஸ்ட்ராங்க்ஸ்-எபிரேய-அகராதி/#/H1236 - בּקעא - biq‛â' - bik-aw'/1236\">H1236</a>"}]}