{"word":"H1257 - בּרבּר - barbûr - bar-boor'","sections":[{"paragraph":""},{"paragraph":"Original: בּרבּר"},{"paragraph":"Transliteration: barbûr"},{"paragraph":"Phonetic: bar-boor'"},{"paragraph":""},{"paragraph":"பறவைகள் - ஆ.பெசொ. (பன்மை)"},{"paragraph":""},{"paragraph":"fowl, birds - சாலொமோனின் பந்தியில் பரிமாறப்பட்ட பறவைகள்"},{"paragraph":""},{"paragraph":"Cognate: <a href=\"https://wordofgod.in/bibledictionary/ஸ்ட்ராங்க்ஸ்-எபிரேய-அகராதி/#/H1249 - בּר - bar - bar/1249\">H1249</a>, <a href=\"https://wordofgod.in/bibledictionary/ஸ்ட்ராங்க்ஸ்-எபிரேய-அகராதி/#/H1250 - בּר בּר - bâr bar - bawr/1250\">H1250</a>, <a href=\"https://wordofgod.in/bibledictionary/ஸ்ட்ராங்க்ஸ்-எபிரேய-அகராதி/#/H1252 - בּר - bôr - bore/1252\">H1252</a>, <a href=\"https://wordofgod.in/bibledictionary/ஸ்ட்ராங்க்ஸ்-எபிரேய-அகராதி/#/H1253 - בּר - bôr - bore/1253\">H1253</a>, <a href=\"https://wordofgod.in/bibledictionary/ஸ்ட்ராங்க்ஸ்-எபிரேய-அகராதி/#/H1257 - בּרבּר - barbûr - bar-boor'/1257\">H1257</a>, <a href=\"https://wordofgod.in/bibledictionary/ஸ்ட்ராங்க்ஸ்-எபிரேய-அகராதி/#/H1287 - בּרית - bôrı̂yth - bo-reeth'/1287\">H1287</a>, <a href=\"https://wordofgod.in/bibledictionary/ஸ்ட்ராங்க்ஸ்-எபிரேய-அகராதி/#/H1305 - בּרר - bârar - baw-rar'/1305\">H1305</a>"}]}