{"word":"H1286 - בּרית - berı̂yth - ber-eeth'","sections":[{"paragraph":""},{"paragraph":"Original: בּרית"},{"paragraph":"Transliteration: berı̂yth"},{"paragraph":"Phonetic: ber-eeth'"},{"paragraph":""},{"paragraph":"பேரீத் - பெயர்ச்சொல்"},{"paragraph":"\"உடன்படிக்கை\""},{"paragraph":""},{"paragraph":"Berith \"covenant\""},{"paragraph":""},{"paragraph":"சீகேமில் ஆராதனை செய்யப்பட்ட புறஜாதி தெய்வம் - பாகால் - பேரீத்"},{"paragraph":""},{"paragraph":"Cognate: <a href=\"https://wordofgod.in/bibledictionary/ஸ்ட்ராங்க்ஸ்-எபிரேய-அகராதி/#/H1286 - בּרית - berı̂yth - ber-eeth'/1286\">H1286</a>, <a href=\"https://wordofgod.in/bibledictionary/ஸ்ட்ராங்க்ஸ்-எபிரேய-அகராதி/#/H410 - אל - 'êl - ale/4107\">H410</a>, <a href=\"https://wordofgod.in/bibledictionary/ஸ்ட்ராங்க்ஸ்-எபிரேய-அகராதி/#/H415 - אל אלהי ישׂראל - 'êl 'ĕlôhêy yiśrâ'êl - ale el-o-hay' yis-raw-ale'/4154\">H415</a>, <a href=\"https://wordofgod.in/bibledictionary/ஸ்ட்ராங்க்ஸ்-எபிரேய-அகராதி/#/H416 - אל בּית־אל - 'êl bêyth-'êl - ale bayth-ale'/4165\">H416</a>, <a href=\"https://wordofgod.in/bibledictionary/ஸ்ட்ராங்க்ஸ்-எபிரேய-அகராதி/#/H419 - אלדּד - 'eldâd - el-dad'/4197\">H419</a>, <a href=\"https://wordofgod.in/bibledictionary/ஸ்ட்ராங்க்ஸ்-எபிரேய-அகராதி/#/H420 - אלדּעה - 'eldâ‛âh - el-daw-aw'/4205\">H420</a>, <a href=\"https://wordofgod.in/bibledictionary/ஸ்ட்ராங்க்ஸ்-எபிரேய-அகராதி/#/H430 - אלהים - 'ĕlôhı̂ym - el-o-heem'/4306\">H430</a>, <a href=\"https://wordofgod.in/bibledictionary/ஸ்ட்ராங்க்ஸ்-எபிரேய-அகராதி/#/H433 - אלהּ אלוהּ - 'ĕlôahh 'ĕlôahh - el-o'-ah rarely (shortened) 'eloahh el-o'-ah/4334\">H433</a>, <a href=\"https://wordofgod.in/bibledictionary/ஸ்ட்ராங்க்ஸ்-எபிரேய-அகராதி/#/H443 - אלזבד - 'elzâbâd - el-zaw-bawd'/4437\">H443</a>, <a href=\"https://wordofgod.in/bibledictionary/ஸ்ட்ராங்க்ஸ்-எபிரேய-அகராதி/#/H445 - אלחנן - 'elchânân - el-khaw-nawn'/4459\">H445</a>, <a href=\"https://wordofgod.in/bibledictionary/ஸ்ட்ராங்க்ஸ்-எபிரேய-அகராதி/#/H446 - אליאב - 'ĕlı̂y'âb - el-ee-awb'/4462\">H446</a>, <a href=\"https://wordofgod.in/bibledictionary/ஸ்ட்ராங்க்ஸ்-எபிரேய-அகராதி/#/H447 - אליאל - 'ĕlı̂y'êl - el-ee-ale'/4470\">H447</a>, <a href=\"https://wordofgod.in/bibledictionary/ஸ்ட்ராங்க்ஸ்-எபிரேய-அகராதி/#/H448 - אליּתה אליאתה - 'ĕlı̂y'âthâh 'ĕlı̂yâthâh - el-ee-aw-thaw'/4487\">H448</a>, <a href=\"https://wordofgod.in/bibledictionary/ஸ்ட்ராங்க்ஸ்-எபிரேய-அகராதி/#/H449 - אלידד - 'ĕlı̂ydâd - el-ee-dawd'/4495\">H449</a>, <a href=\"https://wordofgod.in/bibledictionary/ஸ்ட்ராங்க்ஸ்-எபிரேய-அகராதி/#/H450 - אלידע - 'elyâdâ‛ - el-yaw-daw'/4508\">H450</a>, <a href=\"https://wordofgod.in/bibledictionary/ஸ்ட்ராங்க்ஸ்-எபிரேய-அகராதி/#/H452 - אליּהוּ אליּה - 'êlı̂yâh 'êlı̂yâhû - ay-lee-yaw'/452\">H452</a>, <a href=\"https://wordofgod.in/bibledictionary/ஸ்ட்ராங்க்ஸ்-எபிரேய-அகராதி/#/H453 - אליהוּא אליהוּ - 'ĕlı̂yhû 'ĕlı̂yhû' - el-ee-hoo'/4533\">H453</a>, <a href=\"https://wordofgod.in/bibledictionary/ஸ்ட்ராங்க்ஸ்-எபிரேய-அகராதி/#/H455 - אליחבּא - 'elyachbâ' - el-yakh-baw'/4555\">H455</a>, <a href=\"https://wordofgod.in/bibledictionary/ஸ்ட்ராங்க்ஸ்-எபிரேய-அகராதி/#/H456 - אליחרף - 'ĕlı̂ychôreph - el-ee-kho'-ref/4567\">H456</a>, <a href=\"https://wordofgod.in/bibledictionary/ஸ்ட்ராங்க்ஸ்-எபிரேய-அகராதி/#/H458 - אלימלך - 'ĕlı̂ymelek - el-ee-meh'-lek/4588\">H458</a>, <a href=\"https://wordofgod.in/bibledictionary/ஸ்ட்ராங்க்ஸ்-எபிரேய-அகராதி/#/H460 - אליסף - 'elyâsâph - el-yaw-sawf'/4606\">H460</a>, <a href=\"https://wordofgod.in/bibledictionary/ஸ்ட்ராங்க்ஸ்-எபிரேய-அகராதி/#/H461 - אליעזר - 'ĕlı̂y‛ezer - el-ee-eh'-zer/4614\">H461</a>, <a href=\"https://wordofgod.in/bibledictionary/ஸ்ட்ராங்க்ஸ்-எபிரேய-அகராதி/#/H463 - אליעם - 'ĕlı̂y‛âm - el-ee-awm'/4630\">H463</a>, <a href=\"https://wordofgod.in/bibledictionary/ஸ்ட்ராங்க்ஸ்-எபிரேய-அகராதி/#/H464 - אליפז - 'ĕlı̂yphaz - el-ee-faz'/4644\">H464</a>, <a href=\"https://wordofgod.in/bibledictionary/ஸ்ட்ராங்க்ஸ்-எபிரேய-அகராதி/#/H465 - אליפל - 'ĕlı̂yphâl - el-ee-fawl'/4653\">H465</a>, <a href=\"https://wordofgod.in/bibledictionary/ஸ்ட்ராங்க்ஸ்-எபிரேய-அகராதி/#/H466 - אליפלהוּ - 'ĕlı̂yphelêhû - el-ee-fe-lay'-hoo/4664\">H466</a>, <a href=\"https://wordofgod.in/bibledictionary/ஸ்ட்ராங்க்ஸ்-எபிரேய-அகராதி/#/H467 - אלפּלט אליפלט - 'ĕlı̂ypheleṭ 'ĕlpeleṭ - el-ee-feh'-let/4679\">H467</a>, <a href=\"https://wordofgod.in/bibledictionary/ஸ்ட்ராங்க்ஸ்-எபிரேய-அகராதி/#/H468 - אליצוּר - 'ĕlı̂ytsûr - el-ee-tsoor'/4687\">H468</a>, <a href=\"https://wordofgod.in/bibledictionary/ஸ்ட்ராங்க்ஸ்-எபிரேய-அகராதி/#/H469 - אלצפן אליצפן - 'ĕlı̂ytsâphân 'eltsâphân - el-ee-tsaw-fawn'/4693\">H469</a>, <a href=\"https://wordofgod.in/bibledictionary/ஸ்ட்ராங்க்ஸ்-எபிரேய-அகராதி/#/H470 - אליקא - 'ĕlı̂yqâ' - el-ee-kaw'/470\">H470</a>, <a href=\"https://wordofgod.in/bibledictionary/ஸ்ட்ராங்க்ஸ்-எபிரேய-அகராதி/#/H471 - אליקים - 'elyâqı̂ym - el-yaw-keem'/4711\">H471</a>, <a href=\"https://wordofgod.in/bibledictionary/ஸ்ட்ராங்க்ஸ்-எபிரேய-அகராதி/#/H472 - אלישׁבע - 'ĕlı̂ysheba‛ - el-ee-sheh'-bah/4723\">H472</a>, <a href=\"https://wordofgod.in/bibledictionary/ஸ்ட்ராங்க்ஸ்-எபிரேய-அகராதி/#/H474 - אלישׁוּע - 'ĕlı̂yshûa‛ - el-ee-shoo'-ah/4747\">H474</a>, <a href=\"https://wordofgod.in/bibledictionary/ஸ்ட்ராங்க்ஸ்-எபிரேய-அகராதி/#/H475 - אלישׁיב - 'elyâshı̂yb - el-yaw-sheeb'/4756\">H475</a>, <a href=\"https://wordofgod.in/bibledictionary/ஸ்ட்ராங்க்ஸ்-எபிரேய-அகராதி/#/H476 - אלישׁמע - 'ĕlı̂yshâmâ‛ - el-ee-shaw-maw'/4767\">H476</a>, <a href=\"https://wordofgod.in/bibledictionary/ஸ்ட்ராங்க்ஸ்-எபிரேய-அகராதி/#/H477 - אלישׁע - 'ĕlı̂yshâ‛ - el-ee-shaw'/4779\">H477</a>, <a href=\"https://wordofgod.in/bibledictionary/ஸ்ட்ராங்க்ஸ்-எபிரேய-அகராதி/#/H478 - אלישׁפט - 'ĕlı̂yshâphâṭ - el-ee-shaw-fawt'/4784\">H478</a>, <a href=\"https://wordofgod.in/bibledictionary/ஸ்ட்ராங்க்ஸ்-எபிரேய-அகராதி/#/H493 - אלנעם - 'elna‛am - el-nah'-am/493\">H493</a>, <a href=\"https://wordofgod.in/bibledictionary/ஸ்ட்ராங்க்ஸ்-எபிரேய-அகராதி/#/H494 - אלנתן - 'elnâthân - el-naw-thawn'/4945\">H494</a>, <a href=\"https://wordofgod.in/bibledictionary/ஸ்ட்ராங்க்ஸ்-எபிரேய-அகராதி/#/H496 - אלעד - 'el‛âd - el-awd'/4968\">H496</a>, <a href=\"https://wordofgod.in/bibledictionary/ஸ்ட்ராங்க்ஸ்-எபிரேய-அகராதி/#/H497 - אלעדה - 'el‛âdâh - el-aw-daw'/4970\">H497</a>, <a href=\"https://wordofgod.in/bibledictionary/ஸ்ட்ராங்க்ஸ்-எபிரேய-அகராதி/#/H498 - אלעוּזי - 'el‛ûzay - el-oo-zah'ee/4988\">H498</a>, <a href=\"https://wordofgod.in/bibledictionary/ஸ்ட்ராங்க்ஸ்-எபிரேய-அகராதி/#/H499 - אלעזר - 'el‛âzâr - el-aw-zawr'/499\">H499</a>, <a href=\"https://wordofgod.in/bibledictionary/ஸ்ட்ராங்க்ஸ்-எபிரேய-அகராதி/#/H500 - אלעלה אלעלא - 'el‛âlê' 'el‛âlêh - el-aw-lay'/5002\">H500</a>, <a href=\"https://wordofgod.in/bibledictionary/ஸ்ட்ராங்க்ஸ்-எபிரேய-அகராதி/#/H501 - אלעשׂה - 'el‛âśâh - el-aw-saw'/5014\">H501</a>, <a href=\"https://wordofgod.in/bibledictionary/ஸ்ட்ராங்க்ஸ்-எபிரேய-அகராதி/#/H508 - אלפּעל - 'elpa‛al - el-pah'-al/5080\">H508</a>, <a href=\"https://wordofgod.in/bibledictionary/ஸ்ட்ராங்க்ஸ்-எபிரேய-அகராதி/#/H511 - אלקנה - 'elqânâh - el-kaw-naw'/5117\">H511</a>"}]}