{"word":"H1000 - בּיצה - bêytsâh - bay-tsaw'","sections":[{"paragraph":""},{"paragraph":"Original: בּיצה"},{"paragraph":"Transliteration: bêytsâh"},{"paragraph":"Phonetic: bay-tsaw'"},{"paragraph":""},{"paragraph":"முட்டை - பெண்பால் பெயர்ச்சொல்"},{"paragraph":""},{"paragraph":"an egg"},{"paragraph":""},{"paragraph":"Cognate: <a href=\"https://wordofgod.in/bibledictionary/ஸ்ட்ராங்க்ஸ்-எபிரேய-அகராதி/#/H1000 - בּיצה - bêytsâh - bay-tsaw'/1000\">H1000</a>, <a href=\"https://wordofgod.in/bibledictionary/ஸ்ட்ராங்க்ஸ்-எபிரேய-அகராதி/#/H948 - בּוּץ - bûts - boots/948\">H948</a>"}]}