{"word":"H1240 - בּקר - beqar - bek-ar'","sections":[{"paragraph":""},{"paragraph":"Original: בּקר"},{"paragraph":"Transliteration: beqar"},{"paragraph":"Phonetic: bek-ar'"},{"paragraph":""},{"paragraph":"வினைச்சொல் - சோதித்துப்பார், விசாரி, ஆராய்ந்து பார்"},{"paragraph":""},{"paragraph":"to seek, to enquire"},{"paragraph":"a) (Pael) to enquire"},{"paragraph":"b) (Ithpael) to let search bemade"},{"paragraph":""},{"paragraph":"Cognate: <a href=\"https://wordofgod.in/bibledictionary/ஸ்ட்ராங்க்ஸ்-எபிரேய-அகராதி/#/H1123 - בּן - bên - bane/1123\">H1123</a>, <a href=\"https://wordofgod.in/bibledictionary/ஸ்ட்ராங்க்ஸ்-எபிரேய-அகராதி/#/H1240 - בּקר - beqar - bek-ar'/1240\">H1240</a>, <a href=\"https://wordofgod.in/bibledictionary/ஸ்ட்ராங்க்ஸ்-எபிரேய-அகராதி/#/H1247 - בּר - bar - bar/1247\">H1247</a>"}]}