{"word":"H1197 - בּער - bâ‛ar - baw-ar'","sections":[{"paragraph":""},{"paragraph":"Original: בּער"},{"paragraph":"Transliteration: bâ‛ar"},{"paragraph":"Phonetic: baw-ar'"},{"paragraph":""},{"paragraph":"வினைச்சொல் - எரி, தழல்மூட்டு, அக்கினி பொறியாகு, ஜுவாலையாக, வெந்துபோ, பற்றியெரி, கொழுத்து, எரிப்பாயிரு. மிருக் மிருக குணமாயிரு, மதியீனமாயிரு. மேயவிடு, விலக்கு, எடுத்துவா, கழித்துப்போடு, அற்றுப்போடு, நிர்மூலமாக்கு, விட்டகற்று, அழித்துப்போடு."},{"paragraph":""},{"paragraph":"1) to burn, to consume, to kindle, to be kindled"},{"paragraph":"a) (Qal)"},{"paragraph":"1) to begin to burn, to be kindled, to start burning"},{"paragraph":"2) to burn, to be burning"},{"paragraph":"3) to burn, to consume"},{"paragraph":"4) Jehovah's (Yahweh's) wrath, human anger (figurative)"},{"paragraph":"b) (Piel)"},{"paragraph":"1) to kindle, to burn"},{"paragraph":"2) to consume, to remove (used of guilt) (figurative)"},{"paragraph":"c) (Hiphil)"},{"paragraph":"1) to kindle"},{"paragraph":"2) to burn up"},{"paragraph":"3) to consume (destroy)"},{"paragraph":"d) (Pual) to burn as a denominative verb:"},{"paragraph":"2) to be stupid, to be brutish, to be barbarous"},{"paragraph":"a) (Qal) to be stupid, to be dull-hearted, to be unreceptive"},{"paragraph":"b) (Niphal) to be stupid, to be dull-hearted"},{"paragraph":"c) (Piel) to feed, to graze"},{"paragraph":"d) (Hiphil) to cause to be grazed over"},{"paragraph":""},{"paragraph":"Cognate: <a href=\"https://wordofgod.in/bibledictionary/ஸ்ட்ராங்க்ஸ்-எபிரேய-அகராதி/#/H1160 - בּעור - be‛ôr - beh-ore'/1160\">H1160</a>, <a href=\"https://wordofgod.in/bibledictionary/ஸ்ட்ராங்க்ஸ்-எபிரேய-அகராதி/#/H1165 - בּעיר - be‛ı̂yr - beh-ere'/1165\">H1165</a>, <a href=\"https://wordofgod.in/bibledictionary/ஸ்ட்ராங்க்ஸ்-எபிரேய-அகராதி/#/H1197 - בּער - bâ‛ar - baw-ar'/1197\">H1197</a>, <a href=\"https://wordofgod.in/bibledictionary/ஸ்ட்ராங்க்ஸ்-எபிரேய-அகராதி/#/H1198 - בּער - ba‛ar - bah'-ar/1198\">H1198</a>, <a href=\"https://wordofgod.in/bibledictionary/ஸ்ட்ராங்க்ஸ்-எபிரேய-அகராதி/#/H1199 - בּערא - bâ‛ărâ' - bah-ar-aw'/1199\">H1199</a>, <a href=\"https://wordofgod.in/bibledictionary/ஸ்ட்ராங்க்ஸ்-எபிரேய-அகராதி/#/H1200 - בּערה - be‛êrâh - be-ay-raw'/1200\">H1200</a>, <a href=\"https://wordofgod.in/bibledictionary/ஸ்ட்ராங்க்ஸ்-எபிரேய-அகராதி/#/H1201 - בּעשׁא - ba‛shâ' - bah-shaw'/1201\">H1201</a>, <a href=\"https://wordofgod.in/bibledictionary/ஸ்ட்ராங்க்ஸ்-எபிரேய-அகராதி/#/H1202 - בּעשׂיה - ba‛ăśêyâh - bah-as-ay-yaw'/1202\">H1202</a>, <a href=\"https://wordofgod.in/bibledictionary/ஸ்ட்ராங்க்ஸ்-எபிரேய-அகராதி/#/H1203 - בּעשׁתּרה - be‛eshterâh - beh-esh-ter-aw'/1203\">H1203</a>, <a href=\"https://wordofgod.in/bibledictionary/ஸ்ட்ராங்க்ஸ்-எபிரேய-அகராதி/#/H8404 - תּבערה - tab‛êrâh - tab-ay-raw'/8404\">H8404</a>"}]}