{"word":"H1406 - גּג - gâg - gawg","sections":[{"paragraph":""},{"paragraph":"Original: גּג"},{"paragraph":"Transliteration: gâg"},{"paragraph":"Phonetic: gawg"},{"paragraph":""},{"paragraph":"வீட்டின்மேல், கெவுனி, மூடி, உப்பரிகை, மெத்தை, மேல்வீடு - ஆ.பெசொ."},{"paragraph":""},{"paragraph":"roof, housetop, the top (of an altar of incense)"},{"paragraph":""},{"paragraph":"Cognate: <a href=\"https://wordofgod.in/bibledictionary/ஸ்ட்ராங்க்ஸ்-எபிரேய-அகராதி/#/H1378 - גּבישׁ - gâbı̂ysh - gaw-beesh'/1378\">H1378</a>, <a href=\"https://wordofgod.in/bibledictionary/ஸ்ட்ராங்க்ஸ்-எபிரேய-அகராதி/#/H1406 - גּג - gâg - gawg/1406\">H1406</a>, <a href=\"https://wordofgod.in/bibledictionary/ஸ்ட்ராங்க்ஸ்-எபிரேய-அகராதி/#/H4019 - מגבּישׁ - magbı̂ysh - mag-beesh'/4019\">H4019</a>"}]}