{"word":"H1359 - גּוב גּב - gôb gôb - gobe","sections":[{"paragraph":""},{"paragraph":"Original: גּוב גּב"},{"paragraph":"Transliteration: gôb gôb"},{"paragraph":"Phonetic: gobe"},{"paragraph":""},{"paragraph":"கோபு - ஓர் இடத்தின் பெயர்"},{"paragraph":"தண்ணீர்த் தொட்டி"},{"paragraph":""},{"paragraph":"Gob=\"cistern\""},{"paragraph":""},{"paragraph":"தாவீதின் பராக்கிரமசாலிகளுக்கும், பெலிஸ்தியருக்கும் யுத்தம் நடைபெற்ற இடம்"},{"paragraph":""},{"paragraph":"Cognate: <a href=\"https://wordofgod.in/bibledictionary/ஸ்ட்ராங்க்ஸ்-எபிரேய-அகராதி/#/H1354 - גב - gab - gab/1354\">H1354</a>, <a href=\"https://wordofgod.in/bibledictionary/ஸ்ட்ராங்க்ஸ்-எபிரேய-அகராதி/#/H1359 - גּוב גּב - gôb gôb - gobe/1359\">H1359</a>, <a href=\"https://wordofgod.in/bibledictionary/ஸ்ட்ராங்க்ஸ்-எபிரேய-அகராதி/#/H1373 - גּבּי - gabbay - gab-bah'ee/1373\">H1373</a>, <a href=\"https://wordofgod.in/bibledictionary/ஸ்ட்ராங்க்ஸ்-எபிரேய-அகராதி/#/H1405 - גּבּתון - gibbethôn - ghib-beth-one'/1405\">H1405</a>, <a href=\"https://wordofgod.in/bibledictionary/ஸ்ட்ராங்க்ஸ்-எபிரேய-அகராதி/#/H5543 - סלּי סלוּא סלּוּא סלּוּ - salû salû' sâlû' sallay - sal-loo'/5543\">H5543</a>"}]}