{"word":"H1161 - בּעוּתים - bi‛ûthı̂ym - be-oo-theme'","sections":[{"paragraph":""},{"paragraph":"Original: בּעוּתים"},{"paragraph":"Transliteration: bi‛ûthı̂ym"},{"paragraph":"Phonetic: be-oo-theme'"},{"paragraph":""},{"paragraph":"பயங்கரங்கள் - ஆபெ.சொ."},{"paragraph":""},{"paragraph":"terrors, alarms (occasioned by God)"},{"paragraph":""},{"paragraph":"Cognate: <a href=\"https://wordofgod.in/bibledictionary/ஸ்ட்ராங்க்ஸ்-எபிரேய-அகராதி/#/H1161 - בּעוּתים - bi‛ûthı̂ym - be-oo-theme'/1161\">H1161</a>, <a href=\"https://wordofgod.in/bibledictionary/ஸ்ட்ராங்க்ஸ்-எபிரேய-அகராதி/#/H1204 - בּעת - bâ‛ath - baw-ath'/1204\">H1204</a>, <a href=\"https://wordofgod.in/bibledictionary/ஸ்ட்ராங்க்ஸ்-எபிரேய-அகராதி/#/H1205 - בּעתה - be‛âthâh - beh-aw-thaw'/1205\">H1205</a>, <a href=\"https://wordofgod.in/bibledictionary/ஸ்ட்ராங்க்ஸ்-எபிரேய-அகராதி/#/H1209 - בּצי - bêtsay - bay-tsah'-ee/1209\">H1209</a>"}]}