{"word":"H1441 - גּדעני - gid‛ônı̂y - ghid-o-nee'","sections":[{"paragraph":""},{"paragraph":"Original: גּדעני"},{"paragraph":"Transliteration: gid‛ônı̂y"},{"paragraph":"Phonetic: ghid-o-nee'"},{"paragraph":""},{"paragraph":"கீதெயோன் - ஆ.பெ.சொ."},{"paragraph":"\"என் வெட்டுகிறவர்\""},{"paragraph":""},{"paragraph":"Gideoni = \"my hewer\""},{"paragraph":""},{"paragraph":"பென்யமீன் கோத்திரத்தான் - அபிதானின் தகப்பன்"},{"paragraph":""},{"paragraph":"Cognate: <a href=\"https://wordofgod.in/bibledictionary/ஸ்ட்ராங்க்ஸ்-எபிரேய-அகராதி/#/H1438 - גּדע - gâda‛ - gaw-dah'/1438\">H1438</a>, <a href=\"https://wordofgod.in/bibledictionary/ஸ்ட்ராங்க்ஸ்-எபிரேய-அகராதி/#/H1439 - גּדעון - gid‛ôn - ghid-ohn'/1439\">H1439</a>, <a href=\"https://wordofgod.in/bibledictionary/ஸ்ட்ராங்க்ஸ்-எபிரேய-அகராதி/#/H1440 - גּדעם - gid‛ôm - ghid-ohm'/1440\">H1440</a>, <a href=\"https://wordofgod.in/bibledictionary/ஸ்ட்ராங்க்ஸ்-எபிரேய-அகராதி/#/H1441 - גּדעני - gid‛ônı̂y - ghid-o-nee'/1441\">H1441</a>"}]}