{"word":"H1289 - בּרך - berak - ber-ak'","sections":[{"paragraph":""},{"paragraph":"Original: בּרך"},{"paragraph":"Transliteration: berak"},{"paragraph":"Phonetic: ber-ak'"},{"paragraph":""},{"paragraph":"வினைச்சொல் - முழங்காலிடு, ஸ்தோத்திரி"},{"paragraph":""},{"paragraph":"to bless, to kneel"},{"paragraph":"a) (P'al)"},{"paragraph":"1) kneeling (participle)"},{"paragraph":"2) to be blessed"},{"paragraph":"b) (Pael) to bless, to praise"},{"paragraph":""},{"paragraph":"Cognate: <a href=\"https://wordofgod.in/bibledictionary/ஸ்ட்ராங்க்ஸ்-எபிரேய-அகராதி/#/H1289 - בּרך - berak - ber-ak'/1289\">H1289</a>, <a href=\"https://wordofgod.in/bibledictionary/ஸ்ட்ராங்க்ஸ்-எபிரேய-அகராதி/#/H1291 - בּרך - berek - beh'-rek/1291\">H1291</a>, <a href=\"https://wordofgod.in/bibledictionary/ஸ்ட்ராங்க்ஸ்-எபிரேய-அகராதி/#/H755 - ארכבה - 'arkûbâh - ar-koo-baw'/7552\">H755</a>"}]}