{"word":"H1147 - בּנין - binyân - bin-yawn'","sections":[{"paragraph":""},{"paragraph":"Original: בּנין"},{"paragraph":"Transliteration: binyân"},{"paragraph":"Phonetic: bin-yawn'"},{"paragraph":""},{"paragraph":"மாளிகை - ஆ.பெ.சொ."},{"paragraph":""},{"paragraph":"a building, a structure"},{"paragraph":""},{"paragraph":"Cognate: <a href=\"https://wordofgod.in/bibledictionary/ஸ்ட்ராங்க்ஸ்-எபிரேய-அகராதி/#/H1124 - בּנה בּנא - benâ' benâh - ben-aw'/1124\">H1124</a>, <a href=\"https://wordofgod.in/bibledictionary/ஸ்ட்ராங்க்ஸ்-எபிரேய-அகராதி/#/H1147 - בּנין - binyân - bin-yawn'/1147\">H1147</a>"}]}