{"word":"H1319 - בּשׂר - bâśar - baw-sar'","sections":[{"paragraph":""},{"paragraph":"Original: בּשׂר"},{"paragraph":"Transliteration: bâśar"},{"paragraph":"Phonetic: baw-sar'"},{"paragraph":""},{"paragraph":"வினைச்சொல் - செய்தியைக்கொண்டு போ, பிரசங்கி. நற்செய்தியைப் பிரசித்தப் படுத்து, சுவிசேஷத்தை அறிவி"},{"paragraph":""},{"paragraph":"to bear news, to bear tidings, to publish, to preach, to show forth"},{"paragraph":"a) (Piel)"},{"paragraph":"1) to gladden with good news"},{"paragraph":"2) to bear news"},{"paragraph":"3) to announce (salvation) as good news, to preach"},{"paragraph":"b) (Hithpael) to receive good news"},{"paragraph":""},{"paragraph":"Cognate: <a href=\"https://wordofgod.in/bibledictionary/ஸ்ட்ராங்க்ஸ்-எபிரேய-அகராதி/#/H1308 - בּשׂור - beśôr - bes-ore'/1308\">H1308</a>, <a href=\"https://wordofgod.in/bibledictionary/ஸ்ட்ராங்க்ஸ்-எபிரேய-அகராதி/#/H1309 - בּשׂרה בּשׂורה - beśôrâh beśôrâh - bes-o-raw'/1309\">H1309</a>, <a href=\"https://wordofgod.in/bibledictionary/ஸ்ட்ராங்க்ஸ்-எபிரேய-அகராதி/#/H1319 - בּשׂר - bâśar - baw-sar'/1319\">H1319</a>, <a href=\"https://wordofgod.in/bibledictionary/ஸ்ட்ராங்க்ஸ்-எபிரேய-அகராதி/#/H1320 - בּשׂר - bâśâr - baw-sawr'/1320\">H1320</a>"}]}