{"word":"H1091 - בּלּהה - ballâhâh - bal-law-haw'","sections":[{"paragraph":""},{"paragraph":"Original: בּלּהה"},{"paragraph":"Transliteration: ballâhâh"},{"paragraph":"Phonetic: bal-law-haw'"},{"paragraph":""},{"paragraph":"திடுக்கிடுதல், பயங்கரம், திகில், கலக்கம் - பெபெ.சொ."},{"paragraph":""},{"paragraph":"terror, destruction, a calamity, a dreadful event"},{"paragraph":""},{"paragraph":"Cognate: <a href=\"https://wordofgod.in/bibledictionary/ஸ்ட்ராங்க்ஸ்-எபிரேய-அகராதி/#/H1089 - בּלהּ - bâlah - baw-lah'/1089\">H1089</a>, <a href=\"https://wordofgod.in/bibledictionary/ஸ்ட்ராங்க்ஸ்-எபிரேய-அகராதி/#/H1090 - בּלהה - bilhâh - bil-haw'/1090\">H1090</a>, <a href=\"https://wordofgod.in/bibledictionary/ஸ்ட்ராங்க்ஸ்-எபிரேய-அகராதி/#/H1091 - בּלּהה - ballâhâh - bal-law-haw'/1091\">H1091</a>, <a href=\"https://wordofgod.in/bibledictionary/ஸ்ட்ராங்க்ஸ்-எபிரேய-அகராதி/#/H1092 - בּלהן - bilhân - bil-hawn'/1092\">H1092</a>, <a href=\"https://wordofgod.in/bibledictionary/ஸ்ட்ராங்க்ஸ்-எபிரேய-அகராதி/#/H1095 - בּלטשׁאצּר - bêlṭesha'tstsar - bale-tesh-ats-tsar'/1095\">H1095</a>"}]}