{"word":"H1373 - גּבּי - gabbay - gab-bah'ee","sections":[{"paragraph":""},{"paragraph":"Original: גּבּי"},{"paragraph":"Transliteration: gabbay"},{"paragraph":"Phonetic: gab-bah'ee"},{"paragraph":""},{"paragraph":"கப்பாய் - ஆ.பெசொ."},{"paragraph":"\"என் முதுகு\""},{"paragraph":""},{"paragraph":"Gabbai \"my back\""},{"paragraph":""},{"paragraph":"பென்யமீன் கோத்திரத்தில் முக்கியமான தலைவன் - நெகேமியாவின் காலத்தில் எருசலேமில் வசித்து வந்தவன்"},{"paragraph":""},{"paragraph":"Cognate: <a href=\"https://wordofgod.in/bibledictionary/ஸ்ட்ராங்க்ஸ்-எபிரேய-அகராதி/#/H1354 - גב - gab - gab/1354\">H1354</a>, <a href=\"https://wordofgod.in/bibledictionary/ஸ்ட்ராங்க்ஸ்-எபிரேய-அகராதி/#/H1359 - גּוב גּב - gôb gôb - gobe/1359\">H1359</a>, <a href=\"https://wordofgod.in/bibledictionary/ஸ்ட்ராங்க்ஸ்-எபிரேய-அகராதி/#/H1373 - גּבּי - gabbay - gab-bah'ee/1373\">H1373</a>, <a href=\"https://wordofgod.in/bibledictionary/ஸ்ட்ராங்க்ஸ்-எபிரேய-அகராதி/#/H1405 - גּבּתון - gibbethôn - ghib-beth-one'/1405\">H1405</a>, <a href=\"https://wordofgod.in/bibledictionary/ஸ்ட்ராங்க்ஸ்-எபிரேய-அகராதி/#/H5543 - סלּי סלוּא סלּוּא סלּוּ - salû salû' sâlû' sallay - sal-loo'/5543\">H5543</a>"}]}