{"word":"H110 - אדבּאל - 'adbe'êl - ad-beh-ale'","sections":[{"paragraph":""},{"paragraph":"Original: אדבּאל"},{"paragraph":"Transliteration: 'adbe'êl"},{"paragraph":"Phonetic: ad-beh-ale'"},{"paragraph":""},{"paragraph":"அத்பியேல் - ஆபெ.சொ."},{"paragraph":"\"தேவனால் சிட்சிக்கப்பட்டவன்\""},{"paragraph":""},{"paragraph":"Adbeel = \"chastened of God\""},{"paragraph":""},{"paragraph":"இஸ்மவேலின் மூன்றாவது குமாரன் - ஆபிரகாமின் பேரன்."},{"paragraph":""},{"paragraph":"Cognate: <a href=\"https://wordofgod.in/bibledictionary/ஸ்ட்ராங்க்ஸ்-எபிரேய-அகராதி/#/H109 - אדב - 'âdab - aw-dab'/1093\">H109</a>, <a href=\"https://wordofgod.in/bibledictionary/ஸ்ட்ராங்க்ஸ்-எபிரேய-அகராதி/#/H110 - אדבּאל - 'adbe'êl - ad-beh-ale'/1102\">H110</a>"}]}