{"word":"H1090 - בּלהה - bilhâh - bil-haw'","sections":[{"paragraph":""},{"paragraph":"Original: בּלהה"},{"paragraph":"Transliteration: bilhâh"},{"paragraph":"Phonetic: bil-haw'"},{"paragraph":""},{"paragraph":"பில்லா - ஓர் இடத்தின் பெயர்"},{"paragraph":"எளிமை, கண்ணியம்"},{"paragraph":"பில்காள் (Bilhah) = \"கலங்கியது\" \"troubled\""},{"paragraph":"1. சிமியோனிலுள்ள ஓரிடம்"},{"paragraph":"2. ராகேலின் வேலைக்காரி"},{"paragraph":""},{"paragraph":"Cognate: <a href=\"https://wordofgod.in/bibledictionary/ஸ்ட்ராங்க்ஸ்-எபிரேய-அகராதி/#/H1089 - בּלהּ - bâlah - baw-lah'/1089\">H1089</a>, <a href=\"https://wordofgod.in/bibledictionary/ஸ்ட்ராங்க்ஸ்-எபிரேய-அகராதி/#/H1090 - בּלהה - bilhâh - bil-haw'/1090\">H1090</a>, <a href=\"https://wordofgod.in/bibledictionary/ஸ்ட்ராங்க்ஸ்-எபிரேய-அகராதி/#/H1091 - בּלּהה - ballâhâh - bal-law-haw'/1091\">H1091</a>, <a href=\"https://wordofgod.in/bibledictionary/ஸ்ட்ராங்க்ஸ்-எபிரேய-அகராதி/#/H1092 - בּלהן - bilhân - bil-hawn'/1092\">H1092</a>, <a href=\"https://wordofgod.in/bibledictionary/ஸ்ட்ராங்க்ஸ்-எபிரேய-அகராதி/#/H1095 - בּלטשׁאצּר - bêlṭesha'tstsar - bale-tesh-ats-tsar'/1095\">H1095</a>"}]}