{"word":"H1248 - בּר - bar - bar","sections":[{"paragraph":""},{"paragraph":"Original: בּר"},{"paragraph":"Transliteration: bar"},{"paragraph":"Phonetic: bar"},{"paragraph":""},{"paragraph":"புத்திரன், குமாரன், மகன் - ஆ.பெசொ."},{"paragraph":""},{"paragraph":"a son, an heir"},{"paragraph":""},{"paragraph":"Cognate: <a href=\"https://wordofgod.in/bibledictionary/ஸ்ட்ராங்க்ஸ்-எபிரேய-அகராதி/#/H1245 - בּקשׁ - bâqash - baw-kash'/1245\">H1245</a>, <a href=\"https://wordofgod.in/bibledictionary/ஸ்ட்ராங்க்ஸ்-எபிரேய-அகராதி/#/H1246 - בּקּשׁה - baqqâshâh - bak-kaw-shaw'/1246\">H1246</a>, <a href=\"https://wordofgod.in/bibledictionary/ஸ்ட்ராங்க்ஸ்-எபிரேய-அகராதி/#/H1248 - בּר - bar - bar/1248\">H1248</a>"}]}