{"word":"H1313 - בּשׂם - bâśâm - baw-sawm'","sections":[{"paragraph":""},{"paragraph":"Original: בּשׂם"},{"paragraph":"Transliteration: bâśâm"},{"paragraph":"Phonetic: baw-sawm'"},{"paragraph":""},{"paragraph":"கந்தவர்க்கம் - ஆ.பெ.சொ."},{"paragraph":""},{"paragraph":"spice, balsam, sweet, sweet smell, sweet odor"},{"paragraph":""},{"paragraph":"Cognate: <a href=\"https://wordofgod.in/bibledictionary/ஸ்ட்ராங்க்ஸ்-எபிரேய-அகராதி/#/H1313 - בּשׂם - bâśâm - baw-sawm'/1313\">H1313</a>, <a href=\"https://wordofgod.in/bibledictionary/ஸ்ட்ராங்க்ஸ்-எபிரேய-அகராதி/#/H1314 - בּשׂם בּשׂם - beśem bôśem - beh'-sem/1314\">H1314</a>, <a href=\"https://wordofgod.in/bibledictionary/ஸ்ட்ராங்க்ஸ்-எபிரேய-அகராதி/#/H1315 - בּשׂמת - bośmath - bos-math'/1315\">H1315</a>, <a href=\"https://wordofgod.in/bibledictionary/ஸ்ட்ராங்க்ஸ்-எபிரேய-அகராதி/#/H3005 - יבשׂם - yibśâm - yib-sawm'/3005\">H3005</a>, <a href=\"https://wordofgod.in/bibledictionary/ஸ்ட்ராங்க்ஸ்-எபிரேய-அகராதி/#/H4017 - מבשׂם - mibśâm - mib-sawm'/4017\">H4017</a>"}]}