{"word":"H1269 - בּרזות - birzôth - beer-zoth'","sections":[{"paragraph":""},{"paragraph":"Original: בּרזות"},{"paragraph":"Transliteration: birzôth"},{"paragraph":"Phonetic: beer-zoth'"},{"paragraph":""},{"paragraph":"பிர்சாவீத் - ஆண்பால் பெயர்ச்சொல் \"பாரபட்சம்\""},{"paragraph":""},{"paragraph":"Birzavithor Birzath = \"in leanness: choice olive\""},{"paragraph":""},{"paragraph":"ஆசேரின் சந்ததியான்"},{"paragraph":""},{"paragraph":"Cognate: <a href=\"https://wordofgod.in/bibledictionary/ஸ்ட்ராங்க்ஸ்-எபிரேய-அகராதி/#/H1269 - בּרזות - birzôth - beer-zoth'/1269\">H1269</a>, <a href=\"https://wordofgod.in/bibledictionary/ஸ்ட்ராங்க்ஸ்-எபிரேய-அகராதி/#/H1270 - בּרזל - barzel - bar-zel'/1270\">H1270</a>, <a href=\"https://wordofgod.in/bibledictionary/ஸ்ட்ராங்க்ஸ்-எபிரேய-அகராதி/#/H1271 - בּרזלּי - barzillay - bar-zil-lah'-ee/1271\">H1271</a>"}]}