{"word":"H108 - אד - 'êd - ade","sections":[{"paragraph":""},{"paragraph":"Original: אד"},{"paragraph":"Transliteration: 'êd"},{"paragraph":"Phonetic: ade"},{"paragraph":""},{"paragraph":"மூடுபனி, நீர்த்துளி - ஆ.பெ.சொ."},{"paragraph":""},{"paragraph":"mist"},{"paragraph":""},{"paragraph":"Cognate: <a href=\"https://wordofgod.in/bibledictionary/ஸ்ட்ராங்க்ஸ்-எபிரேய-அகராதி/#/H108 - אד - 'êd - ade/1088\">H108</a>, <a href=\"https://wordofgod.in/bibledictionary/ஸ்ட்ராங்க்ஸ்-எபிரேய-அகராதி/#/H181 - אוּד - 'ûd - ood/1813\">H181</a>, <a href=\"https://wordofgod.in/bibledictionary/ஸ்ட்ராங்க்ஸ்-எபிரேய-அகராதி/#/H182 - אדות אודות - 'ôdôth 'ôdôth - o-doth'/1825\">H182</a>, <a href=\"https://wordofgod.in/bibledictionary/ஸ்ட்ராங்க்ஸ்-எபிரேய-அகராதி/#/H343 - איד - 'êyd - ade/3437\">H343</a>"}]}