{"word":"H1361 - גּבהּ - gâbahh - gaw-bah'","sections":[{"paragraph":""},{"paragraph":"Original: גּבהּ"},{"paragraph":"Transliteration: gâbahh"},{"paragraph":"Phonetic: gaw-bah'"},{"paragraph":""},{"paragraph":"வினைச்சொல் - உயர், உயரமாயிரு, உயர்த்து, மேட்டிமையாயிரு, உயர்ந்திரு. அகந்தையாயிரு. பெருமையாயிரு, இறுமாப்பு, பெரிதாயிரு, மேன்மையாயிரு, மேட்டிமை கொள்"},{"paragraph":""},{"paragraph":"to be high, to be exalted"},{"paragraph":"a) (Qal)"},{"paragraph":"1) to be high, to be lofty, to be tall"},{"paragraph":"2) to be exalted"},{"paragraph":"3) to be lofty"},{"paragraph":"a) to be lofty (used of Jehovah's) (Yahweh's) ways, good sense)"},{"paragraph":"b) to be haughty, to be arrogant (bad sense)"},{"paragraph":""},{"paragraph":"Cognate: <a href=\"https://wordofgod.in/bibledictionary/ஸ்ட்ராங்க்ஸ்-எபிரேய-அகராதி/#/H1361 - גּבהּ - gâbahh - gaw-bah'/1361\">H1361</a>, <a href=\"https://wordofgod.in/bibledictionary/ஸ்ட்ராங்க்ஸ்-எபிரேய-அகராதி/#/H1362 - גּבהּ - gâbâhh - gaw-bawh'/1362\">H1362</a>, <a href=\"https://wordofgod.in/bibledictionary/ஸ்ட்ராங்க்ஸ்-எபிரேய-அகராதி/#/H1363 - גּבהּ - gôbahh - go'-bah/1363\">H1363</a>, <a href=\"https://wordofgod.in/bibledictionary/ஸ்ட்ராங்க்ஸ்-எபிரேய-அகராதி/#/H1364 - גּבוהּ גּבהּ - gâbôhha gâbôhha - gaw-bo'-ah/1364\">H1364</a>, <a href=\"https://wordofgod.in/bibledictionary/ஸ்ட்ராங்க்ஸ்-எபிரேய-அகராதி/#/H1365 - גּבהוּת - gabhûth - gab-hooth'/1365\">H1365</a>, <a href=\"https://wordofgod.in/bibledictionary/ஸ்ட்ராங்க்ஸ்-எபிரேய-அகராதி/#/H3011 - יגבּהה - yogbehâh - yog-beh-haw'/3011\">H3011</a>"}]}