{"word":"H1446 - גּדור גּדר - gedôr gedôr - ghed-ore'","sections":[{"paragraph":""},{"paragraph":"Original: גּדור גּדר"},{"paragraph":"Transliteration: gedôr gedôr"},{"paragraph":"Phonetic: ghed-ore'"},{"paragraph":""},{"paragraph":"கெதோர் - ஆண்பால் பெயர்ச்சொல்"},{"paragraph":"சுவர்\""},{"paragraph":""},{"paragraph":"Gedor = \"wall\""},{"paragraph":""},{"paragraph":"1. பெனுவேலின் குமாரன்"},{"paragraph":"2. ஏரேதின் குமாரன்"},{"paragraph":"3. கிபியோனிலுள்ள பென்யமீன் கோத்திரத்தான்"},{"paragraph":"4. எபிரோனுக்கு வடபகுதியிலுள்ள மலைப் பிரதேசங்களில் அமைந்துள்ள பட்டணம்"},{"paragraph":""},{"paragraph":"Cognate: <a href=\"https://wordofgod.in/bibledictionary/ஸ்ட்ராங்க்ஸ்-எபிரேய-அகராதி/#/H1443 - גּדר - gâdar - gaw-dar'/1443\">H1443</a>, <a href=\"https://wordofgod.in/bibledictionary/ஸ்ட்ராங்க்ஸ்-எபிரேய-அகராதி/#/H1444 - גּדר - geder - gheh'-der/1444\">H1444</a>, <a href=\"https://wordofgod.in/bibledictionary/ஸ்ட்ராங்க்ஸ்-எபிரேய-அகராதி/#/H1445 - גּדר - geder - gheh'-der/1445\">H1445</a>, <a href=\"https://wordofgod.in/bibledictionary/ஸ்ட்ராங்க்ஸ்-எபிரேய-அகராதி/#/H1446 - גּדור גּדר - gedôr gedôr - ghed-ore'/1446\">H1446</a>, <a href=\"https://wordofgod.in/bibledictionary/ஸ்ட்ராங்க்ஸ்-எபிரேய-அகராதி/#/H1447 - גּדר - gâdêr - gaw-dare'/1447\">H1447</a>, <a href=\"https://wordofgod.in/bibledictionary/ஸ்ட்ராங்க்ஸ்-எபிரேய-அகராதி/#/H1448 - גּדרה - gedêrâh - ghed-ay-raw'/1448\">H1448</a>, <a href=\"https://wordofgod.in/bibledictionary/ஸ்ட்ராங்க்ஸ்-எபிரேய-அகராதி/#/H1449 - גּדרה - gedêrâh - ghed-ay-raw'/1449\">H1449</a>, <a href=\"https://wordofgod.in/bibledictionary/ஸ்ட்ராங்க்ஸ்-எபிரேய-அகராதி/#/H1450 - גּדרות - gedêrôth - ghed-ay-rohth'/1450\">H1450</a>, <a href=\"https://wordofgod.in/bibledictionary/ஸ்ட்ராங்க்ஸ்-எபிரேய-அகராதி/#/H1451 - גּדרי - gedêrı̂y - ghed-ay-ree'/1451\">H1451</a>, <a href=\"https://wordofgod.in/bibledictionary/ஸ்ட்ராங்க்ஸ்-எபிரேய-அகராதி/#/H1452 - גּדרתי - gedêrâthı̂y - ghed-ay-raw-thee'/1452\">H1452</a>, <a href=\"https://wordofgod.in/bibledictionary/ஸ்ட்ராங்க்ஸ்-எபிரேய-அகராதி/#/H1453 - גּדרתים - gedêrôthayim - ghed-ay-ro-thah'-yim/1453\">H1453</a>"}]}