{"word":"H1058 - בּכה - bâkâh - baw-kaw'","sections":[{"paragraph":""},{"paragraph":"Original: בּכה"},{"paragraph":"Transliteration: bâkâh"},{"paragraph":"Phonetic: baw-kaw'"},{"paragraph":""},{"paragraph":"வினைச்சொல் - அழு, துக்கங்கொண்டாடு, புலம்பு"},{"paragraph":""},{"paragraph":"to weep, to bewail, to cry, to shed tears"},{"paragraph":"a) (Qal)"},{"paragraph":"1) to weep (in grief, humiliation, or joy)"},{"paragraph":"2) to weep bitterly (with cognate acc.)"},{"paragraph":"3) to weep upon (to em brace and weep)"},{"paragraph":"4) to bewail"},{"paragraph":"b) (Piel) participle"},{"paragraph":"1) lamenting"},{"paragraph":"2) bewailing"},{"paragraph":""},{"paragraph":"Cognate: <a href=\"https://wordofgod.in/bibledictionary/ஸ்ட்ராங்க்ஸ்-எபிரேய-அகராதி/#/H1058 - בּכה - bâkâh - baw-kaw'/1058\">H1058</a>, <a href=\"https://wordofgod.in/bibledictionary/ஸ்ட்ராங்க்ஸ்-எபிரேய-அகராதி/#/H1059 - בּכה - bekeh - beh'-keh/1059\">H1059</a>, <a href=\"https://wordofgod.in/bibledictionary/ஸ்ட்ராங்க்ஸ்-எபிரேய-அகராதி/#/H1065 - בּכי - bekı̂y - bek-ee'/1065\">H1065</a>, <a href=\"https://wordofgod.in/bibledictionary/ஸ்ட்ராங்க்ஸ்-எபிரேய-அகராதி/#/H1066 - בּכים - bôkkı̂ym - bo-keem'/1066\">H1066</a>, <a href=\"https://wordofgod.in/bibledictionary/ஸ்ட்ராங்க்ஸ்-எபிரேய-அகராதி/#/H1068 - בּכית - bekı̂yth - bek-eeth'/1068\">H1068</a>, <a href=\"https://wordofgod.in/bibledictionary/ஸ்ட்ராங்க்ஸ்-எபிரேய-அகராதி/#/H439 - אלּון בּכוּת - 'allôn bâkûth - al-lone' baw-kooth'/4390\">H439</a>"}]}