{"word":"H1205 - בּעתה - be‛âthâh - beh-aw-thaw'","sections":[{"paragraph":""},{"paragraph":"Original: בּעתה"},{"paragraph":"Transliteration: be‛âthâh"},{"paragraph":"Phonetic: beh-aw-thaw'"},{"paragraph":""},{"paragraph":"ஆபத்து - பெபெ.சொ."},{"paragraph":""},{"paragraph":"terror, dismay"},{"paragraph":""},{"paragraph":"Cognate: <a href=\"https://wordofgod.in/bibledictionary/ஸ்ட்ராங்க்ஸ்-எபிரேய-அகராதி/#/H1161 - בּעוּתים - bi‛ûthı̂ym - be-oo-theme'/1161\">H1161</a>, <a href=\"https://wordofgod.in/bibledictionary/ஸ்ட்ராங்க்ஸ்-எபிரேய-அகராதி/#/H1204 - בּעת - bâ‛ath - baw-ath'/1204\">H1204</a>, <a href=\"https://wordofgod.in/bibledictionary/ஸ்ட்ராங்க்ஸ்-எபிரேய-அகராதி/#/H1205 - בּעתה - be‛âthâh - beh-aw-thaw'/1205\">H1205</a>, <a href=\"https://wordofgod.in/bibledictionary/ஸ்ட்ராங்க்ஸ்-எபிரேய-அகராதி/#/H1209 - בּצי - bêtsay - bay-tsah'-ee/1209\">H1209</a>"}]}