{"word":"H1278 - בּריאה - berı̂y'âh - ber-ee-aw'","sections":[{"paragraph":""},{"paragraph":"Original: בּריאה"},{"paragraph":"Transliteration: berı̂y'âh"},{"paragraph":"Phonetic: ber-ee-aw'"},{"paragraph":""},{"paragraph":"புதிய காரியம் - பெ.பெ.சொ."},{"paragraph":""},{"paragraph":"a creation, a created thing, a new thing, a marvel"},{"paragraph":""},{"paragraph":"Cognate: <a href=\"https://wordofgod.in/bibledictionary/ஸ்ட்ராங்க்ஸ்-எபிரேய-அகராதி/#/H1254 - בּרא - bârâ' - baw-raw'/1254\">H1254</a>, <a href=\"https://wordofgod.in/bibledictionary/ஸ்ட்ராங்க்ஸ்-எபிரேய-அகராதி/#/H1256 - בּראיה - berâ'yâh - ber-aw-yaw'/1256\">H1256</a>, <a href=\"https://wordofgod.in/bibledictionary/ஸ்ட்ராங்க்ஸ்-எபிரேய-அகராதி/#/H1278 - בּריאה - berı̂y'âh - ber-ee-aw'/1278\">H1278</a>"}]}