{"word":"H1342 - גּאה - gâ'âh - gaw-aw'","sections":[{"paragraph":""},{"paragraph":"Original: גּאה"},{"paragraph":"Transliteration: gâ'âh"},{"paragraph":"Phonetic: gaw-aw'"},{"paragraph":""},{"paragraph":"வினைச்சொல் - மகிமையாயிரு, ஆழமாயிரு, வல்லமையாயிரு, வளர்"},{"paragraph":""},{"paragraph":"to rise up, to grow up, to be exalted in triumph (Qal)"},{"paragraph":"1) to rise up"},{"paragraph":"2) to grow up"},{"paragraph":"3) to be lifted up, to be raised up, to be exalted"},{"paragraph":""},{"paragraph":"Cognate: <a href=\"https://wordofgod.in/bibledictionary/ஸ்ட்ராங்க்ஸ்-எபிரேய-அகராதி/#/H1341 - גּא - gê' - gay'/1341\">H1341</a>, <a href=\"https://wordofgod.in/bibledictionary/ஸ்ட்ராங்க்ஸ்-எபிரேய-அகராதி/#/H1342 - גּאה - gâ'âh - gaw-aw'/1342\">H1342</a>, <a href=\"https://wordofgod.in/bibledictionary/ஸ்ட்ராங்க்ஸ்-எபிரேய-அகராதி/#/H1343 - גּאה - ge'eh - gay-eh'/1343\">H1343</a>, <a href=\"https://wordofgod.in/bibledictionary/ஸ்ட்ராங்க்ஸ்-எபிரேய-அகராதி/#/H1344 - גּאה - gê'âh - gay-aw'/1344\">H1344</a>, <a href=\"https://wordofgod.in/bibledictionary/ஸ்ட்ராங்க்ஸ்-எபிரேய-அகராதி/#/H1345 - גּאוּאל - ge'û'êl - gheh-oo-ale'/1345\">H1345</a>, <a href=\"https://wordofgod.in/bibledictionary/ஸ்ட்ராங்க்ஸ்-எபிரேய-அகராதி/#/H1346 - גּאוה - ga'ăvâh - gah-av-aw'/1346\">H1346</a>, <a href=\"https://wordofgod.in/bibledictionary/ஸ்ட்ராங்க்ஸ்-எபிரேய-அகராதி/#/H1347 - גּאון - gâ'ôn - gaw-ohn'/1347\">H1347</a>, <a href=\"https://wordofgod.in/bibledictionary/ஸ்ட்ராங்க்ஸ்-எபிரேய-அகராதி/#/H1348 - גּאוּת - gê'ûth - gay-ooth'/1348\">H1348</a>, <a href=\"https://wordofgod.in/bibledictionary/ஸ்ட்ராங்க்ஸ்-எபிரேய-அகராதி/#/H1349 - גּאיון - ga'ăyôn - gah-ah-yone'/1349\">H1349</a>, <a href=\"https://wordofgod.in/bibledictionary/ஸ்ட்ராங்க்ஸ்-எபிரேய-அகராதி/#/H1466 - גּוה - gêvâh - gay-vaw'/1466\">H1466</a>"}]}