{"word":"H1328 - בּתוּאל - bethû'êl - beth-oo-ale'","sections":[{"paragraph":""},{"paragraph":"Original: בּתוּאל"},{"paragraph":"Transliteration: bethû'êl"},{"paragraph":"Phonetic: beth-oo-ale'"},{"paragraph":""},{"paragraph":"பெத்தூவேல் - ஆண்பால் பெயர்ச்சொல்"},{"paragraph":""},{"paragraph":"\"தேவ (எல்) மனுஷன்\" \"தேவன் அழிக்கிறார்\" \"தேவனில் வாசம் பண்ணுகிறவன்\""},{"paragraph":""},{"paragraph":"Bethuel = \"God destroys\" or \"man of God\" or \"dweller in God\""},{"paragraph":""},{"paragraph":"1. ஆபிரகாமின் உறவினன் நாகோரின் குமாரன்"},{"paragraph":"2. சிமியோனிலுள்ள பட்டணம்"},{"paragraph":""},{"paragraph":"Cognate: <a href=\"https://wordofgod.in/bibledictionary/ஸ்ட்ராங்க்ஸ்-எபிரேய-அகராதி/#/H1318 - בּשׁס - bâshas - baw-shas'/1318\">H1318</a>, <a href=\"https://wordofgod.in/bibledictionary/ஸ்ட்ராங்க்ஸ்-எபிரேய-அகராதி/#/H1328 - בּתוּאל - bethû'êl - beth-oo-ale'/1328\">H1328</a>, <a href=\"https://wordofgod.in/bibledictionary/ஸ்ட்ராங்க்ஸ்-எபிரேய-அகராதி/#/H1329 - בּתוּל - bethûl - beth-ool'/1329\">H1329</a>"}]}