{"word":"H1285 - בּרית - berı̂yth - ber-eeth'","sections":[{"paragraph":""},{"paragraph":"Original: בּרית"},{"paragraph":"Transliteration: berı̂yth"},{"paragraph":"Phonetic: ber-eeth'"},{"paragraph":""},{"paragraph":"உடன்படிக்கை, ஆணை, ஏற்பாடு, ஒப்பந்தம் - பெபெ.சொ."},{"paragraph":"1. உடன்படிக்கை (covenant, alliance, pledge)"},{"paragraph":"(1) மனுஷருக்கு இடையே (between men)"},{"paragraph":"(அ) ஒப்பந்தம் - மனுஷருக்கிடையே (a treaty, an alliance, a league) (man to man)"},{"paragraph":"(ஆ) சட்டதிட்டங்கள் - அரசன் தன் குடிமக்களோடு (a constitution, an ordinance) (monarch to subjects)"},{"paragraph":"(இ) சம்பந்தம் - மனுஷருக்கிடையே (an agreement, a pledge) (man to man)"},{"paragraph":"(ஈ) நட்பின் உடன்படிக்கை (an alliance) (used of friendship)"},{"paragraph":"(உ) விவாக உடன்படிக்கை (an alliance) (used of marriage)"},{"paragraph":"(2) தேவனுக்கும் மனுஷனுக்கும் இடையே (between God and man)"},{"paragraph":"(1) நட்பின் உடன்படிக்கை (an alliance) (used of friendship)"},{"paragraph":"(2) தெய்வீக உடன்படிக்கை - அடையாளங்களாலும், அற்புதங்களாலும் உறுதிபண்ணப்படும்‌ (a covenant) (divine ordinance with signs or pledges)"},{"paragraph":"2. உடன்படிக்கையோடு தொடர்புடைய வாக்கியங்கள்"},{"paragraph":"(1) உடன்படிக்கை பண்ணுதல்"},{"paragraph":"(2) உடன்படிக்கையைக் காத்துக் கொள்ளுதல்"},{"paragraph":"(3) உடன்படிக்கையை மீறுதல்"}]}