{"word":"H1239 - בּקר - bâqar - baw-kar","sections":[{"paragraph":""},{"paragraph":"Original: בּקר"},{"paragraph":"Transliteration: bâqar"},{"paragraph":"Phonetic: baw-kar"},{"paragraph":""},{"paragraph":"வினைச்சொல் - தேடு, கேள், ஆராய்ச்சி செய், போசி, விசாரி, தேடிப்பார், தேடிக்கொண்டிரு,பார்"},{"paragraph":""},{"paragraph":"to seek, to enquire, to consider (Piel)"},{"paragraph":"1) to seek, to look for"},{"paragraph":"2) to consider, to reflect"},{"paragraph":""},{"paragraph":"Cognate: <a href=\"https://wordofgod.in/bibledictionary/ஸ்ட்ராங்க்ஸ்-எபிரேய-அகராதி/#/H1239 - בּקר - bâqar - baw-kar/1239\">H1239</a>, <a href=\"https://wordofgod.in/bibledictionary/ஸ்ட்ராங்க்ஸ்-எபிரேய-அகராதி/#/H1241 - בּקר - bâqâr - baw-kawr'/1241\">H1241</a>, <a href=\"https://wordofgod.in/bibledictionary/ஸ்ட்ராங்க்ஸ்-எபிரேய-அகராதி/#/H1242 - בּקר - bôqer - bo'-ker/1242\">H1242</a>, <a href=\"https://wordofgod.in/bibledictionary/ஸ்ட்ராங்க்ஸ்-எபிரேய-அகராதி/#/H1243 - בּקּרה - baqqârâh - bak-kaw-raw'/1243\">H1243</a>, <a href=\"https://wordofgod.in/bibledictionary/ஸ்ட்ராங்க்ஸ்-எபிரேய-அகராதி/#/H1244 - בּקּרת - biqqôreth - bik-ko-reth/1244\">H1244</a>, <a href=\"https://wordofgod.in/bibledictionary/ஸ்ட்ராங்க்ஸ்-எபிரேய-அகராதி/#/H951 - בּוקר - bôqêr - bo-kare'/951\">H951</a>"}]}