{"word":"H1246 - בּקּשׁה - baqqâshâh - bak-kaw-shaw'","sections":[{"paragraph":""},{"paragraph":"Original: בּקּשׁה"},{"paragraph":"Transliteration: baqqâshâh"},{"paragraph":"Phonetic: bak-kaw-shaw'"},{"paragraph":""},{"paragraph":"கேட்டல், விண்ணப்பம். மன்றாட்டு - ஆண்பால் பெயர்ச்சொல்"},{"paragraph":""},{"paragraph":"a request, an entreaty, a petition"},{"paragraph":""},{"paragraph":"Cognate: <a href=\"https://wordofgod.in/bibledictionary/ஸ்ட்ராங்க்ஸ்-எபிரேய-அகராதி/#/H1245 - בּקשׁ - bâqash - baw-kash'/1245\">H1245</a>, <a href=\"https://wordofgod.in/bibledictionary/ஸ்ட்ராங்க்ஸ்-எபிரேய-அகராதி/#/H1246 - בּקּשׁה - baqqâshâh - bak-kaw-shaw'/1246\">H1246</a>, <a href=\"https://wordofgod.in/bibledictionary/ஸ்ட்ராங்க்ஸ்-எபிரேய-அகராதி/#/H1248 - בּר - bar - bar/1248\">H1248</a>"}]}