{"word":"H1227 - בּקבּוּק - baqbûq - bak-book'","sections":[{"paragraph":""},{"paragraph":"Original: בּקבּוּק"},{"paragraph":"Transliteration: baqbûq"},{"paragraph":"Phonetic: bak-book'"},{"paragraph":""},{"paragraph":"பக்பூக் - ஆபெசொ."},{"paragraph":""},{"paragraph":"Bakbuk = \"\" \"bottle\""},{"paragraph":""},{"paragraph":"செருபாபேலோடு - சிறையிருப்பிலிருந்து திரும்பி வந்த குடும்பத்தின் தலைவன் தேவாலயத்தில் அமஞ்சி வேலை செய்தவர்கள்"},{"paragraph":""},{"paragraph":"Cognate: <a href=\"https://wordofgod.in/bibledictionary/ஸ்ட்ராங்க்ஸ்-எபிரேய-அகராதி/#/H1227 - בּקבּוּק - baqbûq - bak-book'/1227\">H1227</a>, <a href=\"https://wordofgod.in/bibledictionary/ஸ்ட்ராங்க்ஸ்-எபிரேய-அகராதி/#/H1228 - בּקבּק - baqbûq - bak-book'/1228\">H1228</a>, <a href=\"https://wordofgod.in/bibledictionary/ஸ்ட்ராங்க்ஸ்-எபிரேய-அகராதி/#/H1229 - בּקבּקיה - baqbûqyâh - bak-book-yaw'/1229\">H1229</a>, <a href=\"https://wordofgod.in/bibledictionary/ஸ்ட்ராங்க்ஸ்-எபிரேய-அகராதி/#/H1238 - בּקק - bâqaq - baw-kah'/1238\">H1238</a>, <a href=\"https://wordofgod.in/bibledictionary/ஸ்ட்ராங்க்ஸ்-எபிரேய-அகராதி/#/H2999 - יבּק - yabbôq - yab-boke'/2999\">H2999</a>"}]}