{"word":"H1154 - בּסר - beser - beh'-ser","sections":[{"paragraph":""},{"paragraph":"Original: בּסר"},{"paragraph":"Transliteration: beser"},{"paragraph":"Phonetic: beh'-ser"},{"paragraph":""},{"paragraph":"பிஞ்சுகள் உதிர்ந்து போகிற திராட்சை, திராட்சக் காய் - ஆபெசொ."},{"paragraph":""},{"paragraph":"unripe (sour) grapes"},{"paragraph":""},{"paragraph":"Cognate: <a href=\"https://wordofgod.in/bibledictionary/ஸ்ட்ராங்க்ஸ்-எபிரேய-அகராதி/#/H1154 - בּסר - beser - beh'-ser/1154\">H1154</a>, <a href=\"https://wordofgod.in/bibledictionary/ஸ்ட்ராங்க்ஸ்-எபிரேய-அகராதி/#/H1155 - בּסר - bôser - bo'ser/1155\">H1155</a>"}]}