{"word":"H1357 - גּב - gêb - gabe","sections":[{"paragraph":""},{"paragraph":"Original: גּב"},{"paragraph":"Transliteration: gêb"},{"paragraph":"Phonetic: gabe"},{"paragraph":""},{"paragraph":"வெட்டுக்கிளி - ஆ.பெசொ."},{"paragraph":""},{"paragraph":"locust"},{"paragraph":""},{"paragraph":"Cognate: <a href=\"https://wordofgod.in/bibledictionary/ஸ்ட்ராங்க்ஸ்-எபிரேய-அகராதி/#/H1357 - גּב - gêb - gabe/1357\">H1357</a>, <a href=\"https://wordofgod.in/bibledictionary/ஸ்ட்ராங்க்ஸ்-எபிரேய-அகராதி/#/H1462 - גּוב - gôb - gobe/1462\">H1462</a>"}]}