{"word":"H1358 - גּב - gôb - gobe","sections":[{"paragraph":""},{"paragraph":"Original: גּב"},{"paragraph":"Transliteration: gôb"},{"paragraph":"Phonetic: gobe"},{"paragraph":""},{"paragraph":"பாபிலோன் நாட்டின் மொழி மரபு கெபி - ஆண்பால் பெயர்ச்சொல்"},{"paragraph":""},{"paragraph":"a pit, a den (of lions)"},{"paragraph":""},{"paragraph":"Cognate: <a href=\"https://wordofgod.in/bibledictionary/ஸ்ட்ராங்க்ஸ்-எபிரேய-அகராதி/#/H1355 - גּב - gab - gab/1355\">H1355</a>, <a href=\"https://wordofgod.in/bibledictionary/ஸ்ட்ராங்க்ஸ்-எபிரேய-அகராதி/#/H1358 - גּב - gôb - gobe/1358\">H1358</a>, <a href=\"https://wordofgod.in/bibledictionary/ஸ்ட்ராங்க்ஸ்-எபிரேய-அகராதி/#/H1467 - גּוה - gêvâh - gay-vaw'/1467\">H1467</a>"}]}