{"word":"H1374 - גּבים - gêbı̂ym - gay-beem'","sections":[{"paragraph":""},{"paragraph":"Original: גּבים"},{"paragraph":"Transliteration: gêbı̂ym"},{"paragraph":"Phonetic: gay-beem'"},{"paragraph":""},{"paragraph":"கேபிம் - ஓர் இடத்தின் பெயர்"},{"paragraph":"குழிகள்"},{"paragraph":""},{"paragraph":"Gebim = \"cisterns\""},{"paragraph":""},{"paragraph":"எருசலேமிற்கு வடக்கிலுள்ள கிராமம்"},{"paragraph":""},{"paragraph":"Cognate: <a href=\"https://wordofgod.in/bibledictionary/ஸ்ட்ராங்க்ஸ்-எபிரேய-அகராதி/#/H1356 - גּב - gêb - gabe/1356\">H1356</a>, <a href=\"https://wordofgod.in/bibledictionary/ஸ்ட்ராங்க்ஸ்-எபிரேய-அகராதி/#/H1374 - גּבים - gêbı̂ym - gay-beem'/1374\">H1374</a>, <a href=\"https://wordofgod.in/bibledictionary/ஸ்ட்ராங்க்ஸ்-எபிரேய-அகராதி/#/H1461 - גּוּב - gûb - goob/1461\">H1461</a>, <a href=\"https://wordofgod.in/bibledictionary/ஸ்ட்ராங்க்ஸ்-எபிரேய-அகராதி/#/H1463 - גּוג - gôg - gohg/1463\">H1463</a>, <a href=\"https://wordofgod.in/bibledictionary/ஸ்ட்ராங்க்ஸ்-எபிரேய-அகராதி/#/H4031 - מגוג - mâgôg - maw-gogue'/4031\">H4031</a>"}]}