{"word":"H1291 - בּרך - berek - beh'-rek","sections":[{"paragraph":""},{"paragraph":"Original: בּרך"},{"paragraph":"Transliteration: berek"},{"paragraph":"Phonetic: beh'-rek"},{"paragraph":""},{"paragraph":"முழங்கால் - பெபெ.சொ."},{"paragraph":""},{"paragraph":"a knee"},{"paragraph":""},{"paragraph":"Cognate: <a href=\"https://wordofgod.in/bibledictionary/ஸ்ட்ராங்க்ஸ்-எபிரேய-அகராதி/#/H1289 - בּרך - berak - ber-ak'/1289\">H1289</a>, <a href=\"https://wordofgod.in/bibledictionary/ஸ்ட்ராங்க்ஸ்-எபிரேய-அகராதி/#/H1291 - בּרך - berek - beh'-rek/1291\">H1291</a>, <a href=\"https://wordofgod.in/bibledictionary/ஸ்ட்ராங்க்ஸ்-எபிரேய-அகராதி/#/H755 - ארכבה - 'arkûbâh - ar-koo-baw'/7552\">H755</a>"}]}