{"word":"H1294 - בּרכה - berâkâh - ber-aw-kaw'","sections":[{"paragraph":""},{"paragraph":"Original: בּרכה"},{"paragraph":"Transliteration: berâkâh"},{"paragraph":"Phonetic: ber-aw-kaw'"},{"paragraph":""},{"paragraph":"பெராக்கா - ஓர் இடத்தின் பெயர்"},{"paragraph":"ஆசீர்வாதம்"},{"paragraph":""},{"paragraph":"Berachah = \"blessing\""},{"paragraph":""},{"paragraph":"1. பென்யமீன் கோத்திரத்தான் - தாவீதின் யுத்த வீரர்களில் ஒருவன்"},{"paragraph":"2. வனாந்தரத்தில் தெக்கோவாவிற்கு அருகிலுள்ள பள்ளத்தாக்கு - மோவாபியரின் சேனையை முறியடித்த பின்பு யோசபாத்தும், அவருடைய ஜனங்களும் இந்த இடத்தில் கூடிவந்து கர்த்தரைத் துதித்தார்கள்."},{"paragraph":""},{"paragraph":"Cognate: <a href=\"https://wordofgod.in/bibledictionary/ஸ்ட்ராங்க்ஸ்-எபிரேய-அகராதி/#/H1263 - בּרוּך - bârûk - baw-rook'/1263\">H1263</a>, <a href=\"https://wordofgod.in/bibledictionary/ஸ்ட்ராங்க்ஸ்-எபிரேய-அகராதி/#/H1288 - בּרך - bârak - baw-rak'/1288\">H1288</a>, <a href=\"https://wordofgod.in/bibledictionary/ஸ்ட்ராங்க்ஸ்-எபிரேய-அகராதி/#/H1290 - בּרך - berek - beh'-rek/1290\">H1290</a>, <a href=\"https://wordofgod.in/bibledictionary/ஸ்ட்ராங்க்ஸ்-எபிரேய-அகராதி/#/H1292 - בּרכאל - bârak'êl - baw-rak-ale'/1292\">H1292</a>, <a href=\"https://wordofgod.in/bibledictionary/ஸ்ட்ராங்க்ஸ்-எபிரேய-அகராதி/#/H1293 - בּרכה - berâkâh - ber-aw-kaw'/1293\">H1293</a>, <a href=\"https://wordofgod.in/bibledictionary/ஸ்ட்ராங்க்ஸ்-எபிரேய-அகராதி/#/H1294 - בּרכה - berâkâh - ber-aw-kaw'/1294\">H1294</a>, <a href=\"https://wordofgod.in/bibledictionary/ஸ்ட்ராங்க்ஸ்-எபிரேய-அகராதி/#/H1295 - בּרכה - berêkâh - ber-ay-kaw'/1295\">H1295</a>, <a href=\"https://wordofgod.in/bibledictionary/ஸ்ட்ராங்க்ஸ்-எபிரேய-அகராதி/#/H1296 - בּרכיהוּ בּרכיה - berekyâh berekyâhû - beh-rek-yaw'/1296\">H1296</a>, <a href=\"https://wordofgod.in/bibledictionary/ஸ்ட்ராங்க்ஸ்-எபிரேய-அகராதி/#/H3000 - יברכיהוּ - yeberekyâhû - yeb-eh-rek-yaw'-hoo/3000\">H3000</a>"}]}