{"word":"H100 - אגמון - 'agmôn - ag-mone'","sections":[{"paragraph":""},{"paragraph":"Original: אגמון"},{"paragraph":"Transliteration: 'agmôn"},{"paragraph":"Phonetic: ag-mone'"},{"paragraph":""},{"paragraph":"நாணல், நார்க்கயிறு, கொப்பரை - ஆ.பெசொ."},{"paragraph":""},{"paragraph":"1. நாணல் கயிறு (a rush, a bulrush)"},{"paragraph":"2. வருத்தம் (sad, drooping)"},{"paragraph":""},{"paragraph":"Cognate: <a href=\"https://wordofgod.in/bibledictionary/ஸ்ட்ராங்க்ஸ்-எபிரேய-அகராதி/#/H100 - אגמון - 'agmôn - ag-mone'/1001\">H100</a>, <a href=\"https://wordofgod.in/bibledictionary/ஸ்ட்ராங்க்ஸ்-எபிரேய-அகராதி/#/H98 - אגם - 'ăgam - ag-am'/981\">H98</a>, <a href=\"https://wordofgod.in/bibledictionary/ஸ்ட்ராங்க்ஸ்-எபிரேய-அகராதி/#/H99 - אגם - 'âgêm - aw-game'/990\">H99</a>"}]}