{"word":"H1117 - בּמה - bâmâh - baw-maw'","sections":[{"paragraph":""},{"paragraph":"Original: בּמה"},{"paragraph":"Transliteration: bâmâh"},{"paragraph":"Phonetic: baw-maw'"},{"paragraph":""},{"paragraph":"பாமா - ஓர் இடத்தின் பெயர்"},{"paragraph":"உயர்ந்த ஸ்தானம்"},{"paragraph":""},{"paragraph":"Bamah = \"high place\""},{"paragraph":""},{"paragraph":"பாலஸ்தீன தேசத்திலுள்ள ஒரிடம் - இது விக்கிரகாராதனைக்குக் பயன்படுத்தப் பட்டது."},{"paragraph":""},{"paragraph":"Cognate: <a href=\"https://wordofgod.in/bibledictionary/ஸ்ட்ராங்க்ஸ்-எபிரேய-அகராதி/#/H1110 - בּלק - bâlaq - baw-lak'/1110\">H1110</a>, <a href=\"https://wordofgod.in/bibledictionary/ஸ்ட்ராங்க்ஸ்-எபிரேய-அகராதி/#/H1111 - בּלק - bâlâq - baw-lawk'/1111\">H1111</a>, <a href=\"https://wordofgod.in/bibledictionary/ஸ்ட்ராங்க்ஸ்-எபிரேய-அகராதி/#/H1114 - בּלשׁן - bilshân - bil-shawn'/1114\">H1114</a>, <a href=\"https://wordofgod.in/bibledictionary/ஸ்ட்ராங்க்ஸ்-எபிரேய-அகராதி/#/H1116 - בּמה - bâmâh - bam-maw'/1116\">H1116</a>, <a href=\"https://wordofgod.in/bibledictionary/ஸ்ட்ராங்க்ஸ்-எபிரேய-அகராதி/#/H1117 - בּמה - bâmâh - baw-maw'/1117\">H1117</a>, <a href=\"https://wordofgod.in/bibledictionary/ஸ்ட்ராங்க்ஸ்-எபிரேய-அகராதி/#/H1118 - בּמהל - bimhâl - bim-hawl'/1118\">H1118</a>, <a href=\"https://wordofgod.in/bibledictionary/ஸ்ட்ராங்க்ஸ்-எபிரேய-அகராதி/#/H1120 - בּמות בּעל בּמות - bâmôth bâmôth ba‛al - baw-moth'/1120\">H1120</a>"}]}