{"word":"H1380 - גּבל - gebal - gheb-al'","sections":[{"paragraph":""},{"paragraph":"Original: גּבל"},{"paragraph":"Transliteration: gebal"},{"paragraph":"Phonetic: gheb-al'"},{"paragraph":""},{"paragraph":"கேபார் - ஓர் இடத்தின் பெயர்"},{"paragraph":"எல்லை, மலை"},{"paragraph":""},{"paragraph":"Gebal \"mountain\""},{"paragraph":""},{"paragraph":"தீருவிற்கு அருகிலுள்ள கப்பற்துறைமுகம்"},{"paragraph":""},{"paragraph":"Cognate: <a href=\"https://wordofgod.in/bibledictionary/ஸ்ட்ராங்க்ஸ்-எபிரேய-அகராதி/#/H1366 - גּבל גּבוּל - gebûl gebûl - gheb-ool'/1366\">H1366</a>, <a href=\"https://wordofgod.in/bibledictionary/ஸ்ட்ராங்க்ஸ்-எபிரேய-அகராதி/#/H1367 - גּבלה גּבוּלה - gebûlâh gebûlâh - gheb-oo-law'/1367\">H1367</a>, <a href=\"https://wordofgod.in/bibledictionary/ஸ்ட்ராங்க்ஸ்-எபிரேய-அகராதி/#/H1379 - גּבל - gâbal - gaw-bal'/1379\">H1379</a>, <a href=\"https://wordofgod.in/bibledictionary/ஸ்ட்ராங்க்ஸ்-எபிரேய-அகராதி/#/H1380 - גּבל - gebal - gheb-al'/1380\">H1380</a>, <a href=\"https://wordofgod.in/bibledictionary/ஸ்ட்ராங்க்ஸ்-எபிரேய-அகராதி/#/H1381 - גּבל - gebâl - gheb-awl'/1381\">H1381</a>, <a href=\"https://wordofgod.in/bibledictionary/ஸ்ட்ராங்க்ஸ்-எபிரேய-அகராதி/#/H1382 - גּבלי - giblı̂y - ghib-lee'/1382\">H1382</a>, <a href=\"https://wordofgod.in/bibledictionary/ஸ்ட்ராங்க்ஸ்-எபிரேய-அகராதி/#/H1383 - גּבלת - gablûth - gab-looth'/1383\">H1383</a>, <a href=\"https://wordofgod.in/bibledictionary/ஸ்ட்ராங்க்ஸ்-எபிரேய-அகராதி/#/H4020 - מגבּלה - migbâlâh - mig-baw-law'/4020\">H4020</a>"}]}