{"word":"H1262 - בּרה - bârâh - baw-raw'","sections":[{"paragraph":""},{"paragraph":"Original: בּרה"},{"paragraph":"Transliteration: bârâh"},{"paragraph":"Phonetic: baw-raw'"},{"paragraph":""},{"paragraph":"வினைச்சொல் - சாப்பிடு, தெரிந்துகொள், புசி, சாப்பிடச்செய்"},{"paragraph":""},{"paragraph":"to eat, to consume"},{"paragraph":"a) (Qal) to eat"},{"paragraph":"b) (Piel) for eating, devouring"},{"paragraph":"c) (Hiphil) to cause to eat"},{"paragraph":""},{"paragraph":"Cognate: <a href=\"https://wordofgod.in/bibledictionary/ஸ்ட்ராங்க்ஸ்-எபிரேய-அகராதி/#/H1262 - בּרה - bârâh - baw-raw'/1262\">H1262</a>, <a href=\"https://wordofgod.in/bibledictionary/ஸ்ட்ராங்க்ஸ்-எபிரேய-அகராதி/#/H1267 - בּרוּת - bârûth - baw-rooth,/1267\">H1267</a>, <a href=\"https://wordofgod.in/bibledictionary/ஸ்ட்ராங்க்ஸ்-எபிரேய-அகராதி/#/H1279 - בּריה - biryâh - beer-yaw'/1279\">H1279</a>"}]}