{"word":"H1260 - בּרד - bered - beh'red","sections":[{"paragraph":""},{"paragraph":"Original: בּרד"},{"paragraph":"Transliteration: bered"},{"paragraph":"Phonetic: beh'red"},{"paragraph":""},{"paragraph":"பேரேத் - ஆ.பெ.சொ."},{"paragraph":"பாரேத் - ஓர் இடத்தின் பெயர்"},{"paragraph":"கல்மழை - ஆ.பெ.சொ."},{"paragraph":""},{"paragraph":"Bered \"hail\""},{"paragraph":""},{"paragraph":"1. எப்பிராயீமின் குமாரன் அல்லது சந்ததியான்"},{"paragraph":"2. பாலஸ்தீன தேசத்திற்குத் தென்பகுதியிலுள்ள ஓர் இடம் - இது காதேசிற்கும், லாகாய்ரோயீ துரவிற்கும் அருகிலுள்ளது."},{"paragraph":""},{"paragraph":"Cognate: <a href=\"https://wordofgod.in/bibledictionary/ஸ்ட்ராங்க்ஸ்-எபிரேய-அகராதி/#/H1258 - בּרד - bârad - baw-rad'/1258\">H1258</a>, <a href=\"https://wordofgod.in/bibledictionary/ஸ்ட்ராங்க்ஸ்-எபிரேய-அகராதி/#/H1259 - בּרד - bârâd - baw-rawd'/1259\">H1259</a>, <a href=\"https://wordofgod.in/bibledictionary/ஸ்ட்ராங்க்ஸ்-எபிரேய-அகராதி/#/H1260 - בּרד - bered - beh'red/1260\">H1260</a>, <a href=\"https://wordofgod.in/bibledictionary/ஸ்ட்ராங்க்ஸ்-எபிரேய-அகராதி/#/H1261 - בּרד - bârôd - baw-rode'/1261\">H1261</a>"}]}