{"word":"H1106 - בּלע - bela‛ - beh'-lah","sections":[{"paragraph":""},{"paragraph":"Original: בּלע"},{"paragraph":"Transliteration: bela‛"},{"paragraph":"Phonetic: beh'-lah"},{"paragraph":""},{"paragraph":"பேலா - ஓர் இடத்தின் பெயர்"},{"paragraph":"பேலா - ஆபெசொ."},{"paragraph":"விழுங்குகிறவர்"},{"paragraph":"Bela = \"அழிவு \" \"destruction\""},{"paragraph":"1. ஏதோமின் ராஜா"},{"paragraph":"2. பென்யமீனின் முதலாவது குமாரன்"},{"paragraph":"3. ஆகாசின் குமாரன் - ரூபன் கோத்திரத்தான்"},{"paragraph":"4. லோத்துவின் பரிந்து பேசும் ஜெபத்தினால் பாதுகாக்கப்பட்ட ஐந்து பட்டணங்களில் ஒன்று"},{"paragraph":""},{"paragraph":"Cognate: <a href=\"https://wordofgod.in/bibledictionary/ஸ்ட்ராங்க்ஸ்-எபிரேய-அகராதி/#/H1104 - בּלע - bâla‛ - beh'-lah/1104\">H1104</a>, <a href=\"https://wordofgod.in/bibledictionary/ஸ்ட்ராங்க்ஸ்-எபிரேய-அகராதி/#/H1105 - בּלע - bela‛ - beh-lah/1105\">H1105</a>, <a href=\"https://wordofgod.in/bibledictionary/ஸ்ட்ராங்க்ஸ்-எபிரேய-அகராதி/#/H1106 - בּלע - bela‛ - beh'-lah/1106\">H1106</a>, <a href=\"https://wordofgod.in/bibledictionary/ஸ்ட்ராங்க்ஸ்-எபிரேய-அகராதி/#/H1108 - בּלעי - bal‛ı̂y - bel-ee'/1108\">H1108</a>, <a href=\"https://wordofgod.in/bibledictionary/ஸ்ட்ராங்க்ஸ்-எபிரேய-அகராதி/#/H1109 - בּלעם - bil‛âm - bil-awm'/1109\">H1109</a>"}]}