{"word":"H1263 - בּרוּך - bârûk - baw-rook'","sections":[{"paragraph":""},{"paragraph":"Original: בּרוּך"},{"paragraph":"Transliteration: bârûk"},{"paragraph":"Phonetic: baw-rook'"},{"paragraph":""},{"paragraph":"பாரூக், பாரூக்கு - ஆ.பெசொ."},{"paragraph":"ஆசீர்வதிக்கப்பட்டிருப்பாய்"},{"paragraph":""},{"paragraph":"Baruch \"blessed\""},{"paragraph":""},{"paragraph":"1. எரேமியாவின் சிநேகிதன் - அவனுடைய வார்த்தைகளைப் பிரதியெடுத்தவன்"},{"paragraph":"2. ஆசாரியன் - சாபாயின் குமாரன் - எருசலேமின் அலங்கங்களை மறுபடியும் கட்டுவதற்கு நெகேமியாவிற்கு உதவி புரிந்தவன்"},{"paragraph":"3. ஆசாரியன் அல்லது ஆசாரிய குடும்பத்தார் - நெகேமியாவோடு உடன்படிக்கையில் கையொப்பமிட்டவர்கள்."},{"paragraph":"4. கொல்லோசேயின் குமாரன் யூதாவின் குமாரனாகிய பாரேசின் சந்ததியைச் சேர்ந்தவன்"},{"paragraph":""},{"paragraph":"Cognate: <a href=\"https://wordofgod.in/bibledictionary/ஸ்ட்ராங்க்ஸ்-எபிரேய-அகராதி/#/H1263 - בּרוּך - bârûk - baw-rook'/1263\">H1263</a>, <a href=\"https://wordofgod.in/bibledictionary/ஸ்ட்ராங்க்ஸ்-எபிரேய-அகராதி/#/H1288 - בּרך - bârak - baw-rak'/1288\">H1288</a>, <a href=\"https://wordofgod.in/bibledictionary/ஸ்ட்ராங்க்ஸ்-எபிரேய-அகராதி/#/H1290 - בּרך - berek - beh'-rek/1290\">H1290</a>, <a href=\"https://wordofgod.in/bibledictionary/ஸ்ட்ராங்க்ஸ்-எபிரேய-அகராதி/#/H1292 - בּרכאל - bârak'êl - baw-rak-ale'/1292\">H1292</a>, <a href=\"https://wordofgod.in/bibledictionary/ஸ்ட்ராங்க்ஸ்-எபிரேய-அகராதி/#/H1293 - בּרכה - berâkâh - ber-aw-kaw'/1293\">H1293</a>, <a href=\"https://wordofgod.in/bibledictionary/ஸ்ட்ராங்க்ஸ்-எபிரேய-அகராதி/#/H1294 - בּרכה - berâkâh - ber-aw-kaw'/1294\">H1294</a>, <a href=\"https://wordofgod.in/bibledictionary/ஸ்ட்ராங்க்ஸ்-எபிரேய-அகராதி/#/H1295 - בּרכה - berêkâh - ber-ay-kaw'/1295\">H1295</a>, <a href=\"https://wordofgod.in/bibledictionary/ஸ்ட்ராங்க்ஸ்-எபிரேய-அகராதி/#/H1296 - בּרכיהוּ בּרכיה - berekyâh berekyâhû - beh-rek-yaw'/1296\">H1296</a>, <a href=\"https://wordofgod.in/bibledictionary/ஸ்ட்ராங்க்ஸ்-எபிரேய-அகராதி/#/H3000 - יברכיהוּ - yeberekyâhû - yeb-eh-rek-yaw'-hoo/3000\">H3000</a>"}]}