{"word":"H104 - אגּרא - 'iggerâ' - ig-er-aw'","sections":[{"paragraph":""},{"paragraph":"Original: אגּרא"},{"paragraph":"Transliteration: 'iggerâ'"},{"paragraph":"Phonetic: ig-er-aw'"},{"paragraph":""},{"paragraph":"மனு - பெபெ.சொ."},{"paragraph":"a letter, a missive - அரமாயிக் பாஷையிலிருந்து எடுத்து பழைய ஏற்பாட்டுப் புஸ்தகங்களில் பயன்படுத்தப் பட்டிருக்கும் வார்த்தை."},{"paragraph":""},{"paragraph":"Cognate: <a href=\"https://wordofgod.in/bibledictionary/ஸ்ட்ராங்க்ஸ்-எபிரேய-அகராதி/#/H104 - אגּרא - 'iggerâ' - ig-er-aw'/1043\">H104</a>, <a href=\"https://wordofgod.in/bibledictionary/ஸ்ட்ராங்க்ஸ்-எபிரேய-அகராதி/#/H116 - אדין - 'ĕdayin - ed-ah'-yin/1162\">H116</a>, <a href=\"https://wordofgod.in/bibledictionary/ஸ்ட்ராங்க்ஸ்-எபிரேய-அகராதி/#/H144 - אדר - 'ădâr - ad-awr'/1440\">H144</a>, <a href=\"https://wordofgod.in/bibledictionary/ஸ்ட்ராங்க்ஸ்-எபிரேய-அகராதி/#/H147 - אדּר - 'iddar - id-dar'/1475\">H147</a>, <a href=\"https://wordofgod.in/bibledictionary/ஸ்ட்ராங்க்ஸ்-எபிரேய-அகராதி/#/H148 - אדרגּזר - 'ădargâzêr - ad-ar''-gaw-zare'/148\">H148</a>, <a href=\"https://wordofgod.in/bibledictionary/ஸ்ட்ராங்க்ஸ்-எபிரேய-அகராதி/#/H149 - אדרזדּא - 'adrazdâ' - ad-raz-daw'/1497\">H149</a>, <a href=\"https://wordofgod.in/bibledictionary/ஸ்ட்ராங்க்ஸ்-எபிரேய-அகராதி/#/H2 - אב - 'ab - ab/2208\">H2</a>, <a href=\"https://wordofgod.in/bibledictionary/ஸ்ட்ராங்க்ஸ்-எபிரேய-அகராதி/#/H69 - אבן - 'eben - eh'-ben/693\">H69</a>"}]}