{"word":"H1255 - בּראדך בּלאדן - berô'dak bal'ădân - ber-o-dak' bal-ad-awn'","sections":[{"paragraph":""},{"paragraph":"Original: בּראדך בּלאדן"},{"paragraph":"Transliteration: berô'dak bal'ădân"},{"paragraph":"Phonetic: ber-o-dak' bal-ad-awn'"},{"paragraph":""},{"paragraph":"பெரேதாக்பலாதான் - ஆ.பெசொ."},{"paragraph":"Berodach-baladan = \"பாகாலை  ஆராதிக்கிறவன்\" \"worshiper of Baal\""},{"paragraph":"பாபிலோனின் ராஜா எசேக்கியாவின் நாட்களில் ஆட்சி புரிந்தவன்"},{"paragraph":""},{"paragraph":"Cognate: <a href=\"https://wordofgod.in/bibledictionary/ஸ்ட்ராங்க்ஸ்-எபிரேய-அகராதி/#/H1255 - בּראדך בּלאדן - berô'dak bal'ădân - ber-o-dak' bal-ad-awn'/1255\">H1255</a>, <a href=\"https://wordofgod.in/bibledictionary/ஸ்ட்ராங்க்ஸ்-எபிரேய-அகராதி/#/H4757 - מראדך בּלאדן - mer'ôdak bal'âdân - mer-o-dak' bal-aw-dawn'/4757\">H4757</a>, <a href=\"https://wordofgod.in/bibledictionary/ஸ்ட்ராங்க்ஸ்-எபிரேய-அகராதி/#/H4775 - מרד - mârad - maw-rad'/4775\">H4775</a>, <a href=\"https://wordofgod.in/bibledictionary/ஸ்ட்ராங்க்ஸ்-எபிரேய-அகராதி/#/H4777 - מרד - mered - meh'-red/4777\">H4777</a>, <a href=\"https://wordofgod.in/bibledictionary/ஸ்ட்ராங்க்ஸ்-எபிரேய-அகராதி/#/H4778 - מרד - mered - meh'-red/4778\">H4778</a>, <a href=\"https://wordofgod.in/bibledictionary/ஸ்ட்ராங்க்ஸ்-எபிரேய-அகராதி/#/H4780 - מרדּוּת - mardûth - mar-dooth'/4780\">H4780</a>, <a href=\"https://wordofgod.in/bibledictionary/ஸ்ட்ராங்க்ஸ்-எபிரேய-அகராதி/#/H4781 - מרדך - merôdâk - mer-o-dawk'/4781\">H4781</a>, <a href=\"https://wordofgod.in/bibledictionary/ஸ்ட்ராங்க்ஸ்-எபிரேய-அகராதி/#/H4782 - מרדּכּי - mordekay - mor-dek-ah'-ee/4782\">H4782</a>"}]}