{"word":"H1245 - בּקשׁ - bâqash - baw-kash'","sections":[{"paragraph":""},{"paragraph":"Original: בּקשׁ"},{"paragraph":"Transliteration: bâqash"},{"paragraph":"Phonetic: baw-kash'"},{"paragraph":""},{"paragraph":"வினைச்சொல் - தேடு ஏவு. பார், கேள், வாங்கு, கண்டுபிடி, விசாரி, மன்றாடு, விண்ணப்பம் பண்ணு, பிரார்த்தனை பண்ணு, நாடு, காப்பாற்று, வேண்டிக்கொள், இர, வகைதேடு"},{"paragraph":""},{"paragraph":"to seek, to require, to desire, to exact, to request"},{"paragraph":"a) (Piel)"},{"paragraph":"1) to seek to find"},{"paragraph":"2) to seek to secure"},{"paragraph":"3) to seek the face"},{"paragraph":"4) to desire, to demand"},{"paragraph":"5) to require, to exact"},{"paragraph":"6) to ask, to request"},{"paragraph":"b) (Pual) to be sought"},{"paragraph":""},{"paragraph":"Cognate: <a href=\"https://wordofgod.in/bibledictionary/ஸ்ட்ராங்க்ஸ்-எபிரேய-அகராதி/#/H1245 - בּקשׁ - bâqash - baw-kash'/1245\">H1245</a>, <a href=\"https://wordofgod.in/bibledictionary/ஸ்ட்ராங்க்ஸ்-எபிரேய-அகராதி/#/H1246 - בּקּשׁה - baqqâshâh - bak-kaw-shaw'/1246\">H1246</a>, <a href=\"https://wordofgod.in/bibledictionary/ஸ்ட்ராங்க்ஸ்-எபிரேய-அகராதி/#/H1248 - בּר - bar - bar/1248\">H1248</a>"}]}