{"word":"H1123 - בּן - bên - bane","sections":[{"paragraph":""},{"paragraph":"Original: בּן"},{"paragraph":"Transliteration: bên"},{"paragraph":"Phonetic: bane"},{"paragraph":""},{"paragraph":"இளமை, புத்திரர், குமாரர் - ஆ.பெ.சொ."},{"paragraph":""},{"paragraph":"a son, a child"},{"paragraph":""},{"paragraph":"Cognate: <a href=\"https://wordofgod.in/bibledictionary/ஸ்ட்ராங்க்ஸ்-எபிரேய-அகராதி/#/H1123 - בּן - bên - bane/1123\">H1123</a>, <a href=\"https://wordofgod.in/bibledictionary/ஸ்ட்ராங்க்ஸ்-எபிரேய-அகராதி/#/H1240 - בּקר - beqar - bek-ar'/1240\">H1240</a>, <a href=\"https://wordofgod.in/bibledictionary/ஸ்ட்ராங்க்ஸ்-எபிரேய-அகராதி/#/H1247 - בּר - bar - bar/1247\">H1247</a>"}]}