{"word":"H1338 - בּתרון - bithrôn - bith-rone'","sections":[{"paragraph":""},{"paragraph":"Original: בּתרון"},{"paragraph":"Transliteration: bithrôn"},{"paragraph":"Phonetic: bith-rone'"},{"paragraph":""},{"paragraph":"பித்ரோன் - பெயர்ச்சொல்"},{"paragraph":"\"பிளவு\" \"கன்மலை\""},{"paragraph":""},{"paragraph":"Bithron = \"division\" or \"cleft\" or \" ravine\""},{"paragraph":""},{"paragraph":"போர்தான் நதியின் கிழக்குப் பகுதியிலுள்ள போர்தான் பள்ளத்தாக்கு மாநிலம்"},{"paragraph":""},{"paragraph":"Cognate: <a href=\"https://wordofgod.in/bibledictionary/ஸ்ட்ராங்க்ஸ்-எபிரேய-அகராதி/#/H1334 - בּתר - bâthar - baw-thar'/1334\">H1334</a>, <a href=\"https://wordofgod.in/bibledictionary/ஸ்ட்ராங்க்ஸ்-எபிரேய-அகராதி/#/H1335 - בּתר - bether - beh'-ther/1335\">H1335</a>, <a href=\"https://wordofgod.in/bibledictionary/ஸ்ட்ராங்க்ஸ்-எபிரேய-அகராதி/#/H1336 - בּתר - bether - beh'-ther/1336\">H1336</a>, <a href=\"https://wordofgod.in/bibledictionary/ஸ்ட்ராங்க்ஸ்-எபிரேய-அகராதி/#/H1338 - בּתרון - bithrôn - bith-rone'/1338\">H1338</a>"}]}