{"word":"H115 - אדורים - 'ădôrayim - ad-o-rah'-yim","sections":[{"paragraph":""},{"paragraph":"Original: אדורים"},{"paragraph":"Transliteration: 'ădôrayim"},{"paragraph":"Phonetic: ad-o-rah'-yim"},{"paragraph":""},{"paragraph":"அதோராயீம் - பெ.சொ."},{"paragraph":"“இரண்டு மகிமை\""},{"paragraph":""},{"paragraph":"Adoraim = \"double glory\""},{"paragraph":""},{"paragraph":"யூதாவிலுள்ள ஒரு பட்டணம் - எபிரோனுக்கு தென் மேற்கே 5 மைல் தூரத்திலுள்ளது. ரெகொபெயாம் இதற்கு அலங்கத்தைக் கட்டினான்."},{"paragraph":""},{"paragraph":"Cognate: <a href=\"https://wordofgod.in/bibledictionary/ஸ்ட்ராங்க்ஸ்-எபிரேய-அகராதி/#/H115 - אדורים - 'ădôrayim - ad-o-rah'-yim/1152\">H115</a>, <a href=\"https://wordofgod.in/bibledictionary/ஸ்ட்ராங்க்ஸ்-எபிரேய-அகராதி/#/H117 - אדּיר - 'addı̂yr - ad-deer'/1170\">H117</a>, <a href=\"https://wordofgod.in/bibledictionary/ஸ்ட்ராங்க்ஸ்-எபிரேய-அகராதி/#/H142 - אדר - 'âdar - aw-dar'/1424\">H142</a>, <a href=\"https://wordofgod.in/bibledictionary/ஸ்ட்ராங்க்ஸ்-எபிரேய-அகராதி/#/H143 - אדר - 'ădâr - ad-awr'/1437\">H143</a>, <a href=\"https://wordofgod.in/bibledictionary/ஸ்ட்ராங்க்ஸ்-எபிரேய-அகராதி/#/H145 - אדר - 'eder - eh'-der/1451\">H145</a>, <a href=\"https://wordofgod.in/bibledictionary/ஸ்ட்ராங்க்ஸ்-எபிரேய-அகராதி/#/H146 - אדּר - 'addâr - ad-dawr'/146\">H146</a>, <a href=\"https://wordofgod.in/bibledictionary/ஸ்ட்ராங்க்ஸ்-எபிரேய-அகராதி/#/H152 - אדרמּלך - 'adrammelek - ad-ram-meh'-lek/1526\">H152</a>, <a href=\"https://wordofgod.in/bibledictionary/ஸ்ட்ராங்க்ஸ்-எபிரேய-அகராதி/#/H155 - אדּרת - 'addereth - ad-deh'-reth/1552\">H155</a>"}]}