{"word":"H1086 - בּלה - bâlâh - baw-law'","sections":[{"paragraph":""},{"paragraph":"Original: בּלה"},{"paragraph":"Transliteration: bâlâh"},{"paragraph":"Phonetic: baw-law'"},{"paragraph":""},{"paragraph":"வினைச்சொல் - பழையதாய்ப்போ, உலர்ந்து போ, முதிர்வயதுள்ளவனாயிரு, அழுகிப்போ, முற்றலாக்கு, அனுபவி, போக்கு"},{"paragraph":""},{"paragraph":"to wear out, to become old"},{"paragraph":"a) (Qal) to wear out"},{"paragraph":"b) (Piel)"},{"paragraph":"1) to wear out"},{"paragraph":"2) to wear out by use, to use up completely"},{"paragraph":"3) to enjoy, to use to the full"},{"paragraph":""},{"paragraph":"Cognate: <a href=\"https://wordofgod.in/bibledictionary/ஸ்ட்ராங்க்ஸ்-எபிரேய-அகராதி/#/H1077 - בּל - bal - bal/1077\">H1077</a>, <a href=\"https://wordofgod.in/bibledictionary/ஸ்ட்ராங்க்ஸ்-எபிரேய-அகராதி/#/H1086 - בּלה - bâlâh - baw-law'/1086\">H1086</a>, <a href=\"https://wordofgod.in/bibledictionary/ஸ்ட்ராங்க்ஸ்-எபிரேய-அகராதி/#/H1087 - בּלה - bâleh - baw-leh'/1087\">H1087</a>, <a href=\"https://wordofgod.in/bibledictionary/ஸ்ட்ராங்க்ஸ்-எபிரேய-அகராதி/#/H1094 - בּלוי בּלוא - belô' belôy - bel-o'/1094\">H1094</a>, <a href=\"https://wordofgod.in/bibledictionary/ஸ்ட்ராங்க்ஸ்-எபிரேய-அகராதி/#/H1097 - בּלי - belı̂y - bel-ee'/1097\">H1097</a>, <a href=\"https://wordofgod.in/bibledictionary/ஸ்ட்ராங்க்ஸ்-எபிரேய-அகராதி/#/H1099 - בּלימה - belı̂ymâh - bel-ee-mah'/1099\">H1099</a>, <a href=\"https://wordofgod.in/bibledictionary/ஸ்ட்ராங்க்ஸ்-எபிரேய-அகராதி/#/H1100 - בּליּעל - belı̂ya‛al - bel-e-yah'-al/1100\">H1100</a>, <a href=\"https://wordofgod.in/bibledictionary/ஸ்ட்ராங்க்ஸ்-எபிரேய-அகராதி/#/H1107 - בּלעדי בּלעדי - bil‛ădêy bal‛ădêy - bil-ad-ay'/1107\">H1107</a>, <a href=\"https://wordofgod.in/bibledictionary/ஸ்ட்ராங்க்ஸ்-எபிரேய-அகராதி/#/H1115 - בּלתּי - biltı̂y - bil-tee'/1115\">H1115</a>, <a href=\"https://wordofgod.in/bibledictionary/ஸ்ட்ராங்க்ஸ்-எபிரேய-அகராதி/#/H8399 - תּבלית - tablı̂yth - tab-leeth'/8399\">H8399</a>"}]}