{"word":"H114 - אדּון - 'addôn - ad-done'","sections":[{"paragraph":""},{"paragraph":"Original: אדּון"},{"paragraph":"Transliteration: 'addôn"},{"paragraph":"Phonetic: ad-done'"},{"paragraph":""},{"paragraph":"ஆதோன். - ஆ.பெ.சொ."},{"paragraph":"\"வல்லமையுள்ளது\""},{"paragraph":""},{"paragraph":"Addon = \"powerful\""},{"paragraph":""},{"paragraph":"இவன் ஒரு இஸ்ரவேலனாக இருக்கலாம்"},{"paragraph":""},{"paragraph":"Cognate: <a href=\"https://wordofgod.in/bibledictionary/ஸ்ட்ராங்க்ஸ்-எபிரேய-அகராதி/#/H113 - אדן אדון - 'âdôn 'âdôn - aw-done'/1138\">H113</a>, <a href=\"https://wordofgod.in/bibledictionary/ஸ்ட்ராங்க்ஸ்-எபிரேய-அகராதி/#/H114 - אדּון - 'addôn - ad-done'/114\">H114</a>, <a href=\"https://wordofgod.in/bibledictionary/ஸ்ட்ராங்க்ஸ்-எபிரேய-அகராதி/#/H134 - אדן - 'eden - eh'-den/1346\">H134</a>, <a href=\"https://wordofgod.in/bibledictionary/ஸ்ட்ராங்க்ஸ்-எபிரேய-அகராதி/#/H135 - אדּן - 'addân - ad-dawn'/1352\">H135</a>, <a href=\"https://wordofgod.in/bibledictionary/ஸ்ட்ராங்க்ஸ்-எபிரேய-அகராதி/#/H136 - אדני - 'ădônây - ad-o-noy'/1364\">H136</a>, <a href=\"https://wordofgod.in/bibledictionary/ஸ்ட்ராங்க்ஸ்-எபிரேய-அகராதி/#/H137 - אדני־בזק - 'ădônı̂y-bezeq - ad-o''-nee-beh'-zek/1372\">H137</a>, <a href=\"https://wordofgod.in/bibledictionary/ஸ்ட்ராங்க்ஸ்-எபிரேய-அகராதி/#/H138 - אדניּהוּ אדניּה - 'ădônı̂yâh 'ădônı̂yâhû - ad-o-nee-yaw'/1389\">H138</a>, <a href=\"https://wordofgod.in/bibledictionary/ஸ்ட்ராங்க்ஸ்-எபிரேய-அகராதி/#/H139 - אדני־צדק - 'ădônı̂y-tsedeq - ad-o''-nee-tseh'-dek/1396\">H139</a>, <a href=\"https://wordofgod.in/bibledictionary/ஸ்ட்ராங்க்ஸ்-எபிரேய-அகராதி/#/H140 - אדניקם - 'ădônı̂yqâm - ad-o-nee-kawm'/1402\">H140</a>, <a href=\"https://wordofgod.in/bibledictionary/ஸ்ட்ராங்க்ஸ்-எபிரேய-அகராதி/#/H141 - אדנירם - 'ădônı̂yrâm - ad-o-nee-rawm'/1415\">H141</a>, <a href=\"https://wordofgod.in/bibledictionary/ஸ்ட்ராங்க்ஸ்-எபிரேய-அகராதி/#/H151 - אדרם - 'ădôrâm - ad-o-rawm'/1510\">H151</a>"}]}