{"word":"H1330 - בּתוּלה - bethûlâh - beth-oo-law'","sections":[{"paragraph":""},{"paragraph":"Original: בּתוּלה"},{"paragraph":"Transliteration: bethûlâh"},{"paragraph":"Phonetic: beth-oo-law'"},{"paragraph":""},{"paragraph":"கன்னிகை, பெண் - பெபெ.சொ."},{"paragraph":""},{"paragraph":"a virgin"},{"paragraph":""},{"paragraph":"Cognate: <a href=\"https://wordofgod.in/bibledictionary/ஸ்ட்ராங்க்ஸ்-எபிரேய-அகராதி/#/H1330 - בּתוּלה - bethûlâh - beth-oo-law'/1330\">H1330</a>, <a href=\"https://wordofgod.in/bibledictionary/ஸ்ட்ராங்க்ஸ்-எபிரேய-அகராதி/#/H1331 - בּתוּלים - bethûlı̂ym - beth-oo-leem'/1331\">H1331</a>"}]}