{"word":"H1172 - בּעלה - ba‛ălâh - bah-al-aw'","sections":[{"paragraph":""},{"paragraph":"Original: בּעלה"},{"paragraph":"Transliteration: ba‛ălâh"},{"paragraph":"Phonetic: bah-al-aw'"},{"paragraph":""},{"paragraph":"ஸ்திரீ, எஜமானி, பாகாலி - பெ.பெ.சொ."},{"paragraph":""},{"paragraph":"a mistress, a female owner, a sorceress, a necromancer (noun of relationship)"},{"paragraph":""},{"paragraph":"Cognate: <a href=\"https://wordofgod.in/bibledictionary/ஸ்ட்ராங்க்ஸ்-எபிரேய-அகராதி/#/H1078 - בּל - bêl - bale/1078\">H1078</a>, <a href=\"https://wordofgod.in/bibledictionary/ஸ்ட்ராங்க்ஸ்-எபிரேய-அகராதி/#/H1112 - בּלאשׁצּר בּלשׁאצּר - bêlsha'tstsar bêl'shatsar - bale-shats-tsar'/1112\">H1112</a>, <a href=\"https://wordofgod.in/bibledictionary/ஸ்ட்ராங்க்ஸ்-எபிரேய-அகராதி/#/H1166 - בּעל - bâ‛al - baw-al'/1166\">H1166</a>, <a href=\"https://wordofgod.in/bibledictionary/ஸ்ட்ராங்க்ஸ்-எபிரேய-அகராதி/#/H1167 - בּעל - ba‛al - bah'-al/1167\">H1167</a>, <a href=\"https://wordofgod.in/bibledictionary/ஸ்ட்ராங்க்ஸ்-எபிரேய-அகராதி/#/H1168 - בּעל - ba‛al - bah'-al/1168\">H1168</a>, <a href=\"https://wordofgod.in/bibledictionary/ஸ்ட்ராங்க்ஸ்-எபிரேய-அகராதி/#/H1170 - בּעל בּרית - ba‛al berı̂yth - bah'-al ber-eeth/1170\">H1170</a>, <a href=\"https://wordofgod.in/bibledictionary/ஸ்ட்ராங்க்ஸ்-எபிரேய-அகராதி/#/H1171 - בּעל גּד - ba‛al gâd - bah'-al gawd/1171\">H1171</a>, <a href=\"https://wordofgod.in/bibledictionary/ஸ்ட்ராங்க்ஸ்-எபிரேய-அகராதி/#/H1172 - בּעלה - ba‛ălâh - bah-al-aw'/1172\">H1172</a>, <a href=\"https://wordofgod.in/bibledictionary/ஸ்ட்ராங்க்ஸ்-எபிரேய-அகராதி/#/H1173 - בּעלה - ba‛ălâh - bah-al-aw'/1173\">H1173</a>, <a href=\"https://wordofgod.in/bibledictionary/ஸ்ட்ராங்க்ஸ்-எபிரேய-அகராதி/#/H1174 - בּעל המון - ba‛al hâmôn - bah'-al haw-mone'/1174\">H1174</a>, <a href=\"https://wordofgod.in/bibledictionary/ஸ்ட்ராங்க்ஸ்-எபிரேய-அகராதி/#/H1175 - בּעלות - be‛âlôth - beh-aw-loth'/1175\">H1175</a>, <a href=\"https://wordofgod.in/bibledictionary/ஸ்ட்ராங்க்ஸ்-எபிரேய-அகராதி/#/H1176 - בּעל זבוּב - ba‛al zebûb - bah'-al zeb-oob'/1176\">H1176</a>, <a href=\"https://wordofgod.in/bibledictionary/ஸ்ட்ராங்க்ஸ்-எபிரேய-அகராதி/#/H1177 - בּעל חנן - ba‛al chânân - bah'-al khaw-nawn'/1177\">H1177</a>, <a href=\"https://wordofgod.in/bibledictionary/ஸ்ட்ராங்க்ஸ்-எபிரேய-அகராதி/#/H1178 - בּעל חצור - ba‛al châtsôr - bah'-al khaw-tsore'/1178\">H1178</a>, <a href=\"https://wordofgod.in/bibledictionary/ஸ்ட்ராங்க்ஸ்-எபிரேய-அகராதி/#/H1179 - בּעל חרמון - ba‛al chermôn - bah'-al kher-mone'/1179\">H1179</a>, <a href=\"https://wordofgod.in/bibledictionary/ஸ்ட்ராங்க்ஸ்-எபிரேய-அகராதி/#/H1180 - בּעלי - ba‛ălı̂y - bah-al-ee'/1180\">H1180</a>, <a href=\"https://wordofgod.in/bibledictionary/ஸ்ட்ராங்க்ஸ்-எபிரேய-அகராதி/#/H1181 - בּעלי בּמות - ba‛ălêy bâmôth - bah-al-ay' baw-moth'/1181\">H1181</a>, <a href=\"https://wordofgod.in/bibledictionary/ஸ்ட்ராங்க்ஸ்-எபிரேய-அகராதி/#/H1182 - בּעלידע - be‛elyâdâ‛ - beh-el-yaw-daw'/1182\">H1182</a>, <a href=\"https://wordofgod.in/bibledictionary/ஸ்ட்ராங்க்ஸ்-எபிரேய-அகராதி/#/H1183 - בּעליה - be‛alyâh - beh-al-yaw'/1183\">H1183</a>, <a href=\"https://wordofgod.in/bibledictionary/ஸ்ட்ராங்க்ஸ்-எபிரேய-அகராதி/#/H1184 - בּעלי יהוּדה - ba‛ălêy yehûdâh - bah-al-ay' yeh-hoo-daw'/1184\">H1184</a>, <a href=\"https://wordofgod.in/bibledictionary/ஸ்ட்ராங்க்ஸ்-எபிரேய-அகராதி/#/H1185 - בּעליס - ba‛ălı̂ys - bah-al-ece'/1185\">H1185</a>, <a href=\"https://wordofgod.in/bibledictionary/ஸ்ட்ராங்க்ஸ்-எபிரேய-அகராதி/#/H1186 - בּעל מעון - ba‛al me‛ôn - bah-al meh-one'/1186\">H1186</a>, <a href=\"https://wordofgod.in/bibledictionary/ஸ்ட்ராங்க்ஸ்-எபிரேய-அகராதி/#/H1187 - בּעל פּעור - ba‛al pe‛ôr - bah'-al peh-ore'/1187\">H1187</a>, <a href=\"https://wordofgod.in/bibledictionary/ஸ்ட்ராங்க்ஸ்-எபிரேய-அகராதி/#/H1188 - בּעל פּרצים - ba‛al perâtsı̂ym - bah'-al per-aw-tseem'/1188\">H1188</a>, <a href=\"https://wordofgod.in/bibledictionary/ஸ்ட்ராங்க்ஸ்-எபிரேய-அகராதி/#/H1189 - בּעל צפון - ba‛al tsephôn - bah'-al tsef-one'/1189\">H1189</a>, <a href=\"https://wordofgod.in/bibledictionary/ஸ்ட்ராங்க்ஸ்-எபிரேய-அகராதி/#/H1190 - בּעל שׁלשׁה - ba‛al shâlishâh - bah'-al shaw-lee-shaw'/1190\">H1190</a>, <a href=\"https://wordofgod.in/bibledictionary/ஸ்ட்ராங்க்ஸ்-எபிரேய-அகராதி/#/H1191 - בּעלת - ba‛ălâth - bah-al-awth'/1191\">H1191</a>, <a href=\"https://wordofgod.in/bibledictionary/ஸ்ட்ராங்க்ஸ்-எபிரேய-அகராதி/#/H1192 - בּעלת בּאר - ba‛ălath be'êr - bah-al-ath' beh-ayr'/1192\">H1192</a>, <a href=\"https://wordofgod.in/bibledictionary/ஸ்ட்ராங்க்ஸ்-எபிரேய-அகராதி/#/H1193 - בּעל תּמר - ba‛al tâmâr - bah'-al taw-mawr'/1193\">H1193</a>, <a href=\"https://wordofgod.in/bibledictionary/ஸ்ட்ராங்க்ஸ்-எபிரேய-அகராதி/#/H1195 - בּענא - ba‛ănâ' - bah-an-aw'/1195\">H1195</a>, <a href=\"https://wordofgod.in/bibledictionary/ஸ்ட்ராங்க்ஸ்-எபிரேய-அகராதி/#/H1196 - בּענה - ba‛ănâh - bah-an-aw'/1196\">H1196</a>"}]}