{"word":"H1305 - בּרר - bârar - baw-rar'","sections":[{"paragraph":""},{"paragraph":"Original: בּרר"},{"paragraph":"Transliteration: bârar"},{"paragraph":"Phonetic: baw-rar'"},{"paragraph":""},{"paragraph":"வினைச்சொல் - பிரித்துப்போடு, சோதி, தெரிந்துகொள், முதல் தரமாயிரு, சுத்தமாயிரு, துலக்கமாயிரு, சுத்திகரி, புனிதனாயிரு"},{"paragraph":""},{"paragraph":"to purify, to select, to polish, to choose, to purge, to cleanse or to make bright, to test (prove)"},{"paragraph":""},{"paragraph":"a) (Qal)"},{"paragraph":"1) to purge, to purge out, to purify"},{"paragraph":"2) to choose, to select"},{"paragraph":"3) to cleanse, to make shining, to polish"},{"paragraph":"4) to test, to prove"},{"paragraph":"b) (Niphal) to purify oneself"},{"paragraph":"c) (Piel) to purify"},{"paragraph":"d) (Hiphil)"},{"paragraph":"1) to purify"},{"paragraph":"2) to polish arrows"},{"paragraph":"e) (Hithpael)"},{"paragraph":"1) to purify oneself"},{"paragraph":"2) to show oneself pure, just, or kind"},{"paragraph":""},{"paragraph":"Cognate: <a href=\"https://wordofgod.in/bibledictionary/ஸ்ட்ராங்க்ஸ்-எபிரேய-அகராதி/#/H1249 - בּר - bar - bar/1249\">H1249</a>, <a href=\"https://wordofgod.in/bibledictionary/ஸ்ட்ராங்க்ஸ்-எபிரேய-அகராதி/#/H1250 - בּר בּר - bâr bar - bawr/1250\">H1250</a>, <a href=\"https://wordofgod.in/bibledictionary/ஸ்ட்ராங்க்ஸ்-எபிரேய-அகராதி/#/H1252 - בּר - bôr - bore/1252\">H1252</a>, <a href=\"https://wordofgod.in/bibledictionary/ஸ்ட்ராங்க்ஸ்-எபிரேய-அகராதி/#/H1253 - בּר - bôr - bore/1253\">H1253</a>, <a href=\"https://wordofgod.in/bibledictionary/ஸ்ட்ராங்க்ஸ்-எபிரேய-அகராதி/#/H1257 - בּרבּר - barbûr - bar-boor'/1257\">H1257</a>, <a href=\"https://wordofgod.in/bibledictionary/ஸ்ட்ராங்க்ஸ்-எபிரேய-அகராதி/#/H1287 - בּרית - bôrı̂yth - bo-reeth'/1287\">H1287</a>, <a href=\"https://wordofgod.in/bibledictionary/ஸ்ட்ராங்க்ஸ்-எபிரேய-அகராதி/#/H1305 - בּרר - bârar - baw-rar'/1305\">H1305</a>"}]}