{"word":"H1121 - בּן - bên - bane","sections":[{"paragraph":""},{"paragraph":"Original: בּן"},{"paragraph":"Transliteration: bên"},{"paragraph":"Phonetic: bane"},{"paragraph":""},{"paragraph":"கன்றுக்குட்டி, ஆட்டுக்குட்டி, காளை, வயது, பிள்ளை, குமாரன், சந்ததி, புத்திரர், மகன், குஞ்சு - ஆபெசொ."},{"paragraph":""},{"paragraph":"a son, a grandson, a child, a member of a group"},{"paragraph":""},{"paragraph":"1. குமாரன், ஆண்பிள்ளை (a son, a male child)"},{"paragraph":"2. பேரன் (a grandson)"},{"paragraph":"3. பிள்ளைகள் பன்மை - ஆண் பிள்ளைகளும், பெண் பிள்ளைகளும் (children) (plural, male and female)"},{"paragraph":"4. வாலிபம், வாலிபர் (பன்மை) (youth, young men) (plural)"},{"paragraph":"5. பால மிருகங்கள் (the young) (of animals)"},{"paragraph":"6. குமாரர்கள், அநீதியின் புத்திரர், தேவனுடைய புத்திரர் !sons (as characterisation, that is, sons of injustice [for un-righteous men] or sons of God [for angels]"},{"paragraph":"7. தேசத்தின் ஜனங்கள் (people) (of a nation) (plural)"},{"paragraph":"8. உயிரற்ற பொருட்களாகிய நட்சத்திரங்கள், அக்கினி ஜூவாலைகள், வில், அம்பு ஆகியவை (used of lifeless things, that is, sparks, stars, arrows) (figurative)"},{"paragraph":"9. ஒரு குழுவில் அல்லது ஒரு பிரிவில் உள்ளவர் (a member of a guild, order, class)"},{"paragraph":""},{"paragraph":"Cognate: <a href=\"https://wordofgod.in/bibledictionary/ஸ்ட்ராங்க்ஸ்-எபிரேய-அகராதி/#/H1121 - בּן - bên - bane/1121\">H1121</a>, <a href=\"https://wordofgod.in/bibledictionary/ஸ்ட்ராங்க்ஸ்-எபிரேய-அகராதி/#/H1122 - בּן - bên - bane/1122\">H1122</a>, <a href=\"https://wordofgod.in/bibledictionary/ஸ்ட்ராங்க்ஸ்-எபிரேய-அகராதி/#/H1125 - בּן־אבינדב - ben-'ăbı̂ynâdâb - ben-ab-ee''-naw-dawb'/1125\">H1125</a>, <a href=\"https://wordofgod.in/bibledictionary/ஸ்ட்ராங்க்ஸ்-எபிரேய-அகராதி/#/H1126 - בּן־אוני - ben-'ônı̂y - ben-o-nee'/1126\">H1126</a>, <a href=\"https://wordofgod.in/bibledictionary/ஸ்ட்ராங்க்ஸ்-எபிரேய-அகராதி/#/H1127 - בּן־גּבר - ben-geber - ben-gheh'-ber/1127\">H1127</a>, <a href=\"https://wordofgod.in/bibledictionary/ஸ்ட்ராங்க்ஸ்-எபிரேய-அகராதி/#/H1128 - בּן־דּקר - ben-deqer - ben-deh'-ker/1128\">H1128</a>, <a href=\"https://wordofgod.in/bibledictionary/ஸ்ட்ராங்க்ஸ்-எபிரேய-அகராதி/#/H1130 - בּן־הדד - ben-hădad - ben-had-ad'/1130\">H1130</a>, <a href=\"https://wordofgod.in/bibledictionary/ஸ்ட்ராங்க்ஸ்-எபிரேய-அகராதி/#/H1132 - בּן־זוחת - ben-zôchêth - ben-zo-khayth'/1132\">H1132</a>, <a href=\"https://wordofgod.in/bibledictionary/ஸ்ட்ராங்க்ஸ்-எபிரேய-அகராதி/#/H1133 - בּן־חוּר - ben-chûr - ben-khoor'/1133\">H1133</a>, <a href=\"https://wordofgod.in/bibledictionary/ஸ்ட்ராங்க்ஸ்-எபிரேய-அகராதி/#/H1134 - בּן־חיל - ben-chayil - ben-khah'-yil/1134\">H1134</a>, <a href=\"https://wordofgod.in/bibledictionary/ஸ்ட்ராங்க்ஸ்-எபிரேய-அகராதி/#/H1135 - בּן־חנן - ben-chânân - ben-khaw-nawn'/1135\">H1135</a>, <a href=\"https://wordofgod.in/bibledictionary/ஸ்ட்ராங்க்ஸ்-எபிரேய-அகராதி/#/H1136 - בּן־חסד - ben-chesed - ben-kheh'-sed/1136\">H1136</a>, <a href=\"https://wordofgod.in/bibledictionary/ஸ்ட்ராங்க்ஸ்-எபிரேய-அகராதி/#/H1139 - בּני־בּרק - benêy-beraq - ben-ay'-ber-ak'/1139\">H1139</a>, <a href=\"https://wordofgod.in/bibledictionary/ஸ்ட்ராங்க்ஸ்-எபிரேய-அகராதி/#/H1142 - בּני יעקן - benêy ya‛ăqân - ben-ay' yah-ak-awn'/1142\">H1142</a>, <a href=\"https://wordofgod.in/bibledictionary/ஸ்ட்ராங்க்ஸ்-எபிரேய-அகராதி/#/H1144 - בּנימין - binyâmı̂yn - bin-yaw-mene'/1144\">H1144</a>, <a href=\"https://wordofgod.in/bibledictionary/ஸ்ட்ராங்க்ஸ்-எபிரேய-அகராதி/#/H1145 - בּן־אישׁ ימיני בּן־היּמיני בּן־ימיני - ben-yemı̂ynı̂y ben-ha-yemı̂nı̂y ben-'ı̂ysh yemı̂ynı̂y - ben-yem-ee-nee'/1145\">H1145</a>, <a href=\"https://wordofgod.in/bibledictionary/ஸ்ட்ராங்க்ஸ்-எபிரேய-அகராதி/#/H1148 - בּנינוּ - benı̂ynû - ben-ee-noo'/1148\">H1148</a>, <a href=\"https://wordofgod.in/bibledictionary/ஸ்ட்ராங்க்ஸ்-எபிரேய-அகராதி/#/H1151 - בּן־עמּי - ben-‛ammı̂y - ben-am-mee'/1151\">H1151</a>, <a href=\"https://wordofgod.in/bibledictionary/ஸ்ட்ராங்க்ஸ்-எபிரேய-அகராதி/#/H1323 - בּת - bath - bath/1323\">H1323</a>, <a href=\"https://wordofgod.in/bibledictionary/ஸ்ட்ராங்க்ஸ்-எபிரேய-அகராதி/#/H1332 - בּתיה - bithyâh - bith-yaw'/1332\">H1332</a>, <a href=\"https://wordofgod.in/bibledictionary/ஸ்ட்ராங்க்ஸ்-எபிரேய-அகராதி/#/H1337 - בּת רבּים - bath rabbı̂ym - bath rab-beem'/1337\">H1337</a>, <a href=\"https://wordofgod.in/bibledictionary/ஸ்ட்ராங்க்ஸ்-எபிரேய-அகராதி/#/H1339 - בּת־שׁבע - bath-sheba‛ - bath-sheh'-bah/1339\">H1339</a>, <a href=\"https://wordofgod.in/bibledictionary/ஸ்ட்ராங்க்ஸ்-எபிரேய-அகராதி/#/H1340 - בּת־שׁוּע - bath-shûa‛ - bath-shoo'-ah/1340\">H1340</a>, <a href=\"https://wordofgod.in/bibledictionary/ஸ்ட்ராங்க்ஸ்-எபிரேய-அகராதி/#/H2618 - חסד - chesed - kheh'-sed/2618\">H2618</a>"}]}