{"word":"H1219 - בּצר - bâtsar - baw-tsar'","sections":[{"paragraph":""},{"paragraph":"Original: בּצר"},{"paragraph":"Transliteration: bâtsar"},{"paragraph":"Phonetic: baw-tsar'"},{"paragraph":""},{"paragraph":"வினைச்சொல் - சேர், சேகரி, அடக்கு, அறுக்கிறவர்கள், அரணிப்பானவைகள், அறுக்கிறவனாயிரு, பெரிய காரியம், தடைபடு, அரண், மதில், அரணிப்பாக்கு"},{"paragraph":""},{"paragraph":"to gather, to restrain, to fence, to fortify, to make inaccessible, to enclose"},{"paragraph":"a) (Qal)"},{"paragraph":"1) to cut off"},{"paragraph":"2) fortified, cut off, made inaccessible (passive participle)"},{"paragraph":"3) secrets, mysteries, inaccessible things (substantive)"},{"paragraph":"b) (Niphal) to be withheld"},{"paragraph":"c) (Piel) to fortify"},{"paragraph":""},{"paragraph":"Cognate: <a href=\"https://wordofgod.in/bibledictionary/ஸ்ட்ராங்க்ஸ்-எபிரேய-அகராதி/#/H1208 - בּצור - bâtsôr - baw-tsore'/1208\">H1208</a>, <a href=\"https://wordofgod.in/bibledictionary/ஸ்ட்ராங்க்ஸ்-எபிரேய-அகராதி/#/H1210 - בּציר - bâtsı̂yr - baw-tseer'/1210\">H1210</a>, <a href=\"https://wordofgod.in/bibledictionary/ஸ்ட்ராங்க்ஸ்-எபிரேய-அகராதி/#/H1219 - בּצר - bâtsar - baw-tsar'/1219\">H1219</a>, <a href=\"https://wordofgod.in/bibledictionary/ஸ்ட்ராங்க்ஸ்-எபிரேய-அகராதி/#/H1220 - בּצר - betser - beh'-tser/1220\">H1220</a>, <a href=\"https://wordofgod.in/bibledictionary/ஸ்ட்ராங்க்ஸ்-எபிரேய-அகராதி/#/H1221 - בּצר - betser - beh'-tser/1221\">H1221</a>, <a href=\"https://wordofgod.in/bibledictionary/ஸ்ட்ராங்க்ஸ்-எபிரேய-அகராதி/#/H1223 - בּצרה - botsrâh - bots-raw'/1223\">H1223</a>, <a href=\"https://wordofgod.in/bibledictionary/ஸ்ட்ராங்க்ஸ்-எபிரேய-அகராதி/#/H1224 - בּצרה - botsrâh - bots-raw'/1224\">H1224</a>, <a href=\"https://wordofgod.in/bibledictionary/ஸ்ட்ராங்க்ஸ்-எபிரேய-அகராதி/#/H1225 - בּצּרון - bitstsârôn - bits-tsaw-rone'/1225\">H1225</a>, <a href=\"https://wordofgod.in/bibledictionary/ஸ்ட்ராங்க்ஸ்-எபிரேய-அகராதி/#/H1226 - בּצּרת - batstsôreth - bats-tso'-reth/1226\">H1226</a>, <a href=\"https://wordofgod.in/bibledictionary/ஸ்ட்ராங்க்ஸ்-எபிரேய-அகராதி/#/H1230 - בּקבּקּר - baqbaqqar - bak-bak-kar'/1230\">H1230</a>, <a href=\"https://wordofgod.in/bibledictionary/ஸ்ட்ராங்க்ஸ்-எபிரேய-அகராதி/#/H4013 - מבצרה מבצר - mibtsâr mibtsârâh - mib-tsawr'/4013\">H4013</a>, <a href=\"https://wordofgod.in/bibledictionary/ஸ்ட்ராங்க்ஸ்-எபிரேய-அகராதி/#/H6869 - צרה - tsârâh - tsaw-raw'/6869\">H6869</a>"}]}