{"word":"H1316 - בּשׁן - bâshân - baw-shawn'","sections":[{"paragraph":""},{"paragraph":"Original: בּשׁן"},{"paragraph":"Transliteration: bâshân"},{"paragraph":"Phonetic: baw-shawn'"},{"paragraph":""},{"paragraph":"பாசான் - ஓர் இடத்தின் பெயர்"},{"paragraph":"கல்லுகளற்ற விளைநில பூமி, கனிதரும்"},{"paragraph":""},{"paragraph":"Bashan = \"fruitful\""},{"paragraph":""},{"paragraph":"யோர்தான் நதியின் கிழக்குப் பகுதியிலுள்ள மாகாணம் - இது மனாசேயின் பாதிக் கோத்திரத்திற்குக் கொடுக்கப்பட்டது"},{"paragraph":""},{"paragraph":"Cognate: <a href=\"https://wordofgod.in/bibledictionary/ஸ்ட்ராங்க்ஸ்-எபிரேய-அகராதி/#/H1316 - בּשׁן - bâshân - baw-shawn'/1316\">H1316</a>, <a href=\"https://wordofgod.in/bibledictionary/ஸ்ட்ராங்க்ஸ்-எபிரேய-அகராதி/#/H5044 - נבשׁן - nibshân - nib-shawn'/5044\">H5044</a>"}]}