{"word":"H134 - אדן - 'eden - eh'-den","sections":[{"paragraph":""},{"paragraph":"Original: אדן"},{"paragraph":"Transliteration: 'eden"},{"paragraph":"Phonetic: eh'-den"},{"paragraph":""},{"paragraph":"பாதம், ஆதாரம் - ஆபெ.சொ."},{"paragraph":""},{"paragraph":"a base, a pedestal, a socket (strong, firm)"},{"paragraph":""},{"paragraph":"1. பளிங்குத் தூண்கள் நிறுத்துவதற்குப் பயன்படுத்தப்படும் பொன்னாலான ஆதாரம்."},{"paragraph":"2. பூமியின் அஸ்திபாரம்"},{"paragraph":"3. ஆசரிப்புக்கூடாரம் அமைந்திருக்கும் பாதம்"},{"paragraph":""},{"paragraph":"Cognate: <a href=\"https://wordofgod.in/bibledictionary/ஸ்ட்ராங்க்ஸ்-எபிரேய-அகராதி/#/H113 - אדן אדון - 'âdôn 'âdôn - aw-done'/1138\">H113</a>, <a href=\"https://wordofgod.in/bibledictionary/ஸ்ட்ராங்க்ஸ்-எபிரேய-அகராதி/#/H114 - אדּון - 'addôn - ad-done'/114\">H114</a>, <a href=\"https://wordofgod.in/bibledictionary/ஸ்ட்ராங்க்ஸ்-எபிரேய-அகராதி/#/H134 - אדן - 'eden - eh'-den/1346\">H134</a>, <a href=\"https://wordofgod.in/bibledictionary/ஸ்ட்ராங்க்ஸ்-எபிரேய-அகராதி/#/H135 - אדּן - 'addân - ad-dawn'/1352\">H135</a>, <a href=\"https://wordofgod.in/bibledictionary/ஸ்ட்ராங்க்ஸ்-எபிரேய-அகராதி/#/H136 - אדני - 'ădônây - ad-o-noy'/1364\">H136</a>, <a href=\"https://wordofgod.in/bibledictionary/ஸ்ட்ராங்க்ஸ்-எபிரேய-அகராதி/#/H137 - אדני־בזק - 'ădônı̂y-bezeq - ad-o''-nee-beh'-zek/1372\">H137</a>, <a href=\"https://wordofgod.in/bibledictionary/ஸ்ட்ராங்க்ஸ்-எபிரேய-அகராதி/#/H138 - אדניּהוּ אדניּה - 'ădônı̂yâh 'ădônı̂yâhû - ad-o-nee-yaw'/1389\">H138</a>, <a href=\"https://wordofgod.in/bibledictionary/ஸ்ட்ராங்க்ஸ்-எபிரேய-அகராதி/#/H139 - אדני־צדק - 'ădônı̂y-tsedeq - ad-o''-nee-tseh'-dek/1396\">H139</a>, <a href=\"https://wordofgod.in/bibledictionary/ஸ்ட்ராங்க்ஸ்-எபிரேய-அகராதி/#/H140 - אדניקם - 'ădônı̂yqâm - ad-o-nee-kawm'/1402\">H140</a>, <a href=\"https://wordofgod.in/bibledictionary/ஸ்ட்ராங்க்ஸ்-எபிரேய-அகராதி/#/H141 - אדנירם - 'ădônı̂yrâm - ad-o-nee-rawm'/1415\">H141</a>, <a href=\"https://wordofgod.in/bibledictionary/ஸ்ட்ராங்க்ஸ்-எபிரேய-அகராதி/#/H151 - אדרם - 'ădôrâm - ad-o-rawm'/1510\">H151</a>"}]}