{"word":"H1315 - בּשׂמת - bośmath - bos-math'","sections":[{"paragraph":""},{"paragraph":"Original: בּשׂמת"},{"paragraph":"Transliteration: bośmath"},{"paragraph":"Phonetic: bos-math'"},{"paragraph":""},{"paragraph":"பஸ்மாத்து, பஸ்மாத் - பெபெசொ."},{"paragraph":"நறுமணம்"},{"paragraph":""},{"paragraph":"Bashemathor Basmath = \"spice\""},{"paragraph":""},{"paragraph":"1. ஏசாவின் ஏத்திய மனைவி - இஸ்மவேலின் குமாரத்தி - நெபோயோத்தின் சகோதரன்"},{"paragraph":"2. சாலொமோனின் குமாரத்தி அகிமாசின் மனைவி"},{"paragraph":""},{"paragraph":"Cognate: <a href=\"https://wordofgod.in/bibledictionary/ஸ்ட்ராங்க்ஸ்-எபிரேய-அகராதி/#/H1313 - בּשׂם - bâśâm - baw-sawm'/1313\">H1313</a>, <a href=\"https://wordofgod.in/bibledictionary/ஸ்ட்ராங்க்ஸ்-எபிரேய-அகராதி/#/H1314 - בּשׂם בּשׂם - beśem bôśem - beh'-sem/1314\">H1314</a>, <a href=\"https://wordofgod.in/bibledictionary/ஸ்ட்ராங்க்ஸ்-எபிரேய-அகராதி/#/H1315 - בּשׂמת - bośmath - bos-math'/1315\">H1315</a>, <a href=\"https://wordofgod.in/bibledictionary/ஸ்ட்ராங்க்ஸ்-எபிரேய-அகராதி/#/H3005 - יבשׂם - yibśâm - yib-sawm'/3005\">H3005</a>, <a href=\"https://wordofgod.in/bibledictionary/ஸ்ட்ராங்க்ஸ்-எபிரேய-அகராதி/#/H4017 - מבשׂם - mibśâm - mib-sawm'/4017\">H4017</a>"}]}