{"word":"H1437 - גּדּלתּי - giddaltı̂y - ghid-dal'-tee","sections":[{"paragraph":""},{"paragraph":"Original: גּדּלתּי"},{"paragraph":"Transliteration: giddaltı̂y"},{"paragraph":"Phonetic: ghid-dal'-tee"},{"paragraph":""},{"paragraph":"கிதல்தி - ஆ.பெசொ."},{"paragraph":"தேவன் பெரியவர் என்று நான் சொல்கிறேன்\", \"நான் பெரியவனாக்குகிறேன்\""},{"paragraph":""},{"paragraph":"Giddalti = \"I make great\""},{"paragraph":""},{"paragraph":"ஏமானின் குமாரர்களில் ஒருவன் - ராஜாவுடைய சொப்பனக்காரன்"},{"paragraph":""},{"paragraph":"Cognate: <a href=\"https://wordofgod.in/bibledictionary/ஸ்ட்ராங்க்ஸ்-எபிரேய-அகராதி/#/H1419 - גּדל גּדול - gâdôl gâdôl - gaw-dole'/1419\">H1419</a>, <a href=\"https://wordofgod.in/bibledictionary/ஸ்ட்ராங்க்ஸ்-எபிரேய-அகராதி/#/H1420 - גּדוּלּה גּדלּה גּדוּלה - gedûlâh gedûllâh gedûllâh - ghed-oo-law'/1420\">H1420</a>, <a href=\"https://wordofgod.in/bibledictionary/ஸ்ட்ராங்க்ஸ்-எபிரேய-அகராதி/#/H1431 - גּדל - gâdal - gaw-dal'/1431\">H1431</a>, <a href=\"https://wordofgod.in/bibledictionary/ஸ்ட்ராங்க்ஸ்-எபிரேய-அகராதி/#/H1432 - גּדל - gâdêl - gaw-dale'/1432\">H1432</a>, <a href=\"https://wordofgod.in/bibledictionary/ஸ்ட்ராங்க்ஸ்-எபிரேய-அகராதி/#/H1433 - גּדל - gôdel - go'-del/1433\">H1433</a>, <a href=\"https://wordofgod.in/bibledictionary/ஸ்ட்ராங்க்ஸ்-எபிரேய-அகராதி/#/H1434 - גּדל - gedil - ghed-eel'/1434\">H1434</a>, <a href=\"https://wordofgod.in/bibledictionary/ஸ்ட்ராங்க்ஸ்-எபிரேய-அகராதி/#/H1435 - גּדּל - giddêl - ghid-dale'/1435\">H1435</a>, <a href=\"https://wordofgod.in/bibledictionary/ஸ்ட்ராங்க்ஸ்-எபிரேய-அகராதி/#/H1436 - גּדליהוּ גּדליה - gedalyâh gedalyâhû - ghed-al-yaw'/1436\">H1436</a>, <a href=\"https://wordofgod.in/bibledictionary/ஸ்ட்ராங்க்ஸ்-எபிரேய-அகராதி/#/H1437 - גּדּלתּי - giddaltı̂y - ghid-dal'-tee/1437\">H1437</a>, <a href=\"https://wordofgod.in/bibledictionary/ஸ்ட்ராங்க்ஸ்-எபிரேய-அகராதி/#/H3012 - יגדּליהוּ - yigdalyâhû - yig-dal-yaw'-hoo/3012\">H3012</a>, <a href=\"https://wordofgod.in/bibledictionary/ஸ்ட்ராங்க்ஸ்-எபிரேய-அகராதி/#/H4024 - מגדּל מגדּול - migdôl migdôl - mig-dole'/4024\">H4024</a>, <a href=\"https://wordofgod.in/bibledictionary/ஸ்ட்ராங்க்ஸ்-எபிரேய-அகராதி/#/H4026 - מגדּלה מגדּל - migdâl migdâlâh - mig-dawl'/4026\">H4026</a>, <a href=\"https://wordofgod.in/bibledictionary/ஸ்ட்ராங்க்ஸ்-எபிரேய-அகராதி/#/H4027 - מגדּל־אל - migdal-'êl - mig-dal-ale'/4027\">H4027</a>, <a href=\"https://wordofgod.in/bibledictionary/ஸ்ட்ராங்க்ஸ்-எபிரேய-அகராதி/#/H4028 - מגדּל־גּד - migdal-gâd - migdal-gawd'/4028\">H4028</a>, <a href=\"https://wordofgod.in/bibledictionary/ஸ்ட்ராங்க்ஸ்-எபிரேய-அகராதி/#/H4029 - מגדּל־עדר - migdal-‛êder - mig-dal'-ay'-der/4029\">H4029</a>"}]}