{"word":"H1162 - בּעז - bô‛az - bo'az","sections":[{"paragraph":""},{"paragraph":"Original: בּעז"},{"paragraph":"Transliteration: bô‛az"},{"paragraph":"Phonetic: bo'az"},{"paragraph":""},{"paragraph":"போவாஸ் - ஆபெசொ."},{"paragraph":"\"துரிதம்\""},{"paragraph":""},{"paragraph":"Boaz = \"fleetness\""},{"paragraph":""},{"paragraph":"1. தாவீதின் முன்னோர் ரூத்தின் உறவின்முறை மீட்பன்"},{"paragraph":"2. சாலொமோனின் தேவாலயத்திலுள்ள மண்டபத்தில் இடதுபுறத்தில் நிறுவப்பட்ட இரண்டு வெண்கலத் தூண்கள்"}]}