{"word":"H1141 - בּניהוּ בּניה - benâyâh benâyâhû - ben-aw-yaw'","sections":[{"paragraph":""},{"paragraph":"Original: בּניהוּ בּניה"},{"paragraph":"Transliteration: benâyâh benâyâhû"},{"paragraph":"Phonetic: ben-aw-yaw'"},{"paragraph":""},{"paragraph":"பெனயா,பெனாயா - ஆபெசொ."},{"paragraph":"யெகோவா கட்டியிருக்கிறார்"},{"paragraph":""},{"paragraph":"Benaiah = \"Jehovah has built\" or \"Yahweh has built up\""},{"paragraph":""},{"paragraph":"1. தாவீதின் பராக்கிரமசாலிகளில் ஒருவன்"},{"paragraph":"2. பிரதோனியன் எப்பிராயீமன் தாவீதின் 30 பராக்கிரமசாலிகளில் ஒருவன் 11 ஆவது வகுப்பிற்குத் தலைவன்"},{"paragraph":"3. சிமிபோனியன் - சிமியோன் குடும்பத்தாரின் பிரபு"},{"paragraph":"4. லேவியன் - தாவீதின் காலத்தில் அலமோத் என்னும் வாத்தியத்தில் இசைத்தவன்"},{"paragraph":"5. தாவீதின் காலத்திலிருந்த ஆசாரியன் - உடன்படிக்கைப் பெட்டிக்கு முன்பாக எக்காளம் ஊதுவதற்கு நியமிக்கப்பட்டவன்"},{"paragraph":"6. லேவியர் - ஆசாபின் குமாரர்"},{"paragraph":"7. எசேக்கியாவின் காலத்திலிருந்த லேவியர்"},{"paragraph":"8. எஸ்றாவின் காலத்திலிருந்த நான்கு இஸ்ரவேலர் அந்நிய ஜாதி ஸ்திரீகளை விவாகம் பண்ணியவர்கள்"},{"paragraph":"9. பெலத்தியாவின் தகப்பன்"},{"paragraph":""},{"paragraph":"Cognate: <a href=\"https://wordofgod.in/bibledictionary/ஸ்ட்ராங்க்ஸ்-எபிரேய-அகராதி/#/H1129 - בּנה - bânâh - baw-naw'/1129\">H1129</a>, <a href=\"https://wordofgod.in/bibledictionary/ஸ்ட்ராங்க்ஸ்-எபிரேய-அகராதி/#/H1131 - בּנּוּי - binnûy - bin-noo'-ee/1131\">H1131</a>, <a href=\"https://wordofgod.in/bibledictionary/ஸ்ட்ராங்க்ஸ்-எபிரேய-அகராதி/#/H1137 - בּני - bânı̂y - baw-nee'/1137\">H1137</a>, <a href=\"https://wordofgod.in/bibledictionary/ஸ்ட்ராங்க்ஸ்-எபிரேய-அகராதி/#/H1138 - בּוּני בּנּי - bûnnı̂y bûnı̂y - boon-nee'/1138\">H1138</a>, <a href=\"https://wordofgod.in/bibledictionary/ஸ்ட்ராங்க்ஸ்-எபிரேய-அகராதி/#/H1140 - בּניה - binyâh - bin-yaw'/1140\">H1140</a>, <a href=\"https://wordofgod.in/bibledictionary/ஸ்ட்ராங்க்ஸ்-எபிரேய-அகராதி/#/H1141 - בּניהוּ בּניה - benâyâh benâyâhû - ben-aw-yaw'/1141\">H1141</a>, <a href=\"https://wordofgod.in/bibledictionary/ஸ்ட்ராங்க்ஸ்-எபிரேய-அகராதி/#/H1146 - בּנין - binyân - bin-yawn'/1146\">H1146</a>, <a href=\"https://wordofgod.in/bibledictionary/ஸ்ட்ராங்க்ஸ்-எபிரேய-அகராதி/#/H2995 - יבנאל - yabne'êl - yab-neh-ale'/2995\">H2995</a>, <a href=\"https://wordofgod.in/bibledictionary/ஸ்ட்ராங்க்ஸ்-எபிரேய-அகராதி/#/H2996 - יבנה - yabneh - yab-neh'/2996\">H2996</a>, <a href=\"https://wordofgod.in/bibledictionary/ஸ்ட்ராங்க்ஸ்-எபிரேய-அகராதி/#/H2997 - יבניה - yibneyâh - yib-neh-yaw'/2997\">H2997</a>, <a href=\"https://wordofgod.in/bibledictionary/ஸ்ட்ராங்க்ஸ்-எபிரேய-அகராதி/#/H2998 - יבניּה - yibnı̂yâh - yib-nee-yaw'/2998\">H2998</a>, <a href=\"https://wordofgod.in/bibledictionary/ஸ்ட்ராங்க்ஸ்-எபிரேய-அகராதி/#/H4011 - מבנה - mibneh - mib-neh'/4011\">H4011</a>, <a href=\"https://wordofgod.in/bibledictionary/ஸ்ட்ராங்க்ஸ்-எபிரேய-அகராதி/#/H4012 - מבנּי - mebûnnay - meb-oon-hah'-ee/4012\">H4012</a>, <a href=\"https://wordofgod.in/bibledictionary/ஸ்ட்ராங்க்ஸ்-எபிரேய-அகராதி/#/H8403 - תּבנית - tabnı̂yth - tab-neeth'/8403\">H8403</a>"}]}