{"word":"H1018 - בּית האצל - bêyth hâ'êtsel - bayth haw-ay'-tsel","sections":[{"paragraph":""},{"paragraph":"Original: בּית האצל"},{"paragraph":"Transliteration: bêyth hâ'êtsel"},{"paragraph":"Phonetic: bayth haw-ay'-tsel"},{"paragraph":""},{"paragraph":"பெத்ஏசேல் - ஓர் இடத்தின் பெயர்"},{"paragraph":"Beth-ezel = \"ஒடுக்கத்தின் வீடு\" \"house of narrowing\""},{"paragraph":"யூதாவிலுள்ள ஓரிடம்"},{"paragraph":""},{"paragraph":"Cognate: <a href=\"https://wordofgod.in/bibledictionary/ஸ்ட்ராங்க்ஸ்-எபிரேய-அகராதி/#/H1018 - בּית האצל - bêyth hâ'êtsel - bayth haw-ay'-tsel/1018\">H1018</a>, <a href=\"https://wordofgod.in/bibledictionary/ஸ்ட்ராங்க்ஸ்-எபிரேய-அகராதி/#/H678 - אציל - 'âtsı̂yl - aw-tseel'/6783\">H678</a>, <a href=\"https://wordofgod.in/bibledictionary/ஸ்ட்ராங்க்ஸ்-எபிரேய-அகராதி/#/H679 - אצּיל - 'atstsı̂yl - ats-tseel'/6798\">H679</a>, <a href=\"https://wordofgod.in/bibledictionary/ஸ்ட்ராங்க்ஸ்-எபிரேய-அகராதி/#/H680 - אצל - 'âtsal - aw-tsal'/6808\">H680</a>, <a href=\"https://wordofgod.in/bibledictionary/ஸ்ட்ராங்க்ஸ்-எபிரேய-அகராதி/#/H681 - אצל - 'êtsel - ay'-tsel/6813\">H681</a>, <a href=\"https://wordofgod.in/bibledictionary/ஸ்ட்ராங்க்ஸ்-எபிரேய-அகராதி/#/H682 - אצל - 'atsêl - aw-tsale'/6823\">H682</a>, <a href=\"https://wordofgod.in/bibledictionary/ஸ்ட்ராங்க்ஸ்-எபிரேய-அகராதி/#/H683 - אצליהוּ - 'ătsalyâhû - ats-al-yaw'-hoo/6831\">H683</a>"}]}