{"word":"H1405 - גּבּתון - gibbethôn - ghib-beth-one'","sections":[{"paragraph":""},{"paragraph":"Original: גּבּתון"},{"paragraph":"Transliteration: gibbethôn"},{"paragraph":"Phonetic: ghib-beth-one'"},{"paragraph":""},{"paragraph":"கிபெத்தோன் - ஓர் இடத்தின் பெயர்"},{"paragraph":"குன்று, மலை"},{"paragraph":""},{"paragraph":"Gibbethon = \"mound\""},{"paragraph":""},{"paragraph":"தாணிலுள்ள பெலிஸ்தியரின் பட்டணம் - கோகாத்திய லேவியருக்கு இந்தப் பட்டணம் கொடுக்கப்பட்டது"},{"paragraph":""},{"paragraph":"Cognate: <a href=\"https://wordofgod.in/bibledictionary/ஸ்ட்ராங்க்ஸ்-எபிரேய-அகராதி/#/H1354 - גב - gab - gab/1354\">H1354</a>, <a href=\"https://wordofgod.in/bibledictionary/ஸ்ட்ராங்க்ஸ்-எபிரேய-அகராதி/#/H1359 - גּוב גּב - gôb gôb - gobe/1359\">H1359</a>, <a href=\"https://wordofgod.in/bibledictionary/ஸ்ட்ராங்க்ஸ்-எபிரேய-அகராதி/#/H1373 - גּבּי - gabbay - gab-bah'ee/1373\">H1373</a>, <a href=\"https://wordofgod.in/bibledictionary/ஸ்ட்ராங்க்ஸ்-எபிரேய-அகராதி/#/H1405 - גּבּתון - gibbethôn - ghib-beth-one'/1405\">H1405</a>, <a href=\"https://wordofgod.in/bibledictionary/ஸ்ட்ராங்க்ஸ்-எபிரேய-அகராதி/#/H5543 - סלּי סלוּא סלּוּא סלּוּ - salû salû' sâlû' sallay - sal-loo'/5543\">H5543</a>"}]}