{"word":"H109 - אדב - 'âdab - aw-dab'","sections":[{"paragraph":""},{"paragraph":"Original: אדב"},{"paragraph":"Transliteration: 'âdab"},{"paragraph":"Phonetic: aw-dab'"},{"paragraph":""},{"paragraph":"வினைச்சொல் - வேதனைப்படு"},{"paragraph":""},{"paragraph":"to grieve, to cause grief"},{"paragraph":"(in the Hiphil) to cause to grieve, to grieve, to cause grief"},{"paragraph":""},{"paragraph":"Cognate: <a href=\"https://wordofgod.in/bibledictionary/ஸ்ட்ராங்க்ஸ்-எபிரேய-அகராதி/#/H109 - אדב - 'âdab - aw-dab'/1093\">H109</a>, <a href=\"https://wordofgod.in/bibledictionary/ஸ்ட்ராங்க்ஸ்-எபிரேய-அகராதி/#/H110 - אדבּאל - 'adbe'êl - ad-beh-ale'/1102\">H110</a>"}]}