{"word":"H1005 - בּית - bayith - bah-yith","sections":[{"paragraph":""},{"paragraph":"Original: בּית"},{"paragraph":"Transliteration: bayith"},{"paragraph":"Phonetic: bah-yith"},{"paragraph":""},{"paragraph":"ஆலயம்,வீடு - ஆ.பெ.சொ."},{"paragraph":""},{"paragraph":"a house (of men), (of God)"},{"paragraph":""},{"paragraph":"Cognate: <a href=\"https://wordofgod.in/bibledictionary/ஸ்ட்ராங்க்ஸ்-எபிரேய-அகராதி/#/H1005 - בּית - bayith - bah-yith/1005\">H1005</a>, <a href=\"https://wordofgod.in/bibledictionary/ஸ்ட்ராங்க்ஸ்-எபிரேய-அகராதி/#/H956 - בּוּת - bûth - booth/956\">H956</a>"}]}