{"word":"H1206 - בּץ - bôts - botse","sections":[{"paragraph":""},{"paragraph":"Original: בּץ"},{"paragraph":"Transliteration: bôts"},{"paragraph":"Phonetic: botse"},{"paragraph":""},{"paragraph":"உளை - ஆ.பெசொ."},{"paragraph":""},{"paragraph":"mire"},{"paragraph":""},{"paragraph":"Cognate: <a href=\"https://wordofgod.in/bibledictionary/ஸ்ட்ராங்க்ஸ்-எபிரேய-அகராதி/#/H1206 - בּץ - bôts - botse/1206\">H1206</a>, <a href=\"https://wordofgod.in/bibledictionary/ஸ்ட்ராங்க்ஸ்-எபிரேய-அகராதி/#/H1207 - בּצּה - bitstsâh - bits-tsaw'/1207\">H1207</a>, <a href=\"https://wordofgod.in/bibledictionary/ஸ்ட்ராங்க்ஸ்-எபிரேய-அகராதி/#/H949 - בּוצץ - bôtsêts - bo-tsates'/949\">H949</a>"}]}