{"word":"H1283 - בּריעה - berı̂y‛âh - ber-ee'-aw","sections":[{"paragraph":""},{"paragraph":"Original: בּריעה"},{"paragraph":"Transliteration: berı̂y‛âh"},{"paragraph":"Phonetic: ber-ee'-aw"},{"paragraph":""},{"paragraph":"பெரியா - ஆ.பெசொ."},{"paragraph":"\"நண்பனோடு\""},{"paragraph":""},{"paragraph":"Beriah \"with a friend\""},{"paragraph":""},{"paragraph":"1. ஆசேரின் குமாரன்"},{"paragraph":"2. எப்பிராயீமின் குமாரன்"},{"paragraph":"3. பென்யமீன் கோத்திரத்தான்"},{"paragraph":"4. லேவியன்"},{"paragraph":""},{"paragraph":"Cognate: <a href=\"https://wordofgod.in/bibledictionary/ஸ்ட்ராங்க்ஸ்-எபிரேய-அகராதி/#/H1264 - בּרום - berôm - ber-ome'/1264\">H1264</a>, <a href=\"https://wordofgod.in/bibledictionary/ஸ்ட்ராங்க்ஸ்-எபிரேய-அகராதி/#/H1283 - בּריעה - berı̂y‛âh - ber-ee'-aw/1283\">H1283</a>, <a href=\"https://wordofgod.in/bibledictionary/ஸ்ட்ராங்க்ஸ்-எபிரேய-அகராதி/#/H1284 - בּריעי - berı̂y‛ı̂y - ber-ee-ee'/1284\">H1284</a>, <a href=\"https://wordofgod.in/bibledictionary/ஸ்ட்ராங்க்ஸ்-எபிரேய-அகராதி/#/H1298 - בּרע - bera‛ - beh'-rah/1298\">H1298</a>"}]}