{"word":"H1222 - בּצר - betsar - bets-ar'","sections":[{"paragraph":""},{"paragraph":"Original: בּצר"},{"paragraph":"Transliteration: betsar"},{"paragraph":"Phonetic: bets-ar'"},{"paragraph":""},{"paragraph":"பசும்பொன், தங்கம், பொன் - ஆ.பெசொ."},{"paragraph":""},{"paragraph":"precious ore, gold, ring-gold"},{"paragraph":""},{"paragraph":"Cognate: <a href=\"https://wordofgod.in/bibledictionary/ஸ்ட்ராங்க்ஸ்-எபிரேய-அகராதி/#/H1222 - בּצר - betsar - bets-ar'/1222\">H1222</a>, <a href=\"https://wordofgod.in/bibledictionary/ஸ்ட்ராங்க்ஸ்-எபிரேய-அகராதி/#/H3334 - יצר - yâtsar - yaw-tsar'/3334\">H3334</a>, <a href=\"https://wordofgod.in/bibledictionary/ஸ்ட்ராங்க்ஸ்-எபிரேய-அகராதி/#/H4712 - מצר - mêtsar - may-tsar'/4712\">H4712</a>, <a href=\"https://wordofgod.in/bibledictionary/ஸ்ட்ராங்க்ஸ்-எபிரேய-அகராதி/#/H6862 - צר צר - tsar tsâr - tsar/6862\">H6862</a>, <a href=\"https://wordofgod.in/bibledictionary/ஸ்ட்ராங்க்ஸ்-எபிரேய-அகராதி/#/H6869 - צרה - tsârâh - tsaw-raw'/6869\">H6869</a>, <a href=\"https://wordofgod.in/bibledictionary/ஸ்ட்ராங்க்ஸ்-எபிரேய-அகராதி/#/H6872 - צרר צרור - tserôr tserôr - tser-ore'/6872\">H6872</a>, <a href=\"https://wordofgod.in/bibledictionary/ஸ்ட்ராங்க்ஸ்-எபிரேய-அகராதி/#/H6887 - צרר - tsârar - tsaw-rar'/6887\">H6887</a>"}]}