{"word":"H1104 - בּלע - bâla‛ - beh'-lah","sections":[{"paragraph":""},{"paragraph":"Original: בּלע"},{"paragraph":"Transliteration: bâla‛"},{"paragraph":"Phonetic: beh'-lah"},{"paragraph":""},{"paragraph":"வினைச்சொல் - விழுங்கு. அவ மதி, விழுங்கிப்போடு, அழி அகற்ற மூடு, நிர்மூலமாக்கு,முழுகிப்போ, நாசமடை"},{"paragraph":""},{"paragraph":"to swallow down, to swallow up, to engulf, to eat up"},{"paragraph":"a (Qal)"},{"paragraph":"1) to swallow down"},{"paragraph":"2) to swallow up, to engulf"},{"paragraph":"b (Niphal) to be swallowed up"},{"paragraph":"c (Piel)"},{"paragraph":"1) to swallow"},{"paragraph":"2) to swallow up, to engulf"},{"paragraph":"3) squandering (figurative)"},{"paragraph":"d) (Pual) to be swallowed up"},{"paragraph":"e) (Hithpael) to be ended"},{"paragraph":""},{"paragraph":"Cognate: <a href=\"https://wordofgod.in/bibledictionary/ஸ்ட்ராங்க்ஸ்-எபிரேய-அகராதி/#/H1104 - בּלע - bâla‛ - beh'-lah/1104\">H1104</a>, <a href=\"https://wordofgod.in/bibledictionary/ஸ்ட்ராங்க்ஸ்-எபிரேய-அகராதி/#/H1105 - בּלע - bela‛ - beh-lah/1105\">H1105</a>, <a href=\"https://wordofgod.in/bibledictionary/ஸ்ட்ராங்க்ஸ்-எபிரேய-அகராதி/#/H1106 - בּלע - bela‛ - beh'-lah/1106\">H1106</a>, <a href=\"https://wordofgod.in/bibledictionary/ஸ்ட்ராங்க்ஸ்-எபிரேய-அகராதி/#/H1108 - בּלעי - bal‛ı̂y - bel-ee'/1108\">H1108</a>, <a href=\"https://wordofgod.in/bibledictionary/ஸ்ட்ராங்க்ஸ்-எபிரேய-அகராதி/#/H1109 - בּלעם - bil‛âm - bil-awm'/1109\">H1109</a>"}]}