{"word":"H1251 - בּר - bar - bar","sections":[{"paragraph":""},{"paragraph":"Original: בּר"},{"paragraph":"Transliteration: bar"},{"paragraph":"Phonetic: bar"},{"paragraph":""},{"paragraph":"வெளி - ஆ.பெசொ."},{"paragraph":""},{"paragraph":"a field"},{"paragraph":""},{"paragraph":"Cognate: <a href=\"https://wordofgod.in/bibledictionary/ஸ்ட்ராங்க்ஸ்-எபிரேய-அகராதி/#/H1251 - בּר - bar - bar/1251\">H1251</a>, <a href=\"https://wordofgod.in/bibledictionary/ஸ்ட்ராங்க்ஸ்-எபிரேய-அகராதி/#/H1321 - בּשׂר - beśar - bes-ar'/1321\">H1321</a>, <a href=\"https://wordofgod.in/bibledictionary/ஸ்ட்ராங்க்ஸ்-எபிரேய-அகராதி/#/H1325 - בּת - bath - bath/1325\">H1325</a>"}]}