{"word":"H1207 - בּצּה - bitstsâh - bits-tsaw'","sections":[{"paragraph":""},{"paragraph":"Original: בּצּה"},{"paragraph":"Transliteration: bitstsâh"},{"paragraph":"Phonetic: bits-tsaw'"},{"paragraph":""},{"paragraph":"சேறு, உளை, உளையான பள்ளம் - பெ.பெ.சொ."},{"paragraph":""},{"paragraph":"a swamp, a marsh"},{"paragraph":""},{"paragraph":"Cognate: <a href=\"https://wordofgod.in/bibledictionary/ஸ்ட்ராங்க்ஸ்-எபிரேய-அகராதி/#/H1206 - בּץ - bôts - botse/1206\">H1206</a>, <a href=\"https://wordofgod.in/bibledictionary/ஸ்ட்ராங்க்ஸ்-எபிரேய-அகராதி/#/H1207 - בּצּה - bitstsâh - bits-tsaw'/1207\">H1207</a>, <a href=\"https://wordofgod.in/bibledictionary/ஸ்ட்ராங்க்ஸ்-எபிரேய-அகராதி/#/H949 - בּוצץ - bôtsêts - bo-tsates'/949\">H949</a>"}]}