{"word":"H1318 - בּשׁס - bâshas - baw-shas'","sections":[{"paragraph":""},{"paragraph":"Original: בּשׁס"},{"paragraph":"Transliteration: bâshas"},{"paragraph":"Phonetic: baw-shas'"},{"paragraph":""},{"paragraph":"வினைச்சொல் - மிதி"},{"paragraph":""},{"paragraph":"to tread down, to trample; (Poel) trampling"},{"paragraph":""},{"paragraph":"Cognate: <a href=\"https://wordofgod.in/bibledictionary/ஸ்ட்ராங்க்ஸ்-எபிரேய-அகராதி/#/H1318 - בּשׁס - bâshas - baw-shas'/1318\">H1318</a>, <a href=\"https://wordofgod.in/bibledictionary/ஸ்ட்ராங்க்ஸ்-எபிரேய-அகராதி/#/H1328 - בּתוּאל - bethû'êl - beth-oo-ale'/1328\">H1328</a>, <a href=\"https://wordofgod.in/bibledictionary/ஸ்ட்ராங்க்ஸ்-எபிரேய-அகராதி/#/H1329 - בּתוּל - bethûl - beth-ool'/1329\">H1329</a>"}]}