{"word":"H1422 - גּדּוּפה - gedûphâh - ghed-oo-faw'","sections":[{"paragraph":""},{"paragraph":"Original: גּדּוּפה"},{"paragraph":"Transliteration: gedûphâh"},{"paragraph":"Phonetic: ghed-oo-faw'"},{"paragraph":""},{"paragraph":"நிந்தை - பெபெ.சொ."},{"paragraph":""},{"paragraph":"a taunt"},{"paragraph":""},{"paragraph":"Cognate: <a href=\"https://wordofgod.in/bibledictionary/ஸ்ட்ராங்க்ஸ்-எபிரேய-அகராதி/#/H1421 - גּדּפה גּדּוּפה גּדּף גּדּוּף - giddûph giddûph giddûphâh giddûphâh - ghid-doof'/1421\">H1421</a>, <a href=\"https://wordofgod.in/bibledictionary/ஸ்ட்ராங்க்ஸ்-எபிரேய-அகராதி/#/H1422 - גּדּוּפה - gedûphâh - ghed-oo-faw'/1422\">H1422</a>, <a href=\"https://wordofgod.in/bibledictionary/ஸ்ட்ராங்க்ஸ்-எபிரேய-அகராதி/#/H1442 - גּדף - gâdaph - gaw-daf'/1442\">H1442</a>"}]}