{"word":"H1279 - בּריה - biryâh - beer-yaw'","sections":[{"paragraph":""},{"paragraph":"Original: בּריה"},{"paragraph":"Transliteration: biryâh"},{"paragraph":"Phonetic: beer-yaw'"},{"paragraph":""},{"paragraph":"சமையல், பலகாரம் - பெபெ.சொ."},{"paragraph":""},{"paragraph":"food"},{"paragraph":""},{"paragraph":"Cognate: <a href=\"https://wordofgod.in/bibledictionary/ஸ்ட்ராங்க்ஸ்-எபிரேய-அகராதி/#/H1262 - בּרה - bârâh - baw-raw'/1262\">H1262</a>, <a href=\"https://wordofgod.in/bibledictionary/ஸ்ட்ராங்க்ஸ்-எபிரேய-அகராதி/#/H1267 - בּרוּת - bârûth - baw-rooth,/1267\">H1267</a>, <a href=\"https://wordofgod.in/bibledictionary/ஸ்ட்ராங்க்ஸ்-எபிரேய-அகராதி/#/H1279 - בּריה - biryâh - beer-yaw'/1279\">H1279</a>"}]}