{"word":"H1155 - בּסר - bôser - bo'ser","sections":[{"paragraph":""},{"paragraph":"Original: בּסר"},{"paragraph":"Transliteration: bôser"},{"paragraph":"Phonetic: bo'ser"},{"paragraph":""},{"paragraph":"திராட்சைச் செடிகள், திராட்சக் காய்கள் - ஆபெ.சொ."},{"paragraph":""},{"paragraph":"unripe grapes, sour grapes"},{"paragraph":""},{"paragraph":"Cognate: <a href=\"https://wordofgod.in/bibledictionary/ஸ்ட்ராங்க்ஸ்-எபிரேய-அகராதி/#/H1154 - בּסר - beser - beh'-ser/1154\">H1154</a>, <a href=\"https://wordofgod.in/bibledictionary/ஸ்ட்ராங்க்ஸ்-எபிரேய-அகராதி/#/H1155 - בּסר - bôser - bo'ser/1155\">H1155</a>"}]}