{"word":"H1083 - בּלגּה - bilgâh - bil-gaw'","sections":[{"paragraph":""},{"paragraph":"Original: בּלגּה"},{"paragraph":"Transliteration: bilgâh"},{"paragraph":"Phonetic: bil-gaw'"},{"paragraph":""},{"paragraph":"பில்கா - பெயர்ச்சொல்"},{"paragraph":"சிரிப்பு, பிரகாசம்"},{"paragraph":"Bilgah = \"மகிழ்ச்சி \" \"cheerfulness\""},{"paragraph":"1. ஆசாரியன் - தாவீதின் காலத்தில் 15 ஆம் வகுப்பைச் சேர்ந்தவன்"},{"paragraph":"2. ஆசாரியன் - செருபாபேலோடு கூட வந்தவன்"},{"paragraph":""},{"paragraph":"Cognate: <a href=\"https://wordofgod.in/bibledictionary/ஸ்ட்ராங்க்ஸ்-எபிரேய-அகராதி/#/H1082 - בּלג - bâlag - baw-lag'/1082\">H1082</a>, <a href=\"https://wordofgod.in/bibledictionary/ஸ்ட்ராங்க்ஸ்-எபிரேய-அகராதி/#/H1083 - בּלגּה - bilgâh - bil-gaw'/1083\">H1083</a>, <a href=\"https://wordofgod.in/bibledictionary/ஸ்ட்ராங்க்ஸ்-எபிரேய-அகராதி/#/H1084 - בּלגּי - bilgay - bil-gah'ee/1084\">H1084</a>, <a href=\"https://wordofgod.in/bibledictionary/ஸ்ட்ராங்க்ஸ்-எபிரேய-அகராதி/#/H1085 - בּלדּד - bildad - bil-dad'/1085\">H1085</a>, <a href=\"https://wordofgod.in/bibledictionary/ஸ்ட்ராங்க்ஸ்-எபிரேய-அகராதி/#/H1088 - בּלה - bâlâh - baw-law'/1088\">H1088</a>, <a href=\"https://wordofgod.in/bibledictionary/ஸ்ட்ராங்க்ஸ்-எபிரேய-அகராதி/#/H4010 - מבליגית - mablı̂ygı̂yth - mab-leeg-eeth'/4010\">H4010</a>"}]}