{"word":"H1143 - בּנים - bênayim - bay-nah'-yim","sections":[{"paragraph":""},{"paragraph":"Original: בּנים"},{"paragraph":"Transliteration: bênayim"},{"paragraph":"Phonetic: bay-nah'-yim"},{"paragraph":""},{"paragraph":"பலசாலி, தனித்துப் போரிடுகிறவர், நடுவே, இரண்டு சேனைகளுக்கு நடுவிலுள்ள இடைவெளி - இரட்டையானச் சொல்"},{"paragraph":""},{"paragraph":"between, the space between two armies; man of the space between armies, that is, champion (of Goliath) (metonymy)"},{"paragraph":""},{"paragraph":"Cognate: <a href=\"https://wordofgod.in/bibledictionary/ஸ்ட்ராங்க்ஸ்-எபிரேய-அகராதி/#/H1002 - בּירה - bı̂yrâh - bee-raw'/1002\">H1002</a>, <a href=\"https://wordofgod.in/bibledictionary/ஸ்ட்ராங்க்ஸ்-எபிரேய-அகராதி/#/H1003 - בּירנית - bı̂yrânı̂yth - bee-raw-neeth'/1003\">H1003</a>, <a href=\"https://wordofgod.in/bibledictionary/ஸ்ட்ராங்க்ஸ்-எபிரேய-அகராதி/#/H1004 - בּית - bayith - bah'-yith/1004\">H1004</a>, <a href=\"https://wordofgod.in/bibledictionary/ஸ்ட்ராங்க்ஸ்-எபிரேய-அகராதி/#/H1143 - בּנים - bênayim - bay-nah'-yim/1143\">H1143</a>, <a href=\"https://wordofgod.in/bibledictionary/ஸ்ட்ராங்க்ஸ்-எபிரேய-அகராதி/#/H2985 - יבין - yâbı̂yn - yaw-bene'/2985\">H2985</a>, <a href=\"https://wordofgod.in/bibledictionary/ஸ்ட்ராங்க்ஸ்-எபிரேய-அகராதி/#/H4000 - מבון - mâbôn - maw-bone'/4000\">H4000</a>, <a href=\"https://wordofgod.in/bibledictionary/ஸ்ட்ராங்க்ஸ்-எபிரேய-அகராதி/#/H8394 - תּובנה תּבוּנה תּבוּן - tâbûn tebûnâh tôbûnâh - taw-boon'/8394\">H8394</a>, <a href=\"https://wordofgod.in/bibledictionary/ஸ்ட்ராங்க்ஸ்-எபிரேய-அகராதி/#/H946 - בּוּנה - bûnâh - boo-naw/946\">H946</a>, <a href=\"https://wordofgod.in/bibledictionary/ஸ்ட்ராங்க்ஸ்-எபிரேய-அகராதி/#/H995 - בּין - bı̂yn - bene/995\">H995</a>, <a href=\"https://wordofgod.in/bibledictionary/ஸ்ட்ராங்க்ஸ்-எபிரேய-அகராதி/#/H996 - בּין - bêyn - bane/996\">H996</a>, <a href=\"https://wordofgod.in/bibledictionary/ஸ்ட்ராங்க்ஸ்-எபிரேய-அகராதி/#/H998 - בּינה - bı̂ynâh - bee-naw'/998\">H998</a>"}]}