{"word":"H1254 - בּרא - bârâ' - baw-raw'","sections":[{"paragraph":""},{"paragraph":"Original: בּרא"},{"paragraph":"Transliteration: bârâ'"},{"paragraph":"Phonetic: baw-raw'"},{"paragraph":""},{"paragraph":"வினைச்சொல் - சிருஷ்டி, உண்டாக்கு, படை, நேரிடச்செய், வெட்டிப்போடு, தெரிந்துகொள், கொழுக்கப்பண்ணு. சிருஷ்டிக்கப்படு, உண்டாக்கப்படு"},{"paragraph":""},{"paragraph":"1) to create, to shape, to form"},{"paragraph":""},{"paragraph":"a) (Qal) to shape, to fashion, to create (always with God as subject)"},{"paragraph":"1) used of heaven and earth"},{"paragraph":"2) used of individual man"},{"paragraph":"3) used of new conditions and circumstances"},{"paragraph":"4) used of transformations"},{"paragraph":"b) (Niphal) to be created"},{"paragraph":"1) used of heaven and earth"},{"paragraph":"2) used of birth"},{"paragraph":"3) used of something new"},{"paragraph":"4) used of miracles"},{"paragraph":"c) (Piel)"},{"paragraph":"1) to cut down"},{"paragraph":"2) to cut out"},{"paragraph":""},{"paragraph":"2) to be fat; (Hiphil) to make yourselves fat"},{"paragraph":""},{"paragraph":"Cognate: <a href=\"https://wordofgod.in/bibledictionary/ஸ்ட்ராங்க்ஸ்-எபிரேய-அகராதி/#/H1254 - בּרא - bârâ' - baw-raw'/1254\">H1254</a>, <a href=\"https://wordofgod.in/bibledictionary/ஸ்ட்ராங்க்ஸ்-எபிரேய-அகராதி/#/H1256 - בּראיה - berâ'yâh - ber-aw-yaw'/1256\">H1256</a>, <a href=\"https://wordofgod.in/bibledictionary/ஸ்ட்ராங்க்ஸ்-எபிரேய-அகராதி/#/H1274 - בּרי - berı̂y - ber-ee'/1274\">H1274</a>, <a href=\"https://wordofgod.in/bibledictionary/ஸ்ட்ராங்க்ஸ்-எபிரேய-அகராதி/#/H1277 - בּריא - bârı̂y' - baw-ree'/1277\">H1277</a>, <a href=\"https://wordofgod.in/bibledictionary/ஸ்ட்ராங்க்ஸ்-எபிரேய-அகராதி/#/H1278 - בּריאה - berı̂y'âh - ber-ee-aw'/1278\">H1278</a>"}]}