{"word":"H1093 - בּלו - belô - bel-o'","sections":[{"paragraph":""},{"paragraph":"Original: בּלו"},{"paragraph":"Transliteration: belô"},{"paragraph":"Phonetic: bel-o'"},{"paragraph":""},{"paragraph":"தீர்வை, வரி - ஆ.பெசொ."},{"paragraph":""},{"paragraph":"tribute"},{"paragraph":""},{"paragraph":"Cognate: <a href=\"https://wordofgod.in/bibledictionary/ஸ்ட்ராங்க்ஸ்-எபிரேய-அகராதி/#/H1080 - בּלא - belâ' - bel-aw'/1080\">H1080</a>, <a href=\"https://wordofgod.in/bibledictionary/ஸ்ட்ராங்க்ஸ்-எபிரேய-அகராதி/#/H1093 - בּלו - belô - bel-o'/1093\">H1093</a>, <a href=\"https://wordofgod.in/bibledictionary/ஸ்ட்ராங்க்ஸ்-எபிரேய-அகராதி/#/H1096 - בּלטשׁאצּר - bêlṭesha'tstsar - bale-tesh-ats-tsar'/1096\">H1096</a>, <a href=\"https://wordofgod.in/bibledictionary/ஸ்ட்ராங்க்ஸ்-எபிரேய-அகராதி/#/H1113 - בּלשׁאצּר - bêlsha'tstsar - bale-shats-tsar/1113\">H1113</a>"}]}