{"word":"H1436 - גּדליהוּ גּדליה - gedalyâh gedalyâhû - ghed-al-yaw'","sections":[{"paragraph":""},{"paragraph":"Original: גּדליהוּ גּדליה"},{"paragraph":"Transliteration: gedalyâh gedalyâhû"},{"paragraph":"Phonetic: ghed-al-yaw'"},{"paragraph":""},{"paragraph":"கெதலியா - ஆ.பெ.சொ."},{"paragraph":"யெகோவா பெரியவர்"},{"paragraph":""},{"paragraph":"Gedaliah = \"Jehovah (Yahweh) is great\""},{"paragraph":""},{"paragraph":"1. எதுத்தூனின் குமாரன் - தாவீதின் காலத்தவன்"},{"paragraph":"2. அகிக்காமின் குமாரன் - யூதாவின் தேசாதிபதி - நேபுகாத்நேச்சார் இவனைப் பதவியில் அமர்த்தினான்"},{"paragraph":"3. பஸ்கூரின் குமாரன் - எரேமியாவின் காலத்தில் எருசலேமிலிருந்த தலைவர்களில் ஒருவன்"},{"paragraph":"4. அமரியாவின் குமாரன் - எசேக்கியாவின் பேரன்"},{"paragraph":"5. எஸ்றாவின் காலத்தில் இருந்தவன் - யெசுவாவின் குமாரன் - ஆசாரியன்"},{"paragraph":""},{"paragraph":"Cognate: <a href=\"https://wordofgod.in/bibledictionary/ஸ்ட்ராங்க்ஸ்-எபிரேய-அகராதி/#/H1419 - גּדל גּדול - gâdôl gâdôl - gaw-dole'/1419\">H1419</a>, <a href=\"https://wordofgod.in/bibledictionary/ஸ்ட்ராங்க்ஸ்-எபிரேய-அகராதி/#/H1420 - גּדוּלּה גּדלּה גּדוּלה - gedûlâh gedûllâh gedûllâh - ghed-oo-law'/1420\">H1420</a>, <a href=\"https://wordofgod.in/bibledictionary/ஸ்ட்ராங்க்ஸ்-எபிரேய-அகராதி/#/H1431 - גּדל - gâdal - gaw-dal'/1431\">H1431</a>, <a href=\"https://wordofgod.in/bibledictionary/ஸ்ட்ராங்க்ஸ்-எபிரேய-அகராதி/#/H1432 - גּדל - gâdêl - gaw-dale'/1432\">H1432</a>, <a href=\"https://wordofgod.in/bibledictionary/ஸ்ட்ராங்க்ஸ்-எபிரேய-அகராதி/#/H1433 - גּדל - gôdel - go'-del/1433\">H1433</a>, <a href=\"https://wordofgod.in/bibledictionary/ஸ்ட்ராங்க்ஸ்-எபிரேய-அகராதி/#/H1434 - גּדל - gedil - ghed-eel'/1434\">H1434</a>, <a href=\"https://wordofgod.in/bibledictionary/ஸ்ட்ராங்க்ஸ்-எபிரேய-அகராதி/#/H1435 - גּדּל - giddêl - ghid-dale'/1435\">H1435</a>, <a href=\"https://wordofgod.in/bibledictionary/ஸ்ட்ராங்க்ஸ்-எபிரேய-அகராதி/#/H1436 - גּדליהוּ גּדליה - gedalyâh gedalyâhû - ghed-al-yaw'/1436\">H1436</a>, <a href=\"https://wordofgod.in/bibledictionary/ஸ்ட்ராங்க்ஸ்-எபிரேய-அகராதி/#/H1437 - גּדּלתּי - giddaltı̂y - ghid-dal'-tee/1437\">H1437</a>, <a href=\"https://wordofgod.in/bibledictionary/ஸ்ட்ராங்க்ஸ்-எபிரேய-அகராதி/#/H3012 - יגדּליהוּ - yigdalyâhû - yig-dal-yaw'-hoo/3012\">H3012</a>, <a href=\"https://wordofgod.in/bibledictionary/ஸ்ட்ராங்க்ஸ்-எபிரேய-அகராதி/#/H4024 - מגדּל מגדּול - migdôl migdôl - mig-dole'/4024\">H4024</a>, <a href=\"https://wordofgod.in/bibledictionary/ஸ்ட்ராங்க்ஸ்-எபிரேய-அகராதி/#/H4026 - מגדּלה מגדּל - migdâl migdâlâh - mig-dawl'/4026\">H4026</a>, <a href=\"https://wordofgod.in/bibledictionary/ஸ்ட்ராங்க்ஸ்-எபிரேய-அகராதி/#/H4027 - מגדּל־אל - migdal-'êl - mig-dal-ale'/4027\">H4027</a>, <a href=\"https://wordofgod.in/bibledictionary/ஸ்ட்ராங்க்ஸ்-எபிரேய-அகராதி/#/H4028 - מגדּל־גּד - migdal-gâd - migdal-gawd'/4028\">H4028</a>, <a href=\"https://wordofgod.in/bibledictionary/ஸ்ட்ராங்க்ஸ்-எபிரேய-அகராதி/#/H4029 - מגדּל־עדר - migdal-‛êder - mig-dal'-ay'-der/4029\">H4029</a>"}]}