{"word":"H1266 - בּרות - berôth - ber-oth'","sections":[{"paragraph":""},{"paragraph":"Original: בּרות"},{"paragraph":"Transliteration: berôth"},{"paragraph":"Phonetic: ber-oth'"},{"paragraph":""},{"paragraph":"தேவதாருமரம் - ஆ.பெசொ."},{"paragraph":""},{"paragraph":"cypress, fir, juniper, pine"},{"paragraph":""},{"paragraph":"Cognate: <a href=\"https://wordofgod.in/bibledictionary/ஸ்ட்ராங்க்ஸ்-எபிரேய-அகராதி/#/H1265 - בּרושׁ - berôsh - ber-osh'/1265\">H1265</a>, <a href=\"https://wordofgod.in/bibledictionary/ஸ்ட்ராங்க்ஸ்-எபிரேய-அகராதி/#/H1266 - בּרות - berôth - ber-oth'/1266\">H1266</a>, <a href=\"https://wordofgod.in/bibledictionary/ஸ்ட்ராங்க்ஸ்-எபிரேய-அகராதி/#/H1306 - בּרשׁע - birsha‛ - beer-shah'/1306\">H1306</a>"}]}