{"word":"H1327 - בּתּה - battâh - bat-taw'","sections":[{"paragraph":""},{"paragraph":"Original: בּתּה"},{"paragraph":"Transliteration: battâh"},{"paragraph":"Phonetic: bat-taw'"},{"paragraph":""},{"paragraph":"வனாந்தரம் - பெ.பெசொ."},{"paragraph":""},{"paragraph":"a cliff, a precipice, steep"},{"paragraph":""},{"paragraph":"Cognate: <a href=\"https://wordofgod.in/bibledictionary/ஸ்ட்ராங்க்ஸ்-எபிரேய-அகராதி/#/H1324 - בּת - bath - bath/1324\">H1324</a>, <a href=\"https://wordofgod.in/bibledictionary/ஸ்ட்ராங்க்ஸ்-எபிரேய-அகராதி/#/H1326 - בּתה - bâthâh - baw-thaw'/1326\">H1326</a>, <a href=\"https://wordofgod.in/bibledictionary/ஸ்ட்ராங்க்ஸ்-எபிரேய-அகராதி/#/H1327 - בּתּה - battâh - bat-taw'/1327\">H1327</a>"}]}