{"word":"H1108 - בּלעי - bal‛ı̂y - bel-ee'","sections":[{"paragraph":""},{"paragraph":"Original: בּלעי"},{"paragraph":"Transliteration: bal‛ı̂y"},{"paragraph":"Phonetic: bel-ee'"},{"paragraph":""},{"paragraph":"பேலாவியர் - ஆபெசொ."},{"paragraph":"Belaites = \"விழுங்குதல்\" \"swallowing\""},{"paragraph":"பேலாவின் சந்ததியான்"},{"paragraph":""},{"paragraph":"Cognate: <a href=\"https://wordofgod.in/bibledictionary/ஸ்ட்ராங்க்ஸ்-எபிரேய-அகராதி/#/H1104 - בּלע - bâla‛ - beh'-lah/1104\">H1104</a>, <a href=\"https://wordofgod.in/bibledictionary/ஸ்ட்ராங்க்ஸ்-எபிரேய-அகராதி/#/H1105 - בּלע - bela‛ - beh-lah/1105\">H1105</a>, <a href=\"https://wordofgod.in/bibledictionary/ஸ்ட்ராங்க்ஸ்-எபிரேய-அகராதி/#/H1106 - בּלע - bela‛ - beh'-lah/1106\">H1106</a>, <a href=\"https://wordofgod.in/bibledictionary/ஸ்ட்ராங்க்ஸ்-எபிரேய-அகராதி/#/H1108 - בּלעי - bal‛ı̂y - bel-ee'/1108\">H1108</a>, <a href=\"https://wordofgod.in/bibledictionary/ஸ்ட்ராங்க்ஸ்-எபிரேய-அகராதி/#/H1109 - בּלעם - bil‛âm - bil-awm'/1109\">H1109</a>"}]}