{"word":"H1215 - בּצע - betsa‛ - beh'-tsah","sections":[{"paragraph":""},{"paragraph":"Original: בּצע"},{"paragraph":"Transliteration: betsa‛"},{"paragraph":"Phonetic: beh'-tsah"},{"paragraph":""},{"paragraph":"லாபம், பொருளாசை, திரவியக்கொள்ளை, ஆதாயம், பொழிவு, பிரயோஜனம் - ஆ.பெ.சொ."},{"paragraph":""},{"paragraph":"profit, unjust gain, gain (profit) acquired by violence"},{"paragraph":""},{"paragraph":"Cognate: <a href=\"https://wordofgod.in/bibledictionary/ஸ்ட்ராங்க்ஸ்-எபிரேய-அகராதி/#/H1214 - בּצע - bâtsa‛ - baw-tsah'/1214\">H1214</a>, <a href=\"https://wordofgod.in/bibledictionary/ஸ்ட்ராங்க்ஸ்-எபிரேய-அகராதி/#/H1215 - בּצע - betsa‛ - beh'-tsah/1215\">H1215</a>"}]}