{"word":"H1259 - בּרד - bârâd - baw-rawd'","sections":[{"paragraph":""},{"paragraph":"Original: בּרד"},{"paragraph":"Transliteration: bârâd"},{"paragraph":"Phonetic: baw-rawd'"},{"paragraph":""},{"paragraph":"கல்மழை - ஆ.பெசொ."},{"paragraph":"hail - தேவனுடைய நியாயத்தீர்ப்பைக் குறிக்கும் அடையாள வார்த்தை"},{"paragraph":""},{"paragraph":"Cognate: <a href=\"https://wordofgod.in/bibledictionary/ஸ்ட்ராங்க்ஸ்-எபிரேய-அகராதி/#/H1258 - בּרד - bârad - baw-rad'/1258\">H1258</a>, <a href=\"https://wordofgod.in/bibledictionary/ஸ்ட்ராங்க்ஸ்-எபிரேய-அகராதி/#/H1259 - בּרד - bârâd - baw-rawd'/1259\">H1259</a>, <a href=\"https://wordofgod.in/bibledictionary/ஸ்ட்ராங்க்ஸ்-எபிரேய-அகராதி/#/H1260 - בּרד - bered - beh'red/1260\">H1260</a>, <a href=\"https://wordofgod.in/bibledictionary/ஸ்ட்ராங்க்ஸ்-எபிரேய-அகராதி/#/H1261 - בּרד - bârôd - baw-rode'/1261\">H1261</a>"}]}