{"word":"H101 - אגּן - 'aggân - ag-gawn'","sections":[{"paragraph":""},{"paragraph":"Original: אגּן"},{"paragraph":"Transliteration: 'aggân"},{"paragraph":"Phonetic: ag-gawn'"},{"paragraph":""},{"paragraph":"பாத்திரம், கலசம் - ஆபெசொ."},{"paragraph":"1.பாத்திரம் (a bowl, basins)"},{"paragraph":"(1) சடங்குகளில் பயன்படுத்தப்படும் பாத்திரங்கள்."},{"paragraph":"(2) மனுஷனுடைய சரீரம்"},{"paragraph":"(3) எலியாக்கீமின் குடும்பம்"}]}