{"word":"H1356 - גּב - gêb - gabe","sections":[{"paragraph":""},{"paragraph":"Original: גּב"},{"paragraph":"Transliteration: gêb"},{"paragraph":"Phonetic: gabe"},{"paragraph":""},{"paragraph":"உத்திரம், வாய்க்கால், பள்ளம், கேபிம் - ஆ.பெசொ."},{"paragraph":""},{"paragraph":"a pit, a trench, a ditch, a beam, a rafter"},{"paragraph":""},{"paragraph":"Cognate: <a href=\"https://wordofgod.in/bibledictionary/ஸ்ட்ராங்க்ஸ்-எபிரேய-அகராதி/#/H1356 - גּב - gêb - gabe/1356\">H1356</a>, <a href=\"https://wordofgod.in/bibledictionary/ஸ்ட்ராங்க்ஸ்-எபிரேய-அகராதி/#/H1374 - גּבים - gêbı̂ym - gay-beem'/1374\">H1374</a>, <a href=\"https://wordofgod.in/bibledictionary/ஸ்ட்ராங்க்ஸ்-எபிரேய-அகராதி/#/H1461 - גּוּב - gûb - goob/1461\">H1461</a>, <a href=\"https://wordofgod.in/bibledictionary/ஸ்ட்ராங்க்ஸ்-எபிரேய-அகராதி/#/H1463 - גּוג - gôg - gohg/1463\">H1463</a>, <a href=\"https://wordofgod.in/bibledictionary/ஸ்ட்ராங்க்ஸ்-எபிரேய-அகராதி/#/H4031 - מגוג - mâgôg - maw-gogue'/4031\">H4031</a>"}]}