{"word":"H1372 - גּבּחת - gabbachath - gab-bakh'-ath","sections":[{"paragraph":""},{"paragraph":"Original: גּבּחת"},{"paragraph":"Transliteration: gabbachath"},{"paragraph":"Phonetic: gab-bakh'-ath"},{"paragraph":""},{"paragraph":"மொட்டைத்தலை, இராதது. வழுக்கை - பெபெ.சொ."},{"paragraph":""},{"paragraph":"a bald forehead, bald, a bare spot"},{"paragraph":""},{"paragraph":"Cognate: <a href=\"https://wordofgod.in/bibledictionary/ஸ்ட்ராங்க்ஸ்-எபிரேய-அகராதி/#/H1371 - גּבּח - gibbêach - ghib-bay'-akh/1371\">H1371</a>, <a href=\"https://wordofgod.in/bibledictionary/ஸ்ட்ராங்க்ஸ்-எபிரேய-அகராதி/#/H1372 - גּבּחת - gabbachath - gab-bakh'-ath/1372\">H1372</a>"}]}