{"word":"H138 - אדניּהוּ אדניּה - 'ădônı̂yâh 'ădônı̂yâhû - ad-o-nee-yaw'","sections":[{"paragraph":""},{"paragraph":"Original: אדניּהוּ אדניּה"},{"paragraph":"Transliteration: 'ădônı̂yâh 'ădônı̂yâhû"},{"paragraph":"Phonetic: ad-o-nee-yaw'"},{"paragraph":""},{"paragraph":"அதோனியா - ஆபெ.சொ."},{"paragraph":"\"என் ஆண்டவர் கர்த்தர்\""},{"paragraph":""},{"paragraph":"Adonijah = \"my lord is Jehovah (Yah)\""},{"paragraph":""},{"paragraph":"1. தாவீதின் நான்காவது குமாரன் - சாலொமோன் ஆட்சிப் பொறுப்பை ஏற்ற போது அவனுக்குப் போட்டியாக இருந்தவன்."},{"paragraph":"2. லேவியன் - நியாயப்பிரமாணத்தைப் போதிப்பதற்கு யோசபாத் இவனை அனுப்பினான்."},{"paragraph":"3. நெகேமியாவோடு இணைந்து உதவி செய்த ஜனங்களின் தலைவன்"},{"paragraph":""},{"paragraph":"Cognate: <a href=\"https://wordofgod.in/bibledictionary/ஸ்ட்ராங்க்ஸ்-எபிரேய-அகராதி/#/H113 - אדן אדון - 'âdôn 'âdôn - aw-done'/1138\">H113</a>, <a href=\"https://wordofgod.in/bibledictionary/ஸ்ட்ராங்க்ஸ்-எபிரேய-அகராதி/#/H114 - אדּון - 'addôn - ad-done'/114\">H114</a>, <a href=\"https://wordofgod.in/bibledictionary/ஸ்ட்ராங்க்ஸ்-எபிரேய-அகராதி/#/H134 - אדן - 'eden - eh'-den/1346\">H134</a>, <a href=\"https://wordofgod.in/bibledictionary/ஸ்ட்ராங்க்ஸ்-எபிரேய-அகராதி/#/H135 - אדּן - 'addân - ad-dawn'/1352\">H135</a>, <a href=\"https://wordofgod.in/bibledictionary/ஸ்ட்ராங்க்ஸ்-எபிரேய-அகராதி/#/H136 - אדני - 'ădônây - ad-o-noy'/1364\">H136</a>, <a href=\"https://wordofgod.in/bibledictionary/ஸ்ட்ராங்க்ஸ்-எபிரேய-அகராதி/#/H137 - אדני־בזק - 'ădônı̂y-bezeq - ad-o''-nee-beh'-zek/1372\">H137</a>, <a href=\"https://wordofgod.in/bibledictionary/ஸ்ட்ராங்க்ஸ்-எபிரேய-அகராதி/#/H138 - אדניּהוּ אדניּה - 'ădônı̂yâh 'ădônı̂yâhû - ad-o-nee-yaw'/1389\">H138</a>, <a href=\"https://wordofgod.in/bibledictionary/ஸ்ட்ராங்க்ஸ்-எபிரேய-அகராதி/#/H139 - אדני־צדק - 'ădônı̂y-tsedeq - ad-o''-nee-tseh'-dek/1396\">H139</a>, <a href=\"https://wordofgod.in/bibledictionary/ஸ்ட்ராங்க்ஸ்-எபிரேய-அகராதி/#/H140 - אדניקם - 'ădônı̂yqâm - ad-o-nee-kawm'/1402\">H140</a>, <a href=\"https://wordofgod.in/bibledictionary/ஸ்ட்ராங்க்ஸ்-எபிரேய-அகராதி/#/H141 - אדנירם - 'ădônı̂yrâm - ad-o-nee-rawm'/1415\">H141</a>, <a href=\"https://wordofgod.in/bibledictionary/ஸ்ட்ராங்க்ஸ்-எபிரேய-அகராதி/#/H151 - אדרם - 'ădôrâm - ad-o-rawm'/1510\">H151</a>"}]}