{"word":"H1089 - בּלהּ - bâlah - baw-lah'","sections":[{"paragraph":""},{"paragraph":"Original: בּלהּ"},{"paragraph":"Transliteration: bâlah"},{"paragraph":"Phonetic: baw-lah'"},{"paragraph":""},{"paragraph":"வினைச்சொல் - சங்கடப்படு"},{"paragraph":""},{"paragraph":"(Piel) to trouble"},{"paragraph":""},{"paragraph":"Cognate: <a href=\"https://wordofgod.in/bibledictionary/ஸ்ட்ராங்க்ஸ்-எபிரேய-அகராதி/#/H1089 - בּלהּ - bâlah - baw-lah'/1089\">H1089</a>, <a href=\"https://wordofgod.in/bibledictionary/ஸ்ட்ராங்க்ஸ்-எபிரேய-அகராதி/#/H1090 - בּלהה - bilhâh - bil-haw'/1090\">H1090</a>, <a href=\"https://wordofgod.in/bibledictionary/ஸ்ட்ராங்க்ஸ்-எபிரேய-அகராதி/#/H1091 - בּלּהה - ballâhâh - bal-law-haw'/1091\">H1091</a>, <a href=\"https://wordofgod.in/bibledictionary/ஸ்ட்ராங்க்ஸ்-எபிரேய-அகராதி/#/H1092 - בּלהן - bilhân - bil-hawn'/1092\">H1092</a>, <a href=\"https://wordofgod.in/bibledictionary/ஸ்ட்ராங்க்ஸ்-எபிரேய-அகராதி/#/H1095 - בּלטשׁאצּר - bêlṭesha'tstsar - bale-tesh-ats-tsar'/1095\">H1095</a>"}]}