{"word":"H117 - אדּיר - 'addı̂yr - ad-deer'","sections":[{"paragraph":""},{"paragraph":"Original: אדּיר"},{"paragraph":"Transliteration: 'addı̂yr"},{"paragraph":"Phonetic: ad-deer'"},{"paragraph":""},{"paragraph":"திரளான, பிரபுவான, ராஜாவான, மகத்துவமான, பெரிய மேன்மைபுள்ள, மகிமையுள்ள, பிரபலமான, பிரஸ்தாபமான, ஞானமான, மகா - பெயரடை"},{"paragraph":""},{"paragraph":"1. மகத்துவமான great, majestic"},{"paragraph":"(1) சமுத்திரத்தின் தண்ணீர்"},{"paragraph":"(2) மரம்"},{"paragraph":"(3) ராஜாக்கள், தேசங்கள், தேவர்கள்"},{"paragraph":""},{"paragraph":"2. பிரபல்பமானவர் a great one, majestic one - தலைவர்கள், வேலைக்காரர்கள். பிரபுக்கள் ஆகியவர்களைக் குறிப்பதற்குப் பயன்படுத்தப்படும் வார்த்தை."}]}