{"word":"H1308 - בּשׂור - beśôr - bes-ore'","sections":[{"paragraph":""},{"paragraph":"Original: בּשׂור"},{"paragraph":"Transliteration: beśôr"},{"paragraph":"Phonetic: bes-ore'"},{"paragraph":""},{"paragraph":"பேசோர் - ஓர் ஆற்றின் பெயர்"},{"paragraph":"\"மகிழ்ச்சி\""},{"paragraph":""},{"paragraph":"Besor = \"cheerful\""},{"paragraph":""},{"paragraph":"யூதாவின் தென்பகுதியில் பாயும் ஆறு - இது மத்தியதரைக்கடலில் கலக்கிறது"},{"paragraph":""},{"paragraph":"Cognate: <a href=\"https://wordofgod.in/bibledictionary/ஸ்ட்ராங்க்ஸ்-எபிரேய-அகராதி/#/H1308 - בּשׂור - beśôr - bes-ore'/1308\">H1308</a>, <a href=\"https://wordofgod.in/bibledictionary/ஸ்ட்ராங்க்ஸ்-எபிரேய-அகராதி/#/H1309 - בּשׂרה בּשׂורה - beśôrâh beśôrâh - bes-o-raw'/1309\">H1309</a>, <a href=\"https://wordofgod.in/bibledictionary/ஸ்ட்ராங்க்ஸ்-எபிரேய-அகராதி/#/H1319 - בּשׂר - bâśar - baw-sar'/1319\">H1319</a>, <a href=\"https://wordofgod.in/bibledictionary/ஸ்ட்ராங்க்ஸ்-எபிரேய-அகராதி/#/H1320 - בּשׂר - bâśâr - baw-sawr'/1320\">H1320</a>"}]}