{"word":"H1138 - בּוּני בּנּי - bûnnı̂y bûnı̂y - boon-nee'","sections":[{"paragraph":""},{"paragraph":"Original: בּוּני בּנּי"},{"paragraph":"Transliteration: bûnnı̂y bûnı̂y"},{"paragraph":"Phonetic: boon-nee'"},{"paragraph":""},{"paragraph":"புன்னி - ஆ.பெ.சொ."},{"paragraph":"Bunni = \"கட்டப்படுதல்\" \"built\""},{"paragraph":"1. நெமிேபாவின் காலத்திலிருந்த லேவியர்"},{"paragraph":"2. இதற்கு முன்பிருந்த மற்றொரு லேவியர்"},{"paragraph":""},{"paragraph":"Cognate: <a href=\"https://wordofgod.in/bibledictionary/ஸ்ட்ராங்க்ஸ்-எபிரேய-அகராதி/#/H1129 - בּנה - bânâh - baw-naw'/1129\">H1129</a>, <a href=\"https://wordofgod.in/bibledictionary/ஸ்ட்ராங்க்ஸ்-எபிரேய-அகராதி/#/H1131 - בּנּוּי - binnûy - bin-noo'-ee/1131\">H1131</a>, <a href=\"https://wordofgod.in/bibledictionary/ஸ்ட்ராங்க்ஸ்-எபிரேய-அகராதி/#/H1137 - בּני - bânı̂y - baw-nee'/1137\">H1137</a>, <a href=\"https://wordofgod.in/bibledictionary/ஸ்ட்ராங்க்ஸ்-எபிரேய-அகராதி/#/H1138 - בּוּני בּנּי - bûnnı̂y bûnı̂y - boon-nee'/1138\">H1138</a>, <a href=\"https://wordofgod.in/bibledictionary/ஸ்ட்ராங்க்ஸ்-எபிரேய-அகராதி/#/H1140 - בּניה - binyâh - bin-yaw'/1140\">H1140</a>, <a href=\"https://wordofgod.in/bibledictionary/ஸ்ட்ராங்க்ஸ்-எபிரேய-அகராதி/#/H1141 - בּניהוּ בּניה - benâyâh benâyâhû - ben-aw-yaw'/1141\">H1141</a>, <a href=\"https://wordofgod.in/bibledictionary/ஸ்ட்ராங்க்ஸ்-எபிரேய-அகராதி/#/H1146 - בּנין - binyân - bin-yawn'/1146\">H1146</a>, <a href=\"https://wordofgod.in/bibledictionary/ஸ்ட்ராங்க்ஸ்-எபிரேய-அகராதி/#/H2995 - יבנאל - yabne'êl - yab-neh-ale'/2995\">H2995</a>, <a href=\"https://wordofgod.in/bibledictionary/ஸ்ட்ராங்க்ஸ்-எபிரேய-அகராதி/#/H2996 - יבנה - yabneh - yab-neh'/2996\">H2996</a>, <a href=\"https://wordofgod.in/bibledictionary/ஸ்ட்ராங்க்ஸ்-எபிரேய-அகராதி/#/H2997 - יבניה - yibneyâh - yib-neh-yaw'/2997\">H2997</a>, <a href=\"https://wordofgod.in/bibledictionary/ஸ்ட்ராங்க்ஸ்-எபிரேய-அகராதி/#/H2998 - יבניּה - yibnı̂yâh - yib-nee-yaw'/2998\">H2998</a>, <a href=\"https://wordofgod.in/bibledictionary/ஸ்ட்ராங்க்ஸ்-எபிரேய-அகராதி/#/H4011 - מבנה - mibneh - mib-neh'/4011\">H4011</a>, <a href=\"https://wordofgod.in/bibledictionary/ஸ்ட்ராங்க்ஸ்-எபிரேய-அகராதி/#/H4012 - מבנּי - mebûnnay - meb-oon-hah'-ee/4012\">H4012</a>, <a href=\"https://wordofgod.in/bibledictionary/ஸ்ட்ராங்க்ஸ்-எபிரேய-அகராதி/#/H8403 - תּבנית - tabnı̂yth - tab-neeth'/8403\">H8403</a>"}]}