{"word":"H1303 - בּרקן - barqân - bar-kwan'","sections":[{"paragraph":""},{"paragraph":"Original: בּרקן"},{"paragraph":"Transliteration: barqân"},{"paragraph":"Phonetic: bar-kwan'"},{"paragraph":""},{"paragraph":"நெரிஞ்சல்கள் - ஆ.பெ.சொ."},{"paragraph":""},{"paragraph":"briers, briars"},{"paragraph":""},{"paragraph":"Cognate: <a href=\"https://wordofgod.in/bibledictionary/ஸ்ட்ராங்க்ஸ்-எபிரேய-அகராதி/#/H1299 - בּרק - bâraq - baw-rak'/1299\">H1299</a>, <a href=\"https://wordofgod.in/bibledictionary/ஸ்ட்ராங்க்ஸ்-எபிரேய-அகராதி/#/H1300 - בּרק - bârâq - baw-rawk'/1300\">H1300</a>, <a href=\"https://wordofgod.in/bibledictionary/ஸ்ட்ராங்க்ஸ்-எபிரேய-அகராதி/#/H1301 - בּרק - bârâq - baw-rawk'/1301\">H1301</a>, <a href=\"https://wordofgod.in/bibledictionary/ஸ்ட்ராங்க்ஸ்-எபிரேய-அகராதி/#/H1302 - בּרקוס - barqôs - bar-kose'/1302\">H1302</a>, <a href=\"https://wordofgod.in/bibledictionary/ஸ்ட்ராங்க்ஸ்-எபிரேய-அகராதி/#/H1303 - בּרקן - barqân - bar-kwan'/1303\">H1303</a>, <a href=\"https://wordofgod.in/bibledictionary/ஸ்ட்ராங்க்ஸ்-எபிரேய-அகராதி/#/H1304 - בּרקת בּרקת - bâreqath bâreqath - baw-reh'-keth/1304\">H1304</a>"}]}