{"word":"H1066 - בּכים - bôkkı̂ym - bo-keem'","sections":[{"paragraph":""},{"paragraph":"Original: בּכים"},{"paragraph":"Transliteration: bôkkı̂ym"},{"paragraph":"Phonetic: bo-keem'"},{"paragraph":""},{"paragraph":"போகீம் - பெயர்ச்சொல்"},{"paragraph":"\"அழுகை\""},{"paragraph":""},{"paragraph":"Bochim = \"weeping\""},{"paragraph":""},{"paragraph":"கில்காலுக்கு அருகிலுள்ள ஓரிடம் இங்கு இஸ்ரவேல் புத்திரர் அழுதார்கள்"},{"paragraph":""},{"paragraph":"Cognate: <a href=\"https://wordofgod.in/bibledictionary/ஸ்ட்ராங்க்ஸ்-எபிரேய-அகராதி/#/H1058 - בּכה - bâkâh - baw-kaw'/1058\">H1058</a>, <a href=\"https://wordofgod.in/bibledictionary/ஸ்ட்ராங்க்ஸ்-எபிரேய-அகராதி/#/H1059 - בּכה - bekeh - beh'-keh/1059\">H1059</a>, <a href=\"https://wordofgod.in/bibledictionary/ஸ்ட்ராங்க்ஸ்-எபிரேய-அகராதி/#/H1065 - בּכי - bekı̂y - bek-ee'/1065\">H1065</a>, <a href=\"https://wordofgod.in/bibledictionary/ஸ்ட்ராங்க்ஸ்-எபிரேய-அகராதி/#/H1066 - בּכים - bôkkı̂ym - bo-keem'/1066\">H1066</a>, <a href=\"https://wordofgod.in/bibledictionary/ஸ்ட்ராங்க்ஸ்-எபிரேய-அகராதி/#/H1068 - בּכית - bekı̂yth - bek-eeth'/1068\">H1068</a>, <a href=\"https://wordofgod.in/bibledictionary/ஸ்ட்ராங்க்ஸ்-எபிரேய-அகராதி/#/H439 - אלּון בּכוּת - 'allôn bâkûth - al-lone' baw-kooth'/4390\">H439</a>"}]}