{"word":"H1392 - גּבעל - gib‛ôl - ghib-ole'","sections":[{"paragraph":""},{"paragraph":"Original: גּבעל"},{"paragraph":"Transliteration: gib‛ôl"},{"paragraph":"Phonetic: ghib-ole'"},{"paragraph":""},{"paragraph":"துளிர்த்தல் - ஆ.பெ.சொ."},{"paragraph":""},{"paragraph":"bud"},{"paragraph":""},{"paragraph":"Cognate: <a href=\"https://wordofgod.in/bibledictionary/ஸ்ட்ராங்க்ஸ்-எபிரேய-அகராதி/#/H1375 - גּביע - gebı̂ya‛ - gheb-ee'-ah/1375\">H1375</a>, <a href=\"https://wordofgod.in/bibledictionary/ஸ்ட்ராங்க்ஸ்-எபிரேய-அகராதி/#/H1387 - גּבע - geba‛ - gheh'-bah/1387\">H1387</a>, <a href=\"https://wordofgod.in/bibledictionary/ஸ்ட்ராங்க்ஸ்-எபிரேய-அகராதி/#/H1388 - גּבעא - gib‛â' - ghib-aw'/1388\">H1388</a>, <a href=\"https://wordofgod.in/bibledictionary/ஸ்ட்ராங்க்ஸ்-எபிரேய-அகராதி/#/H1389 - גּבעה - gib‛âh - ghib-aw'/1389\">H1389</a>, <a href=\"https://wordofgod.in/bibledictionary/ஸ்ட்ராங்க்ஸ்-எபிரேய-அகராதி/#/H1390 - גּבעה - gib‛âh - ghib-aw'/1390\">H1390</a>, <a href=\"https://wordofgod.in/bibledictionary/ஸ்ட்ராங்க்ஸ்-எபிரேய-அகராதி/#/H1391 - גּבעון - gib‛ôn - ghib-ohn'/1391\">H1391</a>, <a href=\"https://wordofgod.in/bibledictionary/ஸ்ட்ராங்க்ஸ்-எபிரேய-அகராதி/#/H1392 - גּבעל - gib‛ôl - ghib-ole'/1392\">H1392</a>, <a href=\"https://wordofgod.in/bibledictionary/ஸ்ட்ராங்க்ஸ்-எபிரேய-அகராதி/#/H1393 - גּבעני - gib‛ônı̂y - ghib-o-nee'/1393\">H1393</a>, <a href=\"https://wordofgod.in/bibledictionary/ஸ்ட்ராங்க்ஸ்-எபிரேய-அகராதி/#/H1394 - גּבעת - gib‛ath - ghib-ath'/1394\">H1394</a>, <a href=\"https://wordofgod.in/bibledictionary/ஸ்ட்ராங்க்ஸ்-எபிரேய-அகராதி/#/H1395 - גּבעתי - gib‛âthı̂y - ghib-aw-thee'/1395\">H1395</a>, <a href=\"https://wordofgod.in/bibledictionary/ஸ்ட்ராங்க்ஸ்-எபிரேய-அகராதி/#/H25 - אבי גבעון - 'ăbı̂y gib‛ôn - ab-ee' ghib-one'/2530\">H25</a>, <a href=\"https://wordofgod.in/bibledictionary/ஸ்ட்ராங்க்ஸ்-எபிரேய-அகராதி/#/H4021 - מגבּעה - migbâ‛âh - mig-baw-aw'/4021\">H4021</a>"}]}