{"word":"H1414 - גּדד - gedad - ghed-ad'","sections":[{"paragraph":""},{"paragraph":"Original: גּדד"},{"paragraph":"Transliteration: gedad"},{"paragraph":"Phonetic: ghed-ad'"},{"paragraph":""},{"paragraph":"வினைச்சொல் - வெட்டு"},{"paragraph":""},{"paragraph":"to cut down, to hew down"},{"paragraph":""},{"paragraph":"Cognate: <a href=\"https://wordofgod.in/bibledictionary/ஸ்ட்ராங்க்ஸ்-எபிரேய-அகராதி/#/H1414 - גּדד - gedad - ghed-ad'/1414\">H1414</a>, <a href=\"https://wordofgod.in/bibledictionary/ஸ்ட்ராங்க்ஸ்-எபிரேய-அகராதி/#/H1459 - גּו - gav - gav/1459\">H1459</a>, <a href=\"https://wordofgod.in/bibledictionary/ஸ்ட்ராங்க்ஸ்-எபிரேய-அகராதி/#/H1490 - גּזבּר - gizbâr - ghiz-bawr'/1490\">H1490</a>"}]}