{"word":"H1271 - בּרזלּי - barzillay - bar-zil-lah'-ee","sections":[{"paragraph":""},{"paragraph":"Original: בּרזלּי"},{"paragraph":"Transliteration: barzillay"},{"paragraph":"Phonetic: bar-zil-lah'-ee"},{"paragraph":""},{"paragraph":"பர்சிலா, பர்சில்லா - ஆ.பெ.சொ."},{"paragraph":"\"என் இரும்பு\""},{"paragraph":""},{"paragraph":"Barzillai = \"my iron\""},{"paragraph":""},{"paragraph":"1. கீலேயாத்தின் தலைவன் - அப்சலோமின் கலகத்தை அடக்குவதற்குத் தாவீதிற்கு உதவி புரிந்தவன்"},{"paragraph":"2. ஆசாரியன் - கீலேயாத்தியனாகிய பர்சில்லாயின் மருமகன்"},{"paragraph":"3. இஸ்ரவேலன் - மகலாத் ஊரான் இவனுடைய குமாரன் ஆத்ரியேல் என்பவன் சவுலின் குமாரத்தியாகிய மீகாளை விவாகம் பண்ணினான்."},{"paragraph":""},{"paragraph":"Cognate: <a href=\"https://wordofgod.in/bibledictionary/ஸ்ட்ராங்க்ஸ்-எபிரேய-அகராதி/#/H1269 - בּרזות - birzôth - beer-zoth'/1269\">H1269</a>, <a href=\"https://wordofgod.in/bibledictionary/ஸ்ட்ராங்க்ஸ்-எபிரேய-அகராதி/#/H1270 - בּרזל - barzel - bar-zel'/1270\">H1270</a>, <a href=\"https://wordofgod.in/bibledictionary/ஸ்ட்ராங்க்ஸ்-எபிரேய-அகராதி/#/H1271 - בּרזלּי - barzillay - bar-zil-lah'-ee/1271\">H1271</a>"}]}