{"word":"H1231 - בּקּי - bûqqı̂y - book-kee'","sections":[{"paragraph":""},{"paragraph":"Original: בּקּי"},{"paragraph":"Transliteration: bûqqı̂y"},{"paragraph":"Phonetic: book-kee'"},{"paragraph":""},{"paragraph":"புக்கி - ஆ.பெசொ"},{"paragraph":"யெகோவாவினால் நிரூபிக்கப்பட்டது. யெகோவாவின் வாய் (ஓசை)"},{"paragraph":"Bukki = \"உருக்குதல்\" \"wasting\""},{"paragraph":"1. அபிசூவாவின் குமாரன் ஊசியின் தகப்பன்"},{"paragraph":"2. யொக்லியின் குமாரன் - தாண் கோத்திரத்தின் பிரபு - கானான் தேசத்து நிலங்களைக் கோத்திரங்களுக்குப் பங்கு பிரிப்பதற்கு நியமிக்கப்பட்டவர்களில் ஒருவன்"},{"paragraph":""},{"paragraph":"Cognate: <a href=\"https://wordofgod.in/bibledictionary/ஸ்ட்ராங்க்ஸ்-எபிரேய-அகராதி/#/H1231 - בּקּי - bûqqı̂y - book-kee'/1231\">H1231</a>, <a href=\"https://wordofgod.in/bibledictionary/ஸ்ட்ராங்க்ஸ்-எபிரேய-அகராதி/#/H1232 - בּקּיּה - bûqqı̂yâh - book-kee-yaw'/1232\">H1232</a>"}]}