{"word":"H1331 - בּתוּלים - bethûlı̂ym - beth-oo-leem'","sections":[{"paragraph":""},{"paragraph":"Original: בּתוּלים"},{"paragraph":"Transliteration: bethûlı̂ym"},{"paragraph":"Phonetic: beth-oo-leem'"},{"paragraph":""},{"paragraph":"கன்னிகை, கன்னிமை பெண்பால் - பெயர்ச்சொல்"},{"paragraph":""},{"paragraph":"virginity"},{"paragraph":""},{"paragraph":"Cognate: <a href=\"https://wordofgod.in/bibledictionary/ஸ்ட்ராங்க்ஸ்-எபிரேய-அகராதி/#/H1330 - בּתוּלה - bethûlâh - beth-oo-law'/1330\">H1330</a>, <a href=\"https://wordofgod.in/bibledictionary/ஸ்ட்ராங்க்ஸ்-எபிரேய-அகராதி/#/H1331 - בּתוּלים - bethûlı̂ym - beth-oo-leem'/1331\">H1331</a>"}]}