{"word":"H1071 - בּכר - beker - beh'-ker","sections":[{"paragraph":""},{"paragraph":"Original: בּכר"},{"paragraph":"Transliteration: beker"},{"paragraph":"Phonetic: beh'-ker"},{"paragraph":""},{"paragraph":"பெகேர் - ஆ.பெசொ."},{"paragraph":"இளம் ஆண் ஒட்டகம்"},{"paragraph":""},{"paragraph":"Becher = \"young camel\""},{"paragraph":""},{"paragraph":"1. எப்பிராயீமின் குமாரன்"},{"paragraph":"2. பென்யமீனின் குமாரன்"},{"paragraph":""},{"paragraph":"Cognate: <a href=\"https://wordofgod.in/bibledictionary/ஸ்ட்ராங்க்ஸ்-எபிரேய-அகராதி/#/H1060 - בּכור - bekôr - bek-ore'/1060\">H1060</a>, <a href=\"https://wordofgod.in/bibledictionary/ஸ்ட்ராங்க்ஸ்-எபிரேய-அகராதி/#/H1061 - בּכּוּר - bikkûr - bik-koor'/1061\">H1061</a>, <a href=\"https://wordofgod.in/bibledictionary/ஸ்ட்ராங்க்ஸ்-எபிரேய-அகராதி/#/H1062 - בּכרה בּכורה - bekôrâh bekôrâh - bek-o-raw'/1062\">H1062</a>, <a href=\"https://wordofgod.in/bibledictionary/ஸ்ட்ராங்க்ஸ்-எபிரேய-அகராதி/#/H1063 - בּכּוּרה - bikkûrâh - bik-koo-raw'/1063\">H1063</a>, <a href=\"https://wordofgod.in/bibledictionary/ஸ்ட்ராங்க்ஸ்-எபிரேய-அகராதி/#/H1064 - בּכורת - bekôrath - bek-o-rath'/1064\">H1064</a>, <a href=\"https://wordofgod.in/bibledictionary/ஸ்ட்ராங்க்ஸ்-எபிரேய-அகராதி/#/H1067 - בּכּירה - bekı̂yrâh - bek-ee-raw'/1067\">H1067</a>, <a href=\"https://wordofgod.in/bibledictionary/ஸ்ட்ராங்க்ஸ்-எபிரேய-அகராதி/#/H1069 - בּכר - bâkar - baw-kar'/1069\">H1069</a>, <a href=\"https://wordofgod.in/bibledictionary/ஸ்ட்ராங்க்ஸ்-எபிரேய-அகராதி/#/H1070 - בּכר - beker - beh'-ker/1070\">H1070</a>, <a href=\"https://wordofgod.in/bibledictionary/ஸ்ட்ராங்க்ஸ்-எபிரேய-அகராதி/#/H1071 - בּכר - beker - beh'-ker/1071\">H1071</a>, <a href=\"https://wordofgod.in/bibledictionary/ஸ்ட்ராங்க்ஸ்-எபிரேய-அகராதி/#/H1072 - בּכרה - bikrâh - bik-raw'/1072\">H1072</a>, <a href=\"https://wordofgod.in/bibledictionary/ஸ்ட்ராங்க்ஸ்-எபிரேய-அகராதி/#/H1073 - בּכּרה - bakkûrâh - bak-koo-raw'/1073\">H1073</a>, <a href=\"https://wordofgod.in/bibledictionary/ஸ்ட்ராங்க்ஸ்-எபிரேய-அகராதி/#/H1074 - בּכרוּ - bôkerû - bo-ker-oo'/1074\">H1074</a>, <a href=\"https://wordofgod.in/bibledictionary/ஸ்ட்ராங்க்ஸ்-எபிரேய-அகராதி/#/H1075 - בּכרי - bikrı̂y - bik-ree'/1075\">H1075</a>, <a href=\"https://wordofgod.in/bibledictionary/ஸ்ட்ராங்க்ஸ்-எபிரேய-அகராதி/#/H1076 - בּכרי - bakrı̂y - bak-ree'/1076\">H1076</a>, <a href=\"https://wordofgod.in/bibledictionary/ஸ்ட்ராங்க்ஸ்-எபிரேய-அகராதி/#/H1081 - בּלאדן - bal'ădân - bal-ad-awn'/1081\">H1081</a>"}]}