{"word":"H1354 - גב - gab - gab","sections":[{"paragraph":""},{"paragraph":"Original: גב"},{"paragraph":"Transliteration: gab"},{"paragraph":"Phonetic: gab"},{"paragraph":""},{"paragraph":"மேற்புறம் சக்கரங்கள், புருவம், சக்கரம், முதுகு வட்டம், குமிழ், மேடை, மண்டபம் - ஆ.பெ.சொ."},{"paragraph":""},{"paragraph":"a convex surface, the back"},{"paragraph":""},{"paragraph":"Cognate: <a href=\"https://wordofgod.in/bibledictionary/ஸ்ட்ராங்க்ஸ்-எபிரேய-அகராதி/#/H1354 - גב - gab - gab/1354\">H1354</a>, <a href=\"https://wordofgod.in/bibledictionary/ஸ்ட்ராங்க்ஸ்-எபிரேய-அகராதி/#/H1359 - גּוב גּב - gôb gôb - gobe/1359\">H1359</a>, <a href=\"https://wordofgod.in/bibledictionary/ஸ்ட்ராங்க்ஸ்-எபிரேய-அகராதி/#/H1373 - גּבּי - gabbay - gab-bah'ee/1373\">H1373</a>, <a href=\"https://wordofgod.in/bibledictionary/ஸ்ட்ராங்க்ஸ்-எபிரேய-அகராதி/#/H1405 - גּבּתון - gibbethôn - ghib-beth-one'/1405\">H1405</a>, <a href=\"https://wordofgod.in/bibledictionary/ஸ்ட்ராங்க்ஸ்-எபிரேய-அகராதி/#/H5543 - סלּי סלוּא סלּוּא סלּוּ - salû salû' sâlû' sallay - sal-loo'/5543\">H5543</a>"}]}