{"word":"H1209 - בּצי - bêtsay - bay-tsah'-ee","sections":[{"paragraph":""},{"paragraph":"Original: בּצי"},{"paragraph":"Transliteration: bêtsay"},{"paragraph":"Phonetic: bay-tsah'-ee"},{"paragraph":""},{"paragraph":"பேசாய், பெத்சாய் ஆண்பால் - பெயர்ச்சொல்"},{"paragraph":"Bezai = \"வெற்றி பெறுகிறவர்\" \"conqueror\""},{"paragraph":"எஸ்றாவின் காலத்தில் சிறையிருப்பிலிருந்து திரும்பி வந்தவர்களின் தலைவன்"},{"paragraph":""},{"paragraph":"Cognate: <a href=\"https://wordofgod.in/bibledictionary/ஸ்ட்ராங்க்ஸ்-எபிரேய-அகராதி/#/H1161 - בּעוּתים - bi‛ûthı̂ym - be-oo-theme'/1161\">H1161</a>, <a href=\"https://wordofgod.in/bibledictionary/ஸ்ட்ராங்க்ஸ்-எபிரேய-அகராதி/#/H1204 - בּעת - bâ‛ath - baw-ath'/1204\">H1204</a>, <a href=\"https://wordofgod.in/bibledictionary/ஸ்ட்ராங்க்ஸ்-எபிரேய-அகராதி/#/H1205 - בּעתה - be‛âthâh - beh-aw-thaw'/1205\">H1205</a>, <a href=\"https://wordofgod.in/bibledictionary/ஸ்ட்ராங்க்ஸ்-எபிரேய-அகராதி/#/H1209 - בּצי - bêtsay - bay-tsah'-ee/1209\">H1209</a>"}]}