{"word":"H1421 - גּדּפה גּדּוּפה גּדּף גּדּוּף - giddûph giddûph giddûphâh giddûphâh - ghid-doof'","sections":[{"paragraph":""},{"paragraph":"Original: גּדּפה גּדּוּפה גּדּף גּדּוּף"},{"paragraph":"Transliteration: giddûph giddûph giddûphâh giddûphâh"},{"paragraph":"Phonetic: ghid-doof'"},{"paragraph":""},{"paragraph":"நிந்தனை - ஆ.பெசொ."},{"paragraph":""},{"paragraph":"revilings, reviling words"},{"paragraph":""},{"paragraph":"Cognate: <a href=\"https://wordofgod.in/bibledictionary/ஸ்ட்ராங்க்ஸ்-எபிரேய-அகராதி/#/H1421 - גּדּפה גּדּוּפה גּדּף גּדּוּף - giddûph giddûph giddûphâh giddûphâh - ghid-doof'/1421\">H1421</a>, <a href=\"https://wordofgod.in/bibledictionary/ஸ்ட்ராங்க்ஸ்-எபிரேய-அகராதி/#/H1422 - גּדּוּפה - gedûphâh - ghed-oo-faw'/1422\">H1422</a>, <a href=\"https://wordofgod.in/bibledictionary/ஸ்ட்ராங்க்ஸ்-எபிரேய-அகராதி/#/H1442 - גּדף - gâdaph - gaw-daf'/1442\">H1442</a>"}]}