{"word":"H1124 - בּנה בּנא - benâ' benâh - ben-aw'","sections":[{"paragraph":""},{"paragraph":"Original: בּנה בּנא"},{"paragraph":"Transliteration: benâ' benâh"},{"paragraph":"Phonetic: ben-aw'"},{"paragraph":""},{"paragraph":"வினைச்சொல் - கட்டு, கட்டப்படு"},{"paragraph":""},{"paragraph":"to build"},{"paragraph":"a) (P'al) to build"},{"paragraph":"b) (Ithp'il) to be built"},{"paragraph":""},{"paragraph":"Cognate: <a href=\"https://wordofgod.in/bibledictionary/ஸ்ட்ராங்க்ஸ்-எபிரேய-அகராதி/#/H1124 - בּנה בּנא - benâ' benâh - ben-aw'/1124\">H1124</a>, <a href=\"https://wordofgod.in/bibledictionary/ஸ்ட்ராங்க்ஸ்-எபிரேய-அகராதி/#/H1147 - בּנין - binyân - bin-yawn'/1147\">H1147</a>"}]}