{"word":"H1301 - בּרק - bârâq - baw-rawk'","sections":[{"paragraph":""},{"paragraph":"Original: בּרק"},{"paragraph":"Transliteration: bârâq"},{"paragraph":"Phonetic: baw-rawk'"},{"paragraph":""},{"paragraph":"பாராக் - ஆபெசொ"},{"paragraph":"மின்னல்"},{"paragraph":""},{"paragraph":"Barak = \"lightning\" or \"lightning flash\""},{"paragraph":""},{"paragraph":"காதேஸ் ஊரானாகிய அபினோவாமின் குமாரன் - தீர்க்கதரிசியாகிய தெபொராளின் கட்டளையின்படி இஸ்ரவேல் புத்திரரை யாபீனின் அடிமைத்தனத்திலிருந்து விடுவித்தான் - யெஸ்ரயேலின் சமவெளியில் கானானியரைத் துரத்தினான்."},{"paragraph":""},{"paragraph":"Cognate: <a href=\"https://wordofgod.in/bibledictionary/ஸ்ட்ராங்க்ஸ்-எபிரேய-அகராதி/#/H1299 - בּרק - bâraq - baw-rak'/1299\">H1299</a>, <a href=\"https://wordofgod.in/bibledictionary/ஸ்ட்ராங்க்ஸ்-எபிரேய-அகராதி/#/H1300 - בּרק - bârâq - baw-rawk'/1300\">H1300</a>, <a href=\"https://wordofgod.in/bibledictionary/ஸ்ட்ராங்க்ஸ்-எபிரேய-அகராதி/#/H1301 - בּרק - bârâq - baw-rawk'/1301\">H1301</a>, <a href=\"https://wordofgod.in/bibledictionary/ஸ்ட்ராங்க்ஸ்-எபிரேய-அகராதி/#/H1302 - בּרקוס - barqôs - bar-kose'/1302\">H1302</a>, <a href=\"https://wordofgod.in/bibledictionary/ஸ்ட்ராங்க்ஸ்-எபிரேய-அகராதி/#/H1303 - בּרקן - barqân - bar-kwan'/1303\">H1303</a>, <a href=\"https://wordofgod.in/bibledictionary/ஸ்ட்ராங்க்ஸ்-எபிரேய-அகராதி/#/H1304 - בּרקת בּרקת - bâreqath bâreqath - baw-reh'-keth/1304\">H1304</a>"}]}