{"word":"H1261 - בּרד - bârôd - baw-rode'","sections":[{"paragraph":""},{"paragraph":"Original: בּרד"},{"paragraph":"Transliteration: bârôd"},{"paragraph":"Phonetic: baw-rode'"},{"paragraph":""},{"paragraph":"புள்ளியுள்ள, புள்ளிபுள்ளியான - பெயரடை"},{"paragraph":""},{"paragraph":"spotted, marked"},{"paragraph":""},{"paragraph":"Cognate: <a href=\"https://wordofgod.in/bibledictionary/ஸ்ட்ராங்க்ஸ்-எபிரேய-அகராதி/#/H1258 - בּרד - bârad - baw-rad'/1258\">H1258</a>, <a href=\"https://wordofgod.in/bibledictionary/ஸ்ட்ராங்க்ஸ்-எபிரேய-அகராதி/#/H1259 - בּרד - bârâd - baw-rawd'/1259\">H1259</a>, <a href=\"https://wordofgod.in/bibledictionary/ஸ்ட்ராங்க்ஸ்-எபிரேய-அகராதி/#/H1260 - בּרד - bered - beh'red/1260\">H1260</a>, <a href=\"https://wordofgod.in/bibledictionary/ஸ்ட்ராங்க்ஸ்-எபிரேய-அகராதி/#/H1261 - בּרד - bârôd - baw-rode'/1261\">H1261</a>"}]}