{"word":"H129 - אדמי - 'ădâmı̂y - ad-aw-mee'","sections":[{"paragraph":""},{"paragraph":"Original: אדמי"},{"paragraph":"Transliteration: 'ădâmı̂y"},{"paragraph":"Phonetic: ad-aw-mee'"},{"paragraph":""},{"paragraph":"ஆதமி - பெசொ"},{"paragraph":"\"துளையுள்ள நிலம்\""},{"paragraph":""},{"paragraph":"Adami = \"ground of piercing\""},{"paragraph":""},{"paragraph":"நப்தலி கோத்திரத்திலுள்ள அரணிப்பான ஓரிடம்."},{"paragraph":""},{"paragraph":"Cognate: <a href=\"https://wordofgod.in/bibledictionary/ஸ்ட்ராங்க்ஸ்-எபிரேய-அகராதி/#/H120 - אדם - 'âdâm - aw-dawm'/1200\">H120</a>, <a href=\"https://wordofgod.in/bibledictionary/ஸ்ட்ராங்க்ஸ்-எபிரேய-அகராதி/#/H121 - אדם - 'âdâm - aw-dawm'/1211\">H121</a>, <a href=\"https://wordofgod.in/bibledictionary/ஸ்ட்ராங்க்ஸ்-எபிரேய-அகராதி/#/H126 - אדמה - 'admâh - ad-maw'/1268\">H126</a>, <a href=\"https://wordofgod.in/bibledictionary/ஸ்ட்ராங்க்ஸ்-எபிரேய-அகராதி/#/H127 - אדמה - 'ădâmâh - ad-aw-maw'/1273\">H127</a>, <a href=\"https://wordofgod.in/bibledictionary/ஸ்ட்ராங்க்ஸ்-எபிரேய-அகராதி/#/H128 - אדמה - 'ădâmâh - ad-aw-maw'/1284\">H128</a>, <a href=\"https://wordofgod.in/bibledictionary/ஸ்ட்ராங்க்ஸ்-எபிரேய-அகராதி/#/H129 - אדמי - 'ădâmı̂y - ad-aw-mee'/1291\">H129</a>"}]}