{"word":"H1059 - בּכה - bekeh - beh'-keh","sections":[{"paragraph":""},{"paragraph":"Original: בּכה"},{"paragraph":"Transliteration: bekeh"},{"paragraph":"Phonetic: beh'-keh"},{"paragraph":""},{"paragraph":"அழுதல் -ஆ.பெசொ."},{"paragraph":""},{"paragraph":"a weeping"},{"paragraph":""},{"paragraph":"Cognate: <a href=\"https://wordofgod.in/bibledictionary/ஸ்ட்ராங்க்ஸ்-எபிரேய-அகராதி/#/H1058 - בּכה - bâkâh - baw-kaw'/1058\">H1058</a>, <a href=\"https://wordofgod.in/bibledictionary/ஸ்ட்ராங்க்ஸ்-எபிரேய-அகராதி/#/H1059 - בּכה - bekeh - beh'-keh/1059\">H1059</a>, <a href=\"https://wordofgod.in/bibledictionary/ஸ்ட்ராங்க்ஸ்-எபிரேய-அகராதி/#/H1065 - בּכי - bekı̂y - bek-ee'/1065\">H1065</a>, <a href=\"https://wordofgod.in/bibledictionary/ஸ்ட்ராங்க்ஸ்-எபிரேய-அகராதி/#/H1066 - בּכים - bôkkı̂ym - bo-keem'/1066\">H1066</a>, <a href=\"https://wordofgod.in/bibledictionary/ஸ்ட்ராங்க்ஸ்-எபிரேய-அகராதி/#/H1068 - בּכית - bekı̂yth - bek-eeth'/1068\">H1068</a>, <a href=\"https://wordofgod.in/bibledictionary/ஸ்ட்ராங்க்ஸ்-எபிரேய-அகராதி/#/H439 - אלּון בּכוּת - 'allôn bâkûth - al-lone' baw-kooth'/4390\">H439</a>"}]}