{"word":"H107 - אגּרת - 'iggereth - ig-eh'-reth","sections":[{"paragraph":""},{"paragraph":"Original: אגּרת"},{"paragraph":"Transliteration: 'iggereth"},{"paragraph":"Phonetic: ig-eh'-reth"},{"paragraph":""},{"paragraph":"நிருபம், கடிதம் - பெபெ.சொ."},{"paragraph":""},{"paragraph":"a letter, a missive"},{"paragraph":""},{"paragraph":"Cognate: <a href=\"https://wordofgod.in/bibledictionary/ஸ்ட்ராங்க்ஸ்-எபிரேய-அகராதி/#/H107 - אגּרת - 'iggereth - ig-eh'-reth/1072\">H107</a>, <a href=\"https://wordofgod.in/bibledictionary/ஸ்ட்ராங்க்ஸ்-எபிரேய-அகராதி/#/H94 - אגוּר - 'âgûr - aw-goor'/946\">H94</a>, <a href=\"https://wordofgod.in/bibledictionary/ஸ்ட்ராங்க்ஸ்-எபிரேய-அகராதி/#/H95 - אגורה - 'ăgôrâh - ag-o-raw'/953\">H95</a>"}]}