{"word":"H1234 - בּקע - bâqa‛ - baw-kah'","sections":[{"paragraph":""},{"paragraph":"Original: בּקע"},{"paragraph":"Transliteration: bâqa‛"},{"paragraph":"Phonetic: baw-kah'"},{"paragraph":""},{"paragraph":"வினைச்சொல் - பிரி, பிள, குஞ்சுபொரி, வசமாக்கிக்கொள், கீறிப்போடு, புகுந்துபோ, நொறுக்கு பாய்ந்தோடு, தகர், அதிர், வெட்டு, புறப்படு, பீறிட்டுப்போ, விழு, திற, கிழி, பிளர்க்கப்பண்ணு"},{"paragraph":""},{"paragraph":"to split, to cleave, to break open, to divide, to break through, to rip up, to break up, to tear"},{"paragraph":"a) (Qal)"},{"paragraph":"1) to cleave, to cleave open"},{"paragraph":"2) to break through, to break into"},{"paragraph":"b) (Niphal)"},{"paragraph":"1) to be cleft, to be torn open, to be split open"},{"paragraph":"2) to be broken into"},{"paragraph":"c) (Piel)"},{"paragraph":"1) to cleave, to cut to pieces, to tear open"},{"paragraph":"2) to break through, to break down"},{"paragraph":"d) (Pual)"},{"paragraph":"1) to be ripped open, to be torn op en"},{"paragraph":"2) to be rent"},{"paragraph":"3) to be broken into"},{"paragraph":"e) (Hiphil)"},{"paragraph":"1) to break into"},{"paragraph":"2) to break through"},{"paragraph":"f) (Hophal) to be broken into"},{"paragraph":"g) (Hithpael) to burst (themselves) open, to cleave asunder"},{"paragraph":""},{"paragraph":"Cognate: <a href=\"https://wordofgod.in/bibledictionary/ஸ்ட்ராங்க்ஸ்-எபிரேய-அகராதி/#/H1233 - בּקיע - beqı̂ya‛ - bek-ee'-ah/1233\">H1233</a>, <a href=\"https://wordofgod.in/bibledictionary/ஸ்ட்ராங்க்ஸ்-எபிரேய-அகராதி/#/H1234 - בּקע - bâqa‛ - baw-kah'/1234\">H1234</a>, <a href=\"https://wordofgod.in/bibledictionary/ஸ்ட்ராங்க்ஸ்-எபிரேய-அகராதி/#/H1235 - בּקע - beqa‛ - beh'-kah/1235\">H1235</a>, <a href=\"https://wordofgod.in/bibledictionary/ஸ்ட்ராங்க்ஸ்-எபிரேய-அகராதி/#/H1237 - בּקעה - biq‛âh - bik-aw'/1237\">H1237</a>"}]}