{"word":"H1288 - בּרך - bârak - baw-rak'","sections":[{"paragraph":""},{"paragraph":"Original: בּרך"},{"paragraph":"Transliteration: bârak"},{"paragraph":"Phonetic: baw-rak'"},{"paragraph":""},{"paragraph":"வினைச்சொல் - முழங்காற்படியிடு, ஆசீர்வதி, ஸ்தோத்திரப்படு, ஸ்தோத்திரம், உண்டாக்கு, தூஷி, புகழ், பெருமை பாராட்டு, வாழ்த்து"},{"paragraph":""},{"paragraph":"1) to bless, to kneel"},{"paragraph":"a) (Qal)"},{"paragraph":"1) to kneel"},{"paragraph":"2) to bless"},{"paragraph":"b) (Niphal) to be blessed, to bless oneself"},{"paragraph":"c) (Piel) to bless"},{"paragraph":"d) (Pual) to be blessed, to be adored"},{"paragraph":"e) (Hiphil) to cause to kneel"},{"paragraph":"f) (Hithpael) to bless oneself"},{"paragraph":"2) to praise, to salute, to curse"},{"paragraph":""},{"paragraph":"Cognate: <a href=\"https://wordofgod.in/bibledictionary/ஸ்ட்ராங்க்ஸ்-எபிரேய-அகராதி/#/H1263 - בּרוּך - bârûk - baw-rook'/1263\">H1263</a>, <a href=\"https://wordofgod.in/bibledictionary/ஸ்ட்ராங்க்ஸ்-எபிரேய-அகராதி/#/H1288 - בּרך - bârak - baw-rak'/1288\">H1288</a>, <a href=\"https://wordofgod.in/bibledictionary/ஸ்ட்ராங்க்ஸ்-எபிரேய-அகராதி/#/H1290 - בּרך - berek - beh'-rek/1290\">H1290</a>, <a href=\"https://wordofgod.in/bibledictionary/ஸ்ட்ராங்க்ஸ்-எபிரேய-அகராதி/#/H1292 - בּרכאל - bârak'êl - baw-rak-ale'/1292\">H1292</a>, <a href=\"https://wordofgod.in/bibledictionary/ஸ்ட்ராங்க்ஸ்-எபிரேய-அகராதி/#/H1293 - בּרכה - berâkâh - ber-aw-kaw'/1293\">H1293</a>, <a href=\"https://wordofgod.in/bibledictionary/ஸ்ட்ராங்க்ஸ்-எபிரேய-அகராதி/#/H1294 - בּרכה - berâkâh - ber-aw-kaw'/1294\">H1294</a>, <a href=\"https://wordofgod.in/bibledictionary/ஸ்ட்ராங்க்ஸ்-எபிரேய-அகராதி/#/H1295 - בּרכה - berêkâh - ber-ay-kaw'/1295\">H1295</a>, <a href=\"https://wordofgod.in/bibledictionary/ஸ்ட்ராங்க்ஸ்-எபிரேய-அகராதி/#/H1296 - בּרכיהוּ בּרכיה - berekyâh berekyâhû - beh-rek-yaw'/1296\">H1296</a>, <a href=\"https://wordofgod.in/bibledictionary/ஸ்ட்ராங்க்ஸ்-எபிரேய-அகராதி/#/H3000 - יברכיהוּ - yeberekyâhû - yeb-eh-rek-yaw'-hoo/3000\">H3000</a>"}]}