{"word":"H1109 - בּלעם - bil‛âm - bil-awm'","sections":[{"paragraph":""},{"paragraph":"Original: בּלעם"},{"paragraph":"Transliteration: bil‛âm"},{"paragraph":"Phonetic: bil-awm'"},{"paragraph":""},{"paragraph":"பீலியாம் - ஓர் இடத்தின் பெயர்"},{"paragraph":"பிலேயாம், பாலாம் - ஆ.பெ.சொ."},{"paragraph":"ஜனங்களின் பாகால் (எஜமான்)"},{"paragraph":"Balaam = \"ஜனங்களுடையவனல்ல \" \"not of the people\""},{"paragraph":"1. பேயோரின் குமாரன்"},{"paragraph":"2. மனாசேயிலுள்ள ஒரு பட்டணம்"},{"paragraph":""},{"paragraph":"Cognate: <a href=\"https://wordofgod.in/bibledictionary/ஸ்ட்ராங்க்ஸ்-எபிரேய-அகராதி/#/H1104 - בּלע - bâla‛ - beh'-lah/1104\">H1104</a>, <a href=\"https://wordofgod.in/bibledictionary/ஸ்ட்ராங்க்ஸ்-எபிரேய-அகராதி/#/H1105 - בּלע - bela‛ - beh-lah/1105\">H1105</a>, <a href=\"https://wordofgod.in/bibledictionary/ஸ்ட்ராங்க்ஸ்-எபிரேய-அகராதி/#/H1106 - בּלע - bela‛ - beh'-lah/1106\">H1106</a>, <a href=\"https://wordofgod.in/bibledictionary/ஸ்ட்ராங்க்ஸ்-எபிரேய-அகராதி/#/H1108 - בּלעי - bal‛ı̂y - bel-ee'/1108\">H1108</a>, <a href=\"https://wordofgod.in/bibledictionary/ஸ்ட்ராங்க்ஸ்-எபிரேய-அகராதி/#/H1109 - בּלעם - bil‛âm - bil-awm'/1109\">H1109</a>"}]}