{"word":"H1212 - בּצלאל - betsal'êl - bets-al-ale'","sections":[{"paragraph":""},{"paragraph":"Original: בּצלאל"},{"paragraph":"Transliteration: betsal'êl"},{"paragraph":"Phonetic: bets-al-ale'"},{"paragraph":""},{"paragraph":"பெசலெயேல் - ஆபெசொ."},{"paragraph":"தேவனுடைய (எல்) நிழலில்"},{"paragraph":""},{"paragraph":"Bezaleel = \"in the shadow (that is, protection) of God\""},{"paragraph":""},{"paragraph":"1. ஊரியின் குமாரன்  - ஊரின் பேரன் - ஆசரிப்புக்கூடாரத்தில் உலோக - வேலைகளைச் செய்வதில் தேர்ச்சி பெற்றவன்"},{"paragraph":"2. இஸ்ரவேலன் - பாகாத் மோவாபின் குமாரர்களில் ஒருவன் எஸ்றாவின் காலத்தில் அந்நிய ஸ்திரீயை விவாகம் பண்ணியவன்"},{"paragraph":""},{"paragraph":"Cognate: <a href=\"https://wordofgod.in/bibledictionary/ஸ்ட்ராங்க்ஸ்-எபிரேய-அகராதி/#/H1211 - בּצל - betsel - beh'-tsel/1211\">H1211</a>, <a href=\"https://wordofgod.in/bibledictionary/ஸ்ட்ராங்க்ஸ்-எபிரேய-அகராதி/#/H1212 - בּצלאל - betsal'êl - bets-al-ale'/1212\">H1212</a>, <a href=\"https://wordofgod.in/bibledictionary/ஸ்ட்ராங்க்ஸ்-எபிரேய-அகராதி/#/H1213 - בּצלית בּצלוּת - batslûth batslı̂yth - bats-looth'/1213\">H1213</a>"}]}