{"word":"H1001 - בּירא - bı̂yrâ' - bee-raw'","sections":[{"paragraph":""},{"paragraph":"Original: בּירא"},{"paragraph":"Transliteration: bı̂yrâ'"},{"paragraph":"Phonetic: bee-raw'"},{"paragraph":""},{"paragraph":"அரமனை - பெபெ.சொ."},{"paragraph":""},{"paragraph":"a castle, a citadel, a palace"},{"paragraph":""},{"paragraph":"Cognate: <a href=\"https://wordofgod.in/bibledictionary/ஸ்ட்ராங்க்ஸ்-எபிரேய-அகராதி/#/H1001 - בּירא - bı̂yrâ' - bee-raw'/1001\">H1001</a>, <a href=\"https://wordofgod.in/bibledictionary/ஸ்ட்ராங்க்ஸ்-எபிரேய-அகராதி/#/H989 - בּטל - beṭêl - bet-ale'/989\">H989</a>, <a href=\"https://wordofgod.in/bibledictionary/ஸ்ட்ராங்க்ஸ்-எபிரேய-அகராதி/#/H997 - בּין - bêyn - bane/997\">H997</a>, <a href=\"https://wordofgod.in/bibledictionary/ஸ்ட்ராங்க்ஸ்-எபிரேய-அகராதி/#/H999 - בּינה - bı̂ynâh - bee-naw'/999\">H999</a>"}]}