{"word":"H1334 - בּתר - bâthar - baw-thar'","sections":[{"paragraph":""},{"paragraph":"Original: בּתר"},{"paragraph":"Transliteration: bâthar"},{"paragraph":"Phonetic: baw-thar'"},{"paragraph":""},{"paragraph":"வினைச்சொல் - துண்டி"},{"paragraph":""},{"paragraph":"to cut in two"},{"paragraph":"a) (Qal) to cut in two"},{"paragraph":"b) (Piel) to cut in two"},{"paragraph":""},{"paragraph":"Cognate: <a href=\"https://wordofgod.in/bibledictionary/ஸ்ட்ராங்க்ஸ்-எபிரேய-அகராதி/#/H1334 - בּתר - bâthar - baw-thar'/1334\">H1334</a>, <a href=\"https://wordofgod.in/bibledictionary/ஸ்ட்ராங்க்ஸ்-எபிரேய-அகராதி/#/H1335 - בּתר - bether - beh'-ther/1335\">H1335</a>, <a href=\"https://wordofgod.in/bibledictionary/ஸ்ட்ராங்க்ஸ்-எபிரேய-அகராதி/#/H1336 - בּתר - bether - beh'-ther/1336\">H1336</a>, <a href=\"https://wordofgod.in/bibledictionary/ஸ்ட்ராங்க்ஸ்-எபிரேய-அகராதி/#/H1338 - בּתרון - bithrôn - bith-rone'/1338\">H1338</a>"}]}