{"word":"H1256 - בּראיה - berâ'yâh - ber-aw-yaw'","sections":[{"paragraph":""},{"paragraph":"Original: בּראיה"},{"paragraph":"Transliteration: berâ'yâh"},{"paragraph":"Phonetic: ber-aw-yaw'"},{"paragraph":""},{"paragraph":"பெராயா - ஆ.பெசொ."},{"paragraph":"யெகோவா சிருஷ்டித்திருக்கிறார்"},{"paragraph":""},{"paragraph":"Beraiah = \"Jehovah (Yahweh) has created\""},{"paragraph":""},{"paragraph":"சிமியின் குமாரன் - பென்யமீன் கோத்திரத்தில் ஒரு தலைவன்"},{"paragraph":""},{"paragraph":"Cognate: <a href=\"https://wordofgod.in/bibledictionary/ஸ்ட்ராங்க்ஸ்-எபிரேய-அகராதி/#/H1254 - בּרא - bârâ' - baw-raw'/1254\">H1254</a>, <a href=\"https://wordofgod.in/bibledictionary/ஸ்ட்ராங்க்ஸ்-எபிரேய-அகராதி/#/H1256 - בּראיה - berâ'yâh - ber-aw-yaw'/1256\">H1256</a>, <a href=\"https://wordofgod.in/bibledictionary/ஸ்ட்ராங்க்ஸ்-எபிரேய-அகராதி/#/H1278 - בּריאה - berı̂y'âh - ber-ee-aw'/1278\">H1278</a>"}]}