{"word":"H1419 - גּדל גּדול - gâdôl gâdôl - gaw-dole'","sections":[{"paragraph":""},{"paragraph":"Original: גּדל גּדול"},{"paragraph":"Transliteration: gâdôl gâdôl"},{"paragraph":"Phonetic: gaw-dole'"},{"paragraph":""},{"paragraph":"பெரிய, மகா, மகத்தான, பெரியருமாகிய, பெருத்த, கொடிய, உக்கிரமான, மூத்த, மிகுந்த, வெகு, பிரதான, திரளான, மிகவும், வல்லமையான, ஏராளமான, உரத்த - பெயரடை"},{"paragraph":"பெயரடையாக இந்த வார்த்தை பயன் படுத்தப்பட்டிருக்கிறது"},{"paragraph":"1. அளவில் பெரியது (large) (in magnitude and extent)"},{"paragraph":"2. எண்ணிக்கையில் அதிகமானது (in number)"},{"paragraph":"3. அடர்த்தியானது (in intensity)"},{"paragraph":"4. அதிக சத்தமானது (loud) (in sound)"},{"paragraph":"5. வயதில் முதிர்ந்தது (older) (in age)"},{"paragraph":"6. முக்கியத்துவம் உள்ளது (in importance)"},{"paragraph":"(1) பொருட்கள்"},{"paragraph":"(2) மனுஷர்"},{"paragraph":"(3) தேவன்"},{"paragraph":"இந்த வார்த்தை தன்னிலைப் பெயர்ச் சொல்லாகப் பயன்படுத்தப்பட்டிருக்கிறது."},{"paragraph":"1. பெரிய காரியங்கள் (great things)"},{"paragraph":"2. முக்கியமான காரியங்கள் (haughty things)"},{"paragraph":"3. மேன்மை, மகத்துவம் (greatness Sometimes it is used as a masculine proper noun)"},{"paragraph":""},{"paragraph":"Cognate: <a href=\"https://wordofgod.in/bibledictionary/ஸ்ட்ராங்க்ஸ்-எபிரேய-அகராதி/#/H1419 - גּדל גּדול - gâdôl gâdôl - gaw-dole'/1419\">H1419</a>, <a href=\"https://wordofgod.in/bibledictionary/ஸ்ட்ராங்க்ஸ்-எபிரேய-அகராதி/#/H1420 - גּדוּלּה גּדלּה גּדוּלה - gedûlâh gedûllâh gedûllâh - ghed-oo-law'/1420\">H1420</a>, <a href=\"https://wordofgod.in/bibledictionary/ஸ்ட்ராங்க்ஸ்-எபிரேய-அகராதி/#/H1431 - גּדל - gâdal - gaw-dal'/1431\">H1431</a>, <a href=\"https://wordofgod.in/bibledictionary/ஸ்ட்ராங்க்ஸ்-எபிரேய-அகராதி/#/H1432 - גּדל - gâdêl - gaw-dale'/1432\">H1432</a>, <a href=\"https://wordofgod.in/bibledictionary/ஸ்ட்ராங்க்ஸ்-எபிரேய-அகராதி/#/H1433 - גּדל - gôdel - go'-del/1433\">H1433</a>, <a href=\"https://wordofgod.in/bibledictionary/ஸ்ட்ராங்க்ஸ்-எபிரேய-அகராதி/#/H1434 - גּדל - gedil - ghed-eel'/1434\">H1434</a>, <a href=\"https://wordofgod.in/bibledictionary/ஸ்ட்ராங்க்ஸ்-எபிரேய-அகராதி/#/H1435 - גּדּל - giddêl - ghid-dale'/1435\">H1435</a>, <a href=\"https://wordofgod.in/bibledictionary/ஸ்ட்ராங்க்ஸ்-எபிரேய-அகராதி/#/H1436 - גּדליהוּ גּדליה - gedalyâh gedalyâhû - ghed-al-yaw'/1436\">H1436</a>, <a href=\"https://wordofgod.in/bibledictionary/ஸ்ட்ராங்க்ஸ்-எபிரேய-அகராதி/#/H1437 - גּדּלתּי - giddaltı̂y - ghid-dal'-tee/1437\">H1437</a>, <a href=\"https://wordofgod.in/bibledictionary/ஸ்ட்ராங்க்ஸ்-எபிரேய-அகராதி/#/H3012 - יגדּליהוּ - yigdalyâhû - yig-dal-yaw'-hoo/3012\">H3012</a>, <a href=\"https://wordofgod.in/bibledictionary/ஸ்ட்ராங்க்ஸ்-எபிரேய-அகராதி/#/H4024 - מגדּל מגדּול - migdôl migdôl - mig-dole'/4024\">H4024</a>, <a href=\"https://wordofgod.in/bibledictionary/ஸ்ட்ராங்க்ஸ்-எபிரேய-அகராதி/#/H4026 - מגדּלה מגדּל - migdâl migdâlâh - mig-dawl'/4026\">H4026</a>, <a href=\"https://wordofgod.in/bibledictionary/ஸ்ட்ராங்க்ஸ்-எபிரேய-அகராதி/#/H4027 - מגדּל־אל - migdal-'êl - mig-dal-ale'/4027\">H4027</a>, <a href=\"https://wordofgod.in/bibledictionary/ஸ்ட்ராங்க்ஸ்-எபிரேய-அகராதி/#/H4028 - מגדּל־גּד - migdal-gâd - migdal-gawd'/4028\">H4028</a>, <a href=\"https://wordofgod.in/bibledictionary/ஸ்ட்ராங்க்ஸ்-எபிரேய-அகராதி/#/H4029 - מגדּל־עדר - migdal-‛êder - mig-dal'-ay'-der/4029\">H4029</a>"}]}