{"word":"H1396 - גּבר - gâbar - gaw-bar'","sections":[{"paragraph":""},{"paragraph":"Original: גּבר"},{"paragraph":"Transliteration: gâbar"},{"paragraph":"Phonetic: gaw-bar'"},{"paragraph":""},{"paragraph":"வினைச்சொல் - பெருகு, மேற்கொள், வல்லமையாயிரு, பிரவாகி, மிஞ்சு, பலப்படுத்து, உறுதிப்படுத்து, பெரிதாயிரு, வல்லமைகொள், பலத்திரு"},{"paragraph":"மனிதன் - ஆ.பெ.சொ."},{"paragraph":""},{"paragraph":"to prevail, to have strength, to be strong, to be powerful, to be mighty, to be great"},{"paragraph":"a) (Qal)"},{"paragraph":"1) to be strong, to be mighty"},{"paragraph":"2) to prevail"},{"paragraph":"b) (Piel) to make strong, to strengthen"},{"paragraph":"c) (Hiphil)"},{"paragraph":"1) to confirm, to give strength"},{"paragraph":"2) to confirm (a covenant)"},{"paragraph":""},{"paragraph":"Cognate: <a href=\"https://wordofgod.in/bibledictionary/ஸ்ட்ராங்க்ஸ்-எபிரேய-அகராதி/#/H1368 - גּבּר גּבּור - gibbôr gibbôr - ghib-bore'/1368\">H1368</a>, <a href=\"https://wordofgod.in/bibledictionary/ஸ்ட்ராங்க்ஸ்-எபிரேய-அகராதி/#/H1369 - גּבוּרה - gebûrâh - gheb-oo-raw'/1369\">H1369</a>, <a href=\"https://wordofgod.in/bibledictionary/ஸ்ட்ராங்க்ஸ்-எபிரேய-அகராதி/#/H1376 - גּביר - gebı̂yr - gheb-eer'/1376\">H1376</a>, <a href=\"https://wordofgod.in/bibledictionary/ஸ்ட்ராங்க்ஸ்-எபிரேய-அகராதி/#/H1377 - גּבירה - gebı̂yrâh - gheb-ee-raw'/1377\">H1377</a>, <a href=\"https://wordofgod.in/bibledictionary/ஸ்ட்ராங்க்ஸ்-எபிரேய-அகராதி/#/H1396 - גּבר - gâbar - gaw-bar'/1396\">H1396</a>, <a href=\"https://wordofgod.in/bibledictionary/ஸ்ட்ராங்க்ஸ்-எபிரேய-அகராதி/#/H1397 - גּבר - geber - gheh'-ber/1397\">H1397</a>, <a href=\"https://wordofgod.in/bibledictionary/ஸ்ட்ராங்க்ஸ்-எபிரேய-அகராதி/#/H1398 - גּבר - geber - gheh'-ber/1398\">H1398</a>, <a href=\"https://wordofgod.in/bibledictionary/ஸ்ட்ராங்க்ஸ்-எபிரேய-அகராதி/#/H1399 - גּבר - gebar - gheb-ar'/1399\">H1399</a>, <a href=\"https://wordofgod.in/bibledictionary/ஸ்ட்ராங்க்ஸ்-எபிரேய-அகராதி/#/H1402 - גּבּר - gibbâr - ghib-bawr'/1402\">H1402</a>, <a href=\"https://wordofgod.in/bibledictionary/ஸ்ட்ராங்க்ஸ்-எபிரேய-அகராதி/#/H1403 - גּבריאל - gabrı̂y'êl - gab-ree-ale'/1403\">H1403</a>, <a href=\"https://wordofgod.in/bibledictionary/ஸ்ட்ராங்க்ஸ்-எபிரேய-அகராதி/#/H1404 - גּברת - gebereth - gheb-eh'-reth/1404\">H1404</a>"}]}