{"word":"H1277 - בּריא - bârı̂y' - baw-ree'","sections":[{"paragraph":""},{"paragraph":"Original: בּריא"},{"paragraph":"Transliteration: bârı̂y'"},{"paragraph":"Phonetic: baw-ree'"},{"paragraph":""},{"paragraph":"ஸ்தாபித்த, உறுதியாயிருக்க, புஷ்டியான, செழுமையான, கொழுமையான, உறுதியான - பெயரடை"},{"paragraph":""},{"paragraph":"fat, fatter, fed, firm, plenteous, rank"},{"paragraph":""},{"paragraph":"Cognate: <a href=\"https://wordofgod.in/bibledictionary/ஸ்ட்ராங்க்ஸ்-எபிரேய-அகராதி/#/H1254 - בּרא - bârâ' - baw-raw'/1254\">H1254</a>, <a href=\"https://wordofgod.in/bibledictionary/ஸ்ட்ராங்க்ஸ்-எபிரேய-அகராதி/#/H1274 - בּרי - berı̂y - ber-ee'/1274\">H1274</a>, <a href=\"https://wordofgod.in/bibledictionary/ஸ்ட்ராங்க்ஸ்-எபிரேய-அகராதி/#/H1277 - בּריא - bârı̂y' - baw-ree'/1277\">H1277</a>"}]}