{"word":"H1423 - גּדי - gedı̂y - ghed-ee'","sections":[{"paragraph":""},{"paragraph":"Original: גּדי"},{"paragraph":"Transliteration: gedı̂y"},{"paragraph":"Phonetic: ghed-ee'"},{"paragraph":""},{"paragraph":"ஆட்டுக்குட்டி, வெள்ளாட்டுக்குட்டி - ஆ.பெ.சொ."},{"paragraph":""},{"paragraph":"a kid, a young male goat"},{"paragraph":""},{"paragraph":"Cognate: <a href=\"https://wordofgod.in/bibledictionary/ஸ்ட்ராங்க்ஸ்-எபிரேய-அகராதி/#/H1415 - גּדה - gâdâh - gaw-daw'/1415\">H1415</a>, <a href=\"https://wordofgod.in/bibledictionary/ஸ்ட்ராங்க்ஸ்-எபிரேய-அகராதி/#/H1423 - גּדי - gedı̂y - ghed-ee'/1423\">H1423</a>, <a href=\"https://wordofgod.in/bibledictionary/ஸ்ட்ராங்க்ஸ்-எபிரேய-அகராதி/#/H1428 - גּדיה גּדיה - gidyâh gadyâh - ghid-yaw'/1428\">H1428</a>, <a href=\"https://wordofgod.in/bibledictionary/ஸ்ட்ராங்க்ஸ்-எபிரேய-அகராதி/#/H1429 - גּדיּה - gedı̂yâh - ghed-ee-yaw'/1429\">H1429</a>"}]}