{"word":"H1411 - גּדבר - gedâbâr - ghed-aw-bawr'","sections":[{"paragraph":""},{"paragraph":"Original: גּדבר"},{"paragraph":"Transliteration: gedâbâr"},{"paragraph":"Phonetic: ghed-aw-bawr'"},{"paragraph":""},{"paragraph":"பொக்கிஷக்காரர் - ஆ.பெசொ."},{"paragraph":""},{"paragraph":"treasurer"},{"paragraph":""},{"paragraph":"Cognate: <a href=\"https://wordofgod.in/bibledictionary/ஸ்ட்ராங்க்ஸ்-எபிரேய-அகராதி/#/H1370 - גּבוּרה - gebûrâh - gheb-oo-raw'/1370\">H1370</a>, <a href=\"https://wordofgod.in/bibledictionary/ஸ்ட்ராங்க்ஸ்-எபிரேய-அகராதி/#/H1400 - גּבר - gebar - gheb-ar'/1400\">H1400</a>, <a href=\"https://wordofgod.in/bibledictionary/ஸ்ட்ராங்க்ஸ்-எபிரேய-அகராதி/#/H1401 - גּבּר - gibbâr - ghib-bawr'/1401\">H1401</a>, <a href=\"https://wordofgod.in/bibledictionary/ஸ்ட்ராங்க்ஸ்-எபிரேய-அகராதி/#/H1411 - גּדבר - gedâbâr - ghed-aw-bawr'/1411\">H1411</a>"}]}