{"word":"H1311 - בּשׁל - bâshêl - baw-shale'","sections":[{"paragraph":""},{"paragraph":"Original: בּשׁל"},{"paragraph":"Transliteration: bâshêl"},{"paragraph":"Phonetic: baw-shale'"},{"paragraph":""},{"paragraph":"அவிக்கப்பட்ட, வேவிக்கப்பட்ட - பெயரடை"},{"paragraph":""},{"paragraph":"cooked, boiled"},{"paragraph":""},{"paragraph":"Cognate: <a href=\"https://wordofgod.in/bibledictionary/ஸ்ட்ராங்க்ஸ்-எபிரேய-அகராதி/#/H1310 - בּשׁל - bâshal - baw-shal'/1310\">H1310</a>, <a href=\"https://wordofgod.in/bibledictionary/ஸ்ட்ராங்க்ஸ்-எபிரேய-அகராதி/#/H1311 - בּשׁל - bâshêl - baw-shale'/1311\">H1311</a>, <a href=\"https://wordofgod.in/bibledictionary/ஸ்ட்ராங்க்ஸ்-எபிரேய-அகராதி/#/H1312 - בּשׁלם - bishlâm - bish-lawm'/1312\">H1312</a>, <a href=\"https://wordofgod.in/bibledictionary/ஸ்ட்ராங்க்ஸ்-எபிரேய-அகராதி/#/H4018 - מבשּׁלה - mebashelâh - meb-ash-shel-aw'/4018\">H4018</a>"}]}