{"word":"H1152 - בּסודיה - besôdeyâh - bes-o-deh-yaw'","sections":[{"paragraph":""},{"paragraph":"Original: בּסודיה"},{"paragraph":"Transliteration: besôdeyâh"},{"paragraph":"Phonetic: bes-o-deh-yaw'"},{"paragraph":""},{"paragraph":"பேசோதிபா - ஆ.பெ.சொ."},{"paragraph":"யெகோவாவின் இரகசிய ஆலோசனையில்"},{"paragraph":""},{"paragraph":"Besodeiah = \"with the counsel of Jehovah (Yahweh)\" or \"in the secret of the Lord\""},{"paragraph":""},{"paragraph":"நெகேமியாவின் காலத்தில் எருசலேமின் அலங்கத்தைப் பழுதுபார்த்தவர்களில் ஒருவனுடைய தகப்பன்"},{"paragraph":""},{"paragraph":"Cognate: <a href=\"https://wordofgod.in/bibledictionary/ஸ்ட்ராங்க்ஸ்-எபிரேய-அகராதி/#/H1150 - בּנעה בּנעא - bin‛â' bin‛âh - bin-aw'/1150\">H1150</a>, <a href=\"https://wordofgod.in/bibledictionary/ஸ்ட்ராங்க்ஸ்-எபிரேய-அகராதி/#/H1152 - בּסודיה - besôdeyâh - bes-o-deh-yaw'/1152\">H1152</a>, <a href=\"https://wordofgod.in/bibledictionary/ஸ்ட்ராங்க்ஸ்-எபிரேய-அகராதி/#/H1153 - בּסי - besay - bes-ah'-ee/1153\">H1153</a>, <a href=\"https://wordofgod.in/bibledictionary/ஸ்ட்ராங்க்ஸ்-எபிரேய-அகராதி/#/H73 - אבנט - 'abnêṭ - ab-nate'/7398\">H73</a>"}]}