{"word":"H1002 - בּירה - bı̂yrâh - bee-raw'","sections":[{"paragraph":""},{"paragraph":"Original: בּירה"},{"paragraph":"Transliteration: bı̂yrâh"},{"paragraph":"Phonetic: bee-raw'"},{"paragraph":""},{"paragraph":"அரமனை, அரண் - பெ.பெ.சொ."},{"paragraph":""},{"paragraph":"a palace, a castle, a temple"},{"paragraph":""},{"paragraph":"Cognate: <a href=\"https://wordofgod.in/bibledictionary/ஸ்ட்ராங்க்ஸ்-எபிரேய-அகராதி/#/H1002 - בּירה - bı̂yrâh - bee-raw'/1002\">H1002</a>, <a href=\"https://wordofgod.in/bibledictionary/ஸ்ட்ராங்க்ஸ்-எபிரேய-அகராதி/#/H1003 - בּירנית - bı̂yrânı̂yth - bee-raw-neeth'/1003\">H1003</a>, <a href=\"https://wordofgod.in/bibledictionary/ஸ்ட்ராங்க்ஸ்-எபிரேய-அகராதி/#/H1004 - בּית - bayith - bah'-yith/1004\">H1004</a>, <a href=\"https://wordofgod.in/bibledictionary/ஸ்ட்ராங்க்ஸ்-எபிரேய-அகராதி/#/H1143 - בּנים - bênayim - bay-nah'-yim/1143\">H1143</a>, <a href=\"https://wordofgod.in/bibledictionary/ஸ்ட்ராங்க்ஸ்-எபிரேய-அகராதி/#/H2985 - יבין - yâbı̂yn - yaw-bene'/2985\">H2985</a>, <a href=\"https://wordofgod.in/bibledictionary/ஸ்ட்ராங்க்ஸ்-எபிரேய-அகராதி/#/H4000 - מבון - mâbôn - maw-bone'/4000\">H4000</a>, <a href=\"https://wordofgod.in/bibledictionary/ஸ்ட்ராங்க்ஸ்-எபிரேய-அகராதி/#/H8394 - תּובנה תּבוּנה תּבוּן - tâbûn tebûnâh tôbûnâh - taw-boon'/8394\">H8394</a>, <a href=\"https://wordofgod.in/bibledictionary/ஸ்ட்ராங்க்ஸ்-எபிரேய-அகராதி/#/H946 - בּוּנה - bûnâh - boo-naw/946\">H946</a>, <a href=\"https://wordofgod.in/bibledictionary/ஸ்ட்ராங்க்ஸ்-எபிரேய-அகராதி/#/H995 - בּין - bı̂yn - bene/995\">H995</a>, <a href=\"https://wordofgod.in/bibledictionary/ஸ்ட்ராங்க்ஸ்-எபிரேய-அகராதி/#/H996 - בּין - bêyn - bane/996\">H996</a>, <a href=\"https://wordofgod.in/bibledictionary/ஸ்ட்ராங்க்ஸ்-எபிரேய-அகராதி/#/H998 - בּינה - bı̂ynâh - bee-naw'/998\">H998</a>"}]}