{"word":"H111 - אדד - 'ădad - ad-ad'","sections":[{"paragraph":""},{"paragraph":"Original: אדד"},{"paragraph":"Transliteration: 'ădad"},{"paragraph":"Phonetic: ad-ad'"},{"paragraph":""},{"paragraph":"ஆதாத் - ஆ.பெ.சொ."},{"paragraph":"\"நான் மெதுவாக இசைவேன், நான் நேசிப்பேன்\""},{"paragraph":""},{"paragraph":"Hadad = \"I shall move softly: I shall love\""},{"paragraph":""},{"paragraph":"ஏதோமியன் - சாலொமோனின் பாவத்தின் நிமித்தமாக அவனைத் தண்டிப்பதற்குக் கர்த்தரால் எழுப்பப் பட்டவன்"},{"paragraph":""},{"paragraph":"Cognate: <a href=\"https://wordofgod.in/bibledictionary/ஸ்ட்ராங்க்ஸ்-எபிரேய-அகராதி/#/H111 - אדד - 'ădad - ad-ad'/1119\">H111</a>, <a href=\"https://wordofgod.in/bibledictionary/ஸ்ட்ராங்க்ஸ்-எபிரேய-அகராதி/#/H1906 - הד - hêd - hade/1906\">H1906</a>, <a href=\"https://wordofgod.in/bibledictionary/ஸ்ட்ராங்க்ஸ்-எபிரேய-அகராதி/#/H1908 - הדד - hădad - had-ad'/1908\">H1908</a>, <a href=\"https://wordofgod.in/bibledictionary/ஸ்ட்ராங்க்ஸ்-எபிரேய-அகராதி/#/H1909 - הדדעזר - hădad‛ezer - had-ad-eh'-zer/1909\">H1909</a>, <a href=\"https://wordofgod.in/bibledictionary/ஸ்ட்ராங்க்ஸ்-எபிரேய-அகராதி/#/H1910 - הדדרמּון - hădadrimmôn - had-ad-rim-mone'/1910\">H1910</a>, <a href=\"https://wordofgod.in/bibledictionary/ஸ்ட்ராங்க்ஸ்-எபிரேய-அகராதி/#/H1928 - הדרעזר - hădar‛ezer - had-ar-eh'-zer/1928\">H1928</a>, <a href=\"https://wordofgod.in/bibledictionary/ஸ்ட்ராங்க்ஸ்-எபிரேய-அகராதி/#/H1959 - הידד - hêydâd - hay-dawd'/1959\">H1959</a>"}]}