{"word":"H1101 - בּלל - bâlal - baw-lal'","sections":[{"paragraph":""},{"paragraph":"Original: בּלל"},{"paragraph":"Transliteration: bâlal"},{"paragraph":"Phonetic: baw-lal'"},{"paragraph":""},{"paragraph":"வினைச்சொல் - தாறுமாறாக்கு, அபிஷேகம் பண்ணு, பிசை, உதறு, கலந்திரு, போடு"},{"paragraph":""},{"paragraph":"to mix, to mingle, to confuse, to confound"},{"paragraph":"a) (Qal)"},{"paragraph":"1) to mingle, to confuse"},{"paragraph":"2) to mix"},{"paragraph":"3) to give provender, to feed (animals)"},{"paragraph":"b) (Hithpoel) to mix oneself (among others)"},{"paragraph":"c) (Hiphil) to fade away"},{"paragraph":""},{"paragraph":"Cognate: <a href=\"https://wordofgod.in/bibledictionary/ஸ்ட்ராங்க்ஸ்-எபிரேய-அகராதி/#/H1098 - בּליל - belı̂yl - bel-eel'/1098\">H1098</a>, <a href=\"https://wordofgod.in/bibledictionary/ஸ்ட்ராங்க்ஸ்-எபிரேய-அகராதி/#/H1101 - בּלל - bâlal - baw-lal'/1101\">H1101</a>, <a href=\"https://wordofgod.in/bibledictionary/ஸ்ட்ராங்க்ஸ்-எபிரேய-அகராதி/#/H7642 - שׁבלוּל - shablûl - shab-lool'/7642\">H7642</a>, <a href=\"https://wordofgod.in/bibledictionary/ஸ்ட்ராங்க்ஸ்-எபிரேய-அகராதி/#/H8397 - תּבל - tebel - teh'-bel/8397\">H8397</a>, <a href=\"https://wordofgod.in/bibledictionary/ஸ்ட்ராங்க்ஸ்-எபிரேய-அகராதி/#/H8400 - תּבּלּל - teballûl - teb-al-lool'/8400\">H8400</a>"}]}