{"word":"H1296 - בּרכיהוּ בּרכיה - berekyâh berekyâhû - beh-rek-yaw'","sections":[{"paragraph":""},{"paragraph":"Original: בּרכיהוּ בּרכיה"},{"paragraph":"Transliteration: berekyâh berekyâhû"},{"paragraph":"Phonetic: beh-rek-yaw'"},{"paragraph":""},{"paragraph":"பெரகியா - ஆ.பெசொ."},{"paragraph":"யெகோவா ஆசீர்வதிக்கிறார்"},{"paragraph":""},{"paragraph":"Berachiahor Berechiah = \"Jehovah (Yahweh) blesses\""},{"paragraph":""},{"paragraph":"1. செருபாபேலின் குமாரன்"},{"paragraph":"2. லேவியன் - சிறையிருப்பிலிருந்து திரும்பி வந்தவன்"},{"paragraph":"3. மெசுல்லாமின் தகப்பன் எருசலேமின் அலங்கங்களை மறுபடியும் கட்டுவதற்கு உதவி புரிந்த நெகேமியாவின் பிரதான அதிகாரிகளில் ஒருவன்"},{"paragraph":"4. சகரியாவின் தகப்பன்"},{"paragraph":"5. கெர்சோனியன் லேவியன் ஆசாபின் தகப்பன் பாடகன் உடன்படிக்கைப் பெட்டியைக் காவல்காத்தவன்"},{"paragraph":"6. எப்பிராயீமின் தலைவன் ஆகாசின் காலத்தில் இருந்தவன்"},{"paragraph":""},{"paragraph":"Cognate: <a href=\"https://wordofgod.in/bibledictionary/ஸ்ட்ராங்க்ஸ்-எபிரேய-அகராதி/#/H1263 - בּרוּך - bârûk - baw-rook'/1263\">H1263</a>, <a href=\"https://wordofgod.in/bibledictionary/ஸ்ட்ராங்க்ஸ்-எபிரேய-அகராதி/#/H1288 - בּרך - bârak - baw-rak'/1288\">H1288</a>, <a href=\"https://wordofgod.in/bibledictionary/ஸ்ட்ராங்க்ஸ்-எபிரேய-அகராதி/#/H1290 - בּרך - berek - beh'-rek/1290\">H1290</a>, <a href=\"https://wordofgod.in/bibledictionary/ஸ்ட்ராங்க்ஸ்-எபிரேய-அகராதி/#/H1292 - בּרכאל - bârak'êl - baw-rak-ale'/1292\">H1292</a>, <a href=\"https://wordofgod.in/bibledictionary/ஸ்ட்ராங்க்ஸ்-எபிரேய-அகராதி/#/H1293 - בּרכה - berâkâh - ber-aw-kaw'/1293\">H1293</a>, <a href=\"https://wordofgod.in/bibledictionary/ஸ்ட்ராங்க்ஸ்-எபிரேய-அகராதி/#/H1294 - בּרכה - berâkâh - ber-aw-kaw'/1294\">H1294</a>, <a href=\"https://wordofgod.in/bibledictionary/ஸ்ட்ராங்க்ஸ்-எபிரேய-அகராதி/#/H1295 - בּרכה - berêkâh - ber-ay-kaw'/1295\">H1295</a>, <a href=\"https://wordofgod.in/bibledictionary/ஸ்ட்ராங்க்ஸ்-எபிரேய-அகராதி/#/H1296 - בּרכיהוּ בּרכיה - berekyâh berekyâhû - beh-rek-yaw'/1296\">H1296</a>, <a href=\"https://wordofgod.in/bibledictionary/ஸ்ட்ராங்க்ஸ்-எபிரேய-அகராதி/#/H3000 - יברכיהוּ - yeberekyâhû - yeb-eh-rek-yaw'-hoo/3000\">H3000</a>"}]}