{"word":"H1150 - בּנעה בּנעא - bin‛â' bin‛âh - bin-aw'","sections":[{"paragraph":""},{"paragraph":"Original: בּנעה בּנעא"},{"paragraph":"Transliteration: bin‛â' bin‛âh"},{"paragraph":"Phonetic: bin-aw'"},{"paragraph":""},{"paragraph":"பினியா - ஆ.பெ.சொ."},{"paragraph":""},{"paragraph":"Bineaor Bineah = \"\" \"fountain\""},{"paragraph":""},{"paragraph":"யோனத்தானின் சந்ததியான்"},{"paragraph":""},{"paragraph":"Cognate: <a href=\"https://wordofgod.in/bibledictionary/ஸ்ட்ராங்க்ஸ்-எபிரேய-அகராதி/#/H1150 - בּנעה בּנעא - bin‛â' bin‛âh - bin-aw'/1150\">H1150</a>, <a href=\"https://wordofgod.in/bibledictionary/ஸ்ட்ராங்க்ஸ்-எபிரேய-அகராதி/#/H1152 - בּסודיה - besôdeyâh - bes-o-deh-yaw'/1152\">H1152</a>, <a href=\"https://wordofgod.in/bibledictionary/ஸ்ட்ராங்க்ஸ்-எபிரேய-அகராதி/#/H1153 - בּסי - besay - bes-ah'-ee/1153\">H1153</a>, <a href=\"https://wordofgod.in/bibledictionary/ஸ்ட்ராங்க்ஸ்-எபிரேய-அகராதி/#/H73 - אבנט - 'abnêṭ - ab-nate'/7398\">H73</a>"}]}