{"word":"H1158 - בּעה - bâ‛âh - baw-aw'","sections":[{"paragraph":""},{"paragraph":"Original: בּעה"},{"paragraph":"Transliteration: bâ‛âh"},{"paragraph":"Phonetic: baw-aw'"},{"paragraph":""},{"paragraph":"வினைச்சொல் - கேள், பொங்கப் பண்ணு, தேடு, விழப்பிதுங்கு"},{"paragraph":""},{"paragraph":"to seek out, to swell, to cause to swell, to boil up, to enquire"},{"paragraph":"a) (Qal)"},{"paragraph":"1) to seek, to enquire"},{"paragraph":"2) to cause to boil up"},{"paragraph":"b) (Niphal)"},{"paragraph":"1) to be searched out"},{"paragraph":"2) to be swelling, to be bulging, to be swelling out"}]}