{"word":"H1061 - בּכּוּר - bikkûr - bik-koor'","sections":[{"paragraph":""},{"paragraph":"Original: בּכּוּר"},{"paragraph":"Transliteration: bikkûr"},{"paragraph":"Phonetic: bik-koor'"},{"paragraph":""},{"paragraph":"முதற்பலன், முதற்கனி, முதற்பழம் - ஆ.பெசொ"},{"paragraph":""},{"paragraph":"first-fruits"},{"paragraph":""},{"paragraph":"1. பெந்தெகொஸ்தே பண்டிகையின் பிரகாரம் முதலாவது பழுத்த பழங்களைச் சேகரித்து கர்த்தருக்குக் காணிக்கையாகச் செலுத்துவது"},{"paragraph":"2. பெந்தெகொஸ்தே பண்டிகையில் காணிக்கையாகச் செலுத்தப்பட்ட புதிய தானியங்களினால் செய்யப்பட்ட அப்பம்"},{"paragraph":"3. முதற்கனிகளின் பண்டிகை பெந்தெகொஸ்தே"},{"paragraph":""},{"paragraph":"Cognate: <a href=\"https://wordofgod.in/bibledictionary/ஸ்ட்ராங்க்ஸ்-எபிரேய-அகராதி/#/H1060 - בּכור - bekôr - bek-ore'/1060\">H1060</a>, <a href=\"https://wordofgod.in/bibledictionary/ஸ்ட்ராங்க்ஸ்-எபிரேய-அகராதி/#/H1061 - בּכּוּר - bikkûr - bik-koor'/1061\">H1061</a>, <a href=\"https://wordofgod.in/bibledictionary/ஸ்ட்ராங்க்ஸ்-எபிரேய-அகராதி/#/H1062 - בּכרה בּכורה - bekôrâh bekôrâh - bek-o-raw'/1062\">H1062</a>, <a href=\"https://wordofgod.in/bibledictionary/ஸ்ட்ராங்க்ஸ்-எபிரேய-அகராதி/#/H1063 - בּכּוּרה - bikkûrâh - bik-koo-raw'/1063\">H1063</a>, <a href=\"https://wordofgod.in/bibledictionary/ஸ்ட்ராங்க்ஸ்-எபிரேய-அகராதி/#/H1064 - בּכורת - bekôrath - bek-o-rath'/1064\">H1064</a>, <a href=\"https://wordofgod.in/bibledictionary/ஸ்ட்ராங்க்ஸ்-எபிரேய-அகராதி/#/H1067 - בּכּירה - bekı̂yrâh - bek-ee-raw'/1067\">H1067</a>, <a href=\"https://wordofgod.in/bibledictionary/ஸ்ட்ராங்க்ஸ்-எபிரேய-அகராதி/#/H1069 - בּכר - bâkar - baw-kar'/1069\">H1069</a>, <a href=\"https://wordofgod.in/bibledictionary/ஸ்ட்ராங்க்ஸ்-எபிரேய-அகராதி/#/H1070 - בּכר - beker - beh'-ker/1070\">H1070</a>, <a href=\"https://wordofgod.in/bibledictionary/ஸ்ட்ராங்க்ஸ்-எபிரேய-அகராதி/#/H1071 - בּכר - beker - beh'-ker/1071\">H1071</a>, <a href=\"https://wordofgod.in/bibledictionary/ஸ்ட்ராங்க்ஸ்-எபிரேய-அகராதி/#/H1072 - בּכרה - bikrâh - bik-raw'/1072\">H1072</a>, <a href=\"https://wordofgod.in/bibledictionary/ஸ்ட்ராங்க்ஸ்-எபிரேய-அகராதி/#/H1073 - בּכּרה - bakkûrâh - bak-koo-raw'/1073\">H1073</a>, <a href=\"https://wordofgod.in/bibledictionary/ஸ்ட்ராங்க்ஸ்-எபிரேய-அகராதி/#/H1074 - בּכרוּ - bôkerû - bo-ker-oo'/1074\">H1074</a>, <a href=\"https://wordofgod.in/bibledictionary/ஸ்ட்ராங்க்ஸ்-எபிரேய-அகராதி/#/H1075 - בּכרי - bikrı̂y - bik-ree'/1075\">H1075</a>, <a href=\"https://wordofgod.in/bibledictionary/ஸ்ட்ராங்க்ஸ்-எபிரேய-அகராதி/#/H1076 - בּכרי - bakrı̂y - bak-ree'/1076\">H1076</a>, <a href=\"https://wordofgod.in/bibledictionary/ஸ்ட்ராங்க்ஸ்-எபிரேய-அகராதி/#/H1081 - בּלאדן - bal'ădân - bal-ad-awn'/1081\">H1081</a>"}]}