{"word":"H1321 - בּשׂר - beśar - bes-ar'","sections":[{"paragraph":""},{"paragraph":"Original: בּשׂר"},{"paragraph":"Transliteration: beśar"},{"paragraph":"Phonetic: bes-ar'"},{"paragraph":""},{"paragraph":"மாம்சம், ஜீவன் - ஆண்பால் பெயர்ச்சொல்"},{"paragraph":""},{"paragraph":"flesh"},{"paragraph":""},{"paragraph":"Cognate: <a href=\"https://wordofgod.in/bibledictionary/ஸ்ட்ராங்க்ஸ்-எபிரேய-அகராதி/#/H1251 - בּר - bar - bar/1251\">H1251</a>, <a href=\"https://wordofgod.in/bibledictionary/ஸ்ட்ராங்க்ஸ்-எபிரேய-அகராதி/#/H1321 - בּשׂר - beśar - bes-ar'/1321\">H1321</a>, <a href=\"https://wordofgod.in/bibledictionary/ஸ்ட்ராங்க்ஸ்-எபிரேய-அகராதி/#/H1325 - בּת - bath - bath/1325\">H1325</a>"}]}