{"word":"H1299 - בּרק - bâraq - baw-rak'","sections":[{"paragraph":""},{"paragraph":"Original: בּרק"},{"paragraph":"Transliteration: bâraq"},{"paragraph":"Phonetic: baw-rak'"},{"paragraph":""},{"paragraph":"வினைச்சொல் - மின்னலடி, வரவிடு"},{"paragraph":""},{"paragraph":"(Qal) to flash lightning, to cast forth (lightning)"},{"paragraph":""},{"paragraph":"Cognate: <a href=\"https://wordofgod.in/bibledictionary/ஸ்ட்ராங்க்ஸ்-எபிரேய-அகராதி/#/H1299 - בּרק - bâraq - baw-rak'/1299\">H1299</a>, <a href=\"https://wordofgod.in/bibledictionary/ஸ்ட்ராங்க்ஸ்-எபிரேய-அகராதி/#/H1300 - בּרק - bârâq - baw-rawk'/1300\">H1300</a>, <a href=\"https://wordofgod.in/bibledictionary/ஸ்ட்ராங்க்ஸ்-எபிரேய-அகராதி/#/H1301 - בּרק - bârâq - baw-rawk'/1301\">H1301</a>, <a href=\"https://wordofgod.in/bibledictionary/ஸ்ட்ராங்க்ஸ்-எபிரேய-அகராதி/#/H1302 - בּרקוס - barqôs - bar-kose'/1302\">H1302</a>, <a href=\"https://wordofgod.in/bibledictionary/ஸ்ட்ராங்க்ஸ்-எபிரேய-அகராதி/#/H1303 - בּרקן - barqân - bar-kwan'/1303\">H1303</a>, <a href=\"https://wordofgod.in/bibledictionary/ஸ்ட்ராங்க்ஸ்-எபிரேய-அகராதி/#/H1304 - בּרקת בּרקת - bâreqath bâreqath - baw-reh'-keth/1304\">H1304</a>"}]}