{"word":"H1312 - בּשׁלם - bishlâm - bish-lawm'","sections":[{"paragraph":""},{"paragraph":"Original: בּשׁלם"},{"paragraph":"Transliteration: bishlâm"},{"paragraph":"Phonetic: bish-lawm'"},{"paragraph":""},{"paragraph":"பிஸ்லாம் - ஆ.பெ.சொ."},{"paragraph":"\"சமாதானத்தில்\""},{"paragraph":""},{"paragraph":"Bishlam = \"in peace\""},{"paragraph":""},{"paragraph":"எஸ்றாவின் காலத்தில் பாலஸ்தீன தேசத்தில் இருந்த பெர்சிய தேசத்து அதிகாரி"},{"paragraph":""},{"paragraph":"Cognate: <a href=\"https://wordofgod.in/bibledictionary/ஸ்ட்ராங்க்ஸ்-எபிரேய-அகராதி/#/H1310 - בּשׁל - bâshal - baw-shal'/1310\">H1310</a>, <a href=\"https://wordofgod.in/bibledictionary/ஸ்ட்ராங்க்ஸ்-எபிரேய-அகராதி/#/H1311 - בּשׁל - bâshêl - baw-shale'/1311\">H1311</a>, <a href=\"https://wordofgod.in/bibledictionary/ஸ்ட்ராங்க்ஸ்-எபிரேய-அகராதி/#/H1312 - בּשׁלם - bishlâm - bish-lawm'/1312\">H1312</a>, <a href=\"https://wordofgod.in/bibledictionary/ஸ்ட்ராங்க்ஸ்-எபிரேய-அகராதி/#/H4018 - מבשּׁלה - mebashelâh - meb-ash-shel-aw'/4018\">H4018</a>"}]}