{"word":"H14 - אבה - 'âbâh - aw-baw'","sections":[{"paragraph":""},{"paragraph":"Original: אבה"},{"paragraph":"Transliteration: 'âbâh"},{"paragraph":"Phonetic: aw-baw'"},{"paragraph":""},{"paragraph":"வி.சொ.- மனது, சித்தம், சம்மதி, உத்தரவு,விருப்பம், வேண்டும்."},{"paragraph":""},{"paragraph":"to be willing, to consent (in the Qal)"},{"paragraph":"a) to be willing"},{"paragraph":"b) to consent, to yield to, to accept"},{"paragraph":"c) to desire"},{"paragraph":""},{"paragraph":"Cognate: <a href=\"https://wordofgod.in/bibledictionary/ஸ்ட்ராங்க்ஸ்-எபிரேய-அகராதி/#/H14 - אבה - 'âbâh - aw-baw'/1424\">H14</a>, <a href=\"https://wordofgod.in/bibledictionary/ஸ்ட்ராங்க்ஸ்-எபிரேய-அகராதி/#/H16 - אבה - 'êbeh - ay-beh'/1645\">H16</a>, <a href=\"https://wordofgod.in/bibledictionary/ஸ்ட்ராங்க்ஸ்-எபிரேய-அகராதி/#/H34 - אביון - 'ebyôn - eb-yone'/3465\">H34</a>, <a href=\"https://wordofgod.in/bibledictionary/ஸ்ட்ராங்க்ஸ்-எபிரேய-அகராதி/#/H35 - אביּונה - 'ăbı̂yônâh - ab-ee-yo-naw'/3579\">H35</a>"}]}