{"word":"H1098 - בּליל - belı̂yl - bel-eel'","sections":[{"paragraph":""},{"paragraph":"Original: בּליל"},{"paragraph":"Transliteration: belı̂yl"},{"paragraph":"Phonetic: bel-eel'"},{"paragraph":""},{"paragraph":"தீவனம்,அறுப்பு - ஆ.பெ.சொ."},{"paragraph":""},{"paragraph":"fodder"},{"paragraph":""},{"paragraph":"Cognate: <a href=\"https://wordofgod.in/bibledictionary/ஸ்ட்ராங்க்ஸ்-எபிரேய-அகராதி/#/H1098 - בּליל - belı̂yl - bel-eel'/1098\">H1098</a>, <a href=\"https://wordofgod.in/bibledictionary/ஸ்ட்ராங்க்ஸ்-எபிரேய-அகராதி/#/H1101 - בּלל - bâlal - baw-lal'/1101\">H1101</a>, <a href=\"https://wordofgod.in/bibledictionary/ஸ்ட்ராங்க்ஸ்-எபிரேய-அகராதி/#/H7642 - שׁבלוּל - shablûl - shab-lool'/7642\">H7642</a>, <a href=\"https://wordofgod.in/bibledictionary/ஸ்ட்ராங்க்ஸ்-எபிரேய-அகராதி/#/H8397 - תּבל - tebel - teh'-bel/8397\">H8397</a>, <a href=\"https://wordofgod.in/bibledictionary/ஸ்ட்ராங்க்ஸ்-எபிரேய-அகராதி/#/H8400 - תּבּלּל - teballûl - teb-al-lool'/8400\">H8400</a>"}]}