{"word":"H112 - אדּו - 'iddô - id-do","sections":[{"paragraph":""},{"paragraph":"Original: אדּו"},{"paragraph":"Transliteration: 'iddô"},{"paragraph":"Phonetic: id-do"},{"paragraph":""},{"paragraph":"இத்தோ - ஆ.பெசொ"},{"paragraph":"\"நான் அவரைத் துதிப்பேன்\""},{"paragraph":""},{"paragraph":"Iddo = \"I will praise him\""},{"paragraph":""},{"paragraph":"இஸ்ரவேல் புத்திரர் மறுபடியும் ஸ்தாபிக்கப் பட்ட காலத்திலிருந்த முக்கியமான இஸ்ரவேலன்."},{"paragraph":""},{"paragraph":"Cognate: <a href=\"https://wordofgod.in/bibledictionary/ஸ்ட்ராங்க்ஸ்-எபிரேய-அகராதி/#/H112 - אדּו - 'iddô - id-do/1120\">H112</a>, <a href=\"https://wordofgod.in/bibledictionary/ஸ்ட்ராங்க்ஸ்-எபிரேய-அகராதி/#/H118 - אדליא - 'ădalyâ' - ad-al-yaw'/1184\">H118</a>"}]}