{"word":"H1384 - גּבּן - gibbên - gib-bane'","sections":[{"paragraph":""},{"paragraph":"Original: גּבּן"},{"paragraph":"Transliteration: gibbên"},{"paragraph":"Phonetic: gib-bane'"},{"paragraph":""},{"paragraph":"கூனனான - பெயரடை"},{"paragraph":""},{"paragraph":"hump-backed, crook-backed"},{"paragraph":""},{"paragraph":"Cognate: <a href=\"https://wordofgod.in/bibledictionary/ஸ்ட்ராங்க்ஸ்-எபிரேய-அகராதி/#/H1384 - גּבּן - gibbên - gib-bane'/1384\">H1384</a>, <a href=\"https://wordofgod.in/bibledictionary/ஸ்ட்ராங்க்ஸ்-எபிரேய-அகராதி/#/H1385 - גּבנה - gebinâh - gheb-ee-naw'/1385\">H1385</a>, <a href=\"https://wordofgod.in/bibledictionary/ஸ்ட்ராங்க்ஸ்-எபிரேய-அகராதி/#/H1386 - גּבנן - gabnôn - gab-nohn'/1386\">H1386</a>"}]}