{"word":"H1130 - בּן־הדד - ben-hădad - ben-had-ad'","sections":[{"paragraph":""},{"paragraph":"Original: בּן־הדד"},{"paragraph":"Transliteration: ben-hădad"},{"paragraph":"Phonetic: ben-had-ad'"},{"paragraph":""},{"paragraph":"பெனதாத், பென்னாதாத், பெனாதாத் - ஆபெசொ."},{"paragraph":"ஆதாதின் குமாரன்"},{"paragraph":""},{"paragraph":"Ben-hadad = \"son of [the false god] Hadad\""},{"paragraph":""},{"paragraph":"1. சீரியாவின் ராஜா - யூதாவின் ராஜாவாகிய ஆசாவின் காலத்திலிருந்தவன்"},{"paragraph":"2. ஆசகேலின் குமாரன்- சீரியாவின் ராஜா"},{"paragraph":""},{"paragraph":"Cognate: <a href=\"https://wordofgod.in/bibledictionary/ஸ்ட்ராங்க்ஸ்-எபிரேய-அகராதி/#/H1121 - בּן - bên - bane/1121\">H1121</a>, <a href=\"https://wordofgod.in/bibledictionary/ஸ்ட்ராங்க்ஸ்-எபிரேய-அகராதி/#/H1122 - בּן - bên - bane/1122\">H1122</a>, <a href=\"https://wordofgod.in/bibledictionary/ஸ்ட்ராங்க்ஸ்-எபிரேய-அகராதி/#/H1125 - בּן־אבינדב - ben-'ăbı̂ynâdâb - ben-ab-ee''-naw-dawb'/1125\">H1125</a>, <a href=\"https://wordofgod.in/bibledictionary/ஸ்ட்ராங்க்ஸ்-எபிரேய-அகராதி/#/H1126 - בּן־אוני - ben-'ônı̂y - ben-o-nee'/1126\">H1126</a>, <a href=\"https://wordofgod.in/bibledictionary/ஸ்ட்ராங்க்ஸ்-எபிரேய-அகராதி/#/H1127 - בּן־גּבר - ben-geber - ben-gheh'-ber/1127\">H1127</a>, <a href=\"https://wordofgod.in/bibledictionary/ஸ்ட்ராங்க்ஸ்-எபிரேய-அகராதி/#/H1128 - בּן־דּקר - ben-deqer - ben-deh'-ker/1128\">H1128</a>, <a href=\"https://wordofgod.in/bibledictionary/ஸ்ட்ராங்க்ஸ்-எபிரேய-அகராதி/#/H1130 - בּן־הדד - ben-hădad - ben-had-ad'/1130\">H1130</a>, <a href=\"https://wordofgod.in/bibledictionary/ஸ்ட்ராங்க்ஸ்-எபிரேய-அகராதி/#/H1132 - בּן־זוחת - ben-zôchêth - ben-zo-khayth'/1132\">H1132</a>, <a href=\"https://wordofgod.in/bibledictionary/ஸ்ட்ராங்க்ஸ்-எபிரேய-அகராதி/#/H1133 - בּן־חוּר - ben-chûr - ben-khoor'/1133\">H1133</a>, <a href=\"https://wordofgod.in/bibledictionary/ஸ்ட்ராங்க்ஸ்-எபிரேய-அகராதி/#/H1134 - בּן־חיל - ben-chayil - ben-khah'-yil/1134\">H1134</a>, <a href=\"https://wordofgod.in/bibledictionary/ஸ்ட்ராங்க்ஸ்-எபிரேய-அகராதி/#/H1135 - בּן־חנן - ben-chânân - ben-khaw-nawn'/1135\">H1135</a>, <a href=\"https://wordofgod.in/bibledictionary/ஸ்ட்ராங்க்ஸ்-எபிரேய-அகராதி/#/H1136 - בּן־חסד - ben-chesed - ben-kheh'-sed/1136\">H1136</a>, <a href=\"https://wordofgod.in/bibledictionary/ஸ்ட்ராங்க்ஸ்-எபிரேய-அகராதி/#/H1139 - בּני־בּרק - benêy-beraq - ben-ay'-ber-ak'/1139\">H1139</a>, <a href=\"https://wordofgod.in/bibledictionary/ஸ்ட்ராங்க்ஸ்-எபிரேய-அகராதி/#/H1142 - בּני יעקן - benêy ya‛ăqân - ben-ay' yah-ak-awn'/1142\">H1142</a>, <a href=\"https://wordofgod.in/bibledictionary/ஸ்ட்ராங்க்ஸ்-எபிரேய-அகராதி/#/H1144 - בּנימין - binyâmı̂yn - bin-yaw-mene'/1144\">H1144</a>, <a href=\"https://wordofgod.in/bibledictionary/ஸ்ட்ராங்க்ஸ்-எபிரேய-அகராதி/#/H1145 - בּן־אישׁ ימיני בּן־היּמיני בּן־ימיני - ben-yemı̂ynı̂y ben-ha-yemı̂nı̂y ben-'ı̂ysh yemı̂ynı̂y - ben-yem-ee-nee'/1145\">H1145</a>, <a href=\"https://wordofgod.in/bibledictionary/ஸ்ட்ராங்க்ஸ்-எபிரேய-அகராதி/#/H1148 - בּנינוּ - benı̂ynû - ben-ee-noo'/1148\">H1148</a>, <a href=\"https://wordofgod.in/bibledictionary/ஸ்ட்ராங்க்ஸ்-எபிரேய-அகராதி/#/H1151 - בּן־עמּי - ben-‛ammı̂y - ben-am-mee'/1151\">H1151</a>, <a href=\"https://wordofgod.in/bibledictionary/ஸ்ட்ராங்க்ஸ்-எபிரேய-அகராதி/#/H1323 - בּת - bath - bath/1323\">H1323</a>, <a href=\"https://wordofgod.in/bibledictionary/ஸ்ட்ராங்க்ஸ்-எபிரேய-அகராதி/#/H1332 - בּתיה - bithyâh - bith-yaw'/1332\">H1332</a>, <a href=\"https://wordofgod.in/bibledictionary/ஸ்ட்ராங்க்ஸ்-எபிரேய-அகராதி/#/H1337 - בּת רבּים - bath rabbı̂ym - bath rab-beem'/1337\">H1337</a>, <a href=\"https://wordofgod.in/bibledictionary/ஸ்ட்ராங்க்ஸ்-எபிரேய-அகராதி/#/H1339 - בּת־שׁבע - bath-sheba‛ - bath-sheh'-bah/1339\">H1339</a>, <a href=\"https://wordofgod.in/bibledictionary/ஸ்ட்ராங்க்ஸ்-எபிரேய-அகராதி/#/H1340 - בּת־שׁוּע - bath-shûa‛ - bath-shoo'-ah/1340\">H1340</a>, <a href=\"https://wordofgod.in/bibledictionary/ஸ்ட்ராங்க்ஸ்-எபிரேய-அகராதி/#/H2618 - חסד - chesed - kheh'-sed/2618\">H2618</a>"}]}