{"word":"H1438 - גּדע - gâda‛ - gaw-dah'","sections":[{"paragraph":""},{"paragraph":"Original: גּדע"},{"paragraph":"Transliteration: gâda‛"},{"paragraph":"Phonetic: gaw-dah'"},{"paragraph":""},{"paragraph":"வினைச்சொல் - வெட்டு, முறி, அழி, குலைந்துபோ, தறித்துப்போடு, வெட்டிப் போடு, முறித்துப்போடு, அறுத்துவிழு, அறுப்புண்டுபோ, கத்தரித்திரு"},{"paragraph":""},{"paragraph":"to cut, to hew, to chop, to cut down, to hew down, to hew off, to cut off, to cut in two, to shave off"},{"paragraph":"a) (Qal) to hew, to chop in two"},{"paragraph":"b) (Niphal) to be chopped off, to be hewn off"},{"paragraph":"c) (Piel) to cut off or down in two, to hew off or down in two"},{"paragraph":"d) (Pual) to chop down, to hew down"},{"paragraph":""},{"paragraph":"Cognate: <a href=\"https://wordofgod.in/bibledictionary/ஸ்ட்ராங்க்ஸ்-எபிரேய-அகராதி/#/H1438 - גּדע - gâda‛ - gaw-dah'/1438\">H1438</a>, <a href=\"https://wordofgod.in/bibledictionary/ஸ்ட்ராங்க்ஸ்-எபிரேய-அகராதி/#/H1439 - גּדעון - gid‛ôn - ghid-ohn'/1439\">H1439</a>, <a href=\"https://wordofgod.in/bibledictionary/ஸ்ட்ராங்க்ஸ்-எபிரேய-அகராதி/#/H1440 - גּדעם - gid‛ôm - ghid-ohm'/1440\">H1440</a>, <a href=\"https://wordofgod.in/bibledictionary/ஸ்ட்ராங்க்ஸ்-எபிரேய-அகராதி/#/H1441 - גּדעני - gid‛ônı̂y - ghid-o-nee'/1441\">H1441</a>"}]}