{"word":"H1443 - גּדר - gâdar - gaw-dar'","sections":[{"paragraph":""},{"paragraph":"Original: גּדר"},{"paragraph":"Transliteration: gâdar"},{"paragraph":"Phonetic: gaw-dar'"},{"paragraph":""},{"paragraph":"வினைச்சொல் - கொற்றராயிரு, வேலியடை அடை எழுப்பு"},{"paragraph":""},{"paragraph":"to wall up, to wall off, to close off, to build a wall (Qal)"},{"paragraph":"1) to wall up, to shut off"},{"paragraph":"2) masons (participle)"},{"paragraph":""},{"paragraph":"Cognate: <a href=\"https://wordofgod.in/bibledictionary/ஸ்ட்ராங்க்ஸ்-எபிரேய-அகராதி/#/H1443 - גּדר - gâdar - gaw-dar'/1443\">H1443</a>, <a href=\"https://wordofgod.in/bibledictionary/ஸ்ட்ராங்க்ஸ்-எபிரேய-அகராதி/#/H1444 - גּדר - geder - gheh'-der/1444\">H1444</a>, <a href=\"https://wordofgod.in/bibledictionary/ஸ்ட்ராங்க்ஸ்-எபிரேய-அகராதி/#/H1445 - גּדר - geder - gheh'-der/1445\">H1445</a>, <a href=\"https://wordofgod.in/bibledictionary/ஸ்ட்ராங்க்ஸ்-எபிரேய-அகராதி/#/H1446 - גּדור גּדר - gedôr gedôr - ghed-ore'/1446\">H1446</a>, <a href=\"https://wordofgod.in/bibledictionary/ஸ்ட்ராங்க்ஸ்-எபிரேய-அகராதி/#/H1447 - גּדר - gâdêr - gaw-dare'/1447\">H1447</a>, <a href=\"https://wordofgod.in/bibledictionary/ஸ்ட்ராங்க்ஸ்-எபிரேய-அகராதி/#/H1448 - גּדרה - gedêrâh - ghed-ay-raw'/1448\">H1448</a>, <a href=\"https://wordofgod.in/bibledictionary/ஸ்ட்ராங்க்ஸ்-எபிரேய-அகராதி/#/H1449 - גּדרה - gedêrâh - ghed-ay-raw'/1449\">H1449</a>, <a href=\"https://wordofgod.in/bibledictionary/ஸ்ட்ராங்க்ஸ்-எபிரேய-அகராதி/#/H1450 - גּדרות - gedêrôth - ghed-ay-rohth'/1450\">H1450</a>, <a href=\"https://wordofgod.in/bibledictionary/ஸ்ட்ராங்க்ஸ்-எபிரேய-அகராதி/#/H1451 - גּדרי - gedêrı̂y - ghed-ay-ree'/1451\">H1451</a>, <a href=\"https://wordofgod.in/bibledictionary/ஸ்ட்ராங்க்ஸ்-எபிரேய-அகராதி/#/H1452 - גּדרתי - gedêrâthı̂y - ghed-ay-raw-thee'/1452\">H1452</a>, <a href=\"https://wordofgod.in/bibledictionary/ஸ்ட்ராங்க்ஸ்-எபிரேய-அகராதி/#/H1453 - גּדרתים - gedêrôthayim - ghed-ay-ro-thah'-yim/1453\">H1453</a>"}]}