{"word":"H1292 - בּרכאל - bârak'êl - baw-rak-ale'","sections":[{"paragraph":""},{"paragraph":"Original: בּרכאל"},{"paragraph":"Transliteration: bârak'êl"},{"paragraph":"Phonetic: baw-rak-ale'"},{"paragraph":""},{"paragraph":"பரகெயேல் - ஆ.பெ.சொ."},{"paragraph":"தேவன் (எல்) ஆசீர்வதிக்கிறார்"},{"paragraph":""},{"paragraph":"Barachel = \"God blesses\""},{"paragraph":""},{"paragraph":"எலிகூவின் தகப்பன்"},{"paragraph":""},{"paragraph":"Cognate: <a href=\"https://wordofgod.in/bibledictionary/ஸ்ட்ராங்க்ஸ்-எபிரேய-அகராதி/#/H1263 - בּרוּך - bârûk - baw-rook'/1263\">H1263</a>, <a href=\"https://wordofgod.in/bibledictionary/ஸ்ட்ராங்க்ஸ்-எபிரேய-அகராதி/#/H1288 - בּרך - bârak - baw-rak'/1288\">H1288</a>, <a href=\"https://wordofgod.in/bibledictionary/ஸ்ட்ராங்க்ஸ்-எபிரேய-அகராதி/#/H1290 - בּרך - berek - beh'-rek/1290\">H1290</a>, <a href=\"https://wordofgod.in/bibledictionary/ஸ்ட்ராங்க்ஸ்-எபிரேய-அகராதி/#/H1292 - בּרכאל - bârak'êl - baw-rak-ale'/1292\">H1292</a>, <a href=\"https://wordofgod.in/bibledictionary/ஸ்ட்ராங்க்ஸ்-எபிரேய-அகராதி/#/H1293 - בּרכה - berâkâh - ber-aw-kaw'/1293\">H1293</a>, <a href=\"https://wordofgod.in/bibledictionary/ஸ்ட்ராங்க்ஸ்-எபிரேய-அகராதி/#/H1294 - בּרכה - berâkâh - ber-aw-kaw'/1294\">H1294</a>, <a href=\"https://wordofgod.in/bibledictionary/ஸ்ட்ராங்க்ஸ்-எபிரேய-அகராதி/#/H1295 - בּרכה - berêkâh - ber-ay-kaw'/1295\">H1295</a>, <a href=\"https://wordofgod.in/bibledictionary/ஸ்ட்ராங்க்ஸ்-எபிரேய-அகராதி/#/H1296 - בּרכיהוּ בּרכיה - berekyâh berekyâhû - beh-rek-yaw'/1296\">H1296</a>, <a href=\"https://wordofgod.in/bibledictionary/ஸ்ட்ராங்க்ஸ்-எபிரேய-அகராதி/#/H3000 - יברכיהוּ - yeberekyâhû - yeb-eh-rek-yaw'-hoo/3000\">H3000</a>"}]}