{"word":"H1164 - בּעי - be‛ı̂y - beh-ee'","sections":[{"paragraph":""},{"paragraph":"Original: בּעי"},{"paragraph":"Transliteration: be‛ı̂y"},{"paragraph":"Phonetic: beh-ee'"},{"paragraph":""},{"paragraph":"மரணம் - ஆபெ.சொ"},{"paragraph":""},{"paragraph":"ruin, heap of ruins"},{"paragraph":""},{"paragraph":"Cognate: <a href=\"https://wordofgod.in/bibledictionary/ஸ்ட்ராங்க்ஸ்-எபிரேய-அகராதி/#/H1164 - בּעי - be‛ı̂y - beh-ee'/1164\">H1164</a>, <a href=\"https://wordofgod.in/bibledictionary/ஸ்ட்ராங்க்ஸ்-எபிரேய-அகராதி/#/H4596 - מעי - me‛ı̂y - meh-ee'/4596\">H4596</a>, <a href=\"https://wordofgod.in/bibledictionary/ஸ்ட்ராங்க்ஸ்-எபிரேய-அகராதி/#/H5753 - עוה - ‛âvâh - aw-vaw'/5753\">H5753</a>, <a href=\"https://wordofgod.in/bibledictionary/ஸ்ட்ராங்க்ஸ்-எபிரேய-அகராதி/#/H5754 - עוּה - ‛avvâh - av-vaw'/5754\">H5754</a>, <a href=\"https://wordofgod.in/bibledictionary/ஸ்ட்ராங்க்ஸ்-எபிரேய-அகராதி/#/H5773 - עועה - ‛av‛eh - av-eh'/5773\">H5773</a>, <a href=\"https://wordofgod.in/bibledictionary/ஸ்ட்ராங்க்ஸ்-எபிரேய-அகராதி/#/H5856 - עי - ‛ı̂y - ee/5856\">H5856</a>"}]}