{"word":"H1113 - בּלשׁאצּר - bêlsha'tstsar - bale-shats-tsar","sections":[{"paragraph":""},{"paragraph":"Original: בּלשׁאצּר"},{"paragraph":"Transliteration: bêlsha'tstsar"},{"paragraph":"Phonetic: bale-shats-tsar"},{"paragraph":""},{"paragraph":"பெல்ஷாத்சார் - ஆபெசொ."},{"paragraph":"\"பெல் ராஜாவை பாதுகாப்பாராக\""},{"paragraph":""},{"paragraph":"Belshazzar = \"Bel protect the king\""},{"paragraph":""},{"paragraph":"பாபிலோனின் ராஜா - இவனுபைய காலத்தில் சுவரில் எழுதப்பட்ட எழுத்துக்களுக்குத் தானியேல் அர்த்தங்கூறினான்."},{"paragraph":""},{"paragraph":"Cognate: <a href=\"https://wordofgod.in/bibledictionary/ஸ்ட்ராங்க்ஸ்-எபிரேய-அகராதி/#/H1080 - בּלא - belâ' - bel-aw'/1080\">H1080</a>, <a href=\"https://wordofgod.in/bibledictionary/ஸ்ட்ராங்க்ஸ்-எபிரேய-அகராதி/#/H1093 - בּלו - belô - bel-o'/1093\">H1093</a>, <a href=\"https://wordofgod.in/bibledictionary/ஸ்ட்ராங்க்ஸ்-எபிரேய-அகராதி/#/H1096 - בּלטשׁאצּר - bêlṭesha'tstsar - bale-tesh-ats-tsar'/1096\">H1096</a>, <a href=\"https://wordofgod.in/bibledictionary/ஸ்ட்ராங்க்ஸ்-எபிரேய-அகராதி/#/H1113 - בּלשׁאצּר - bêlsha'tstsar - bale-shats-tsar/1113\">H1113</a>"}]}