{"word":"H106 - אגרף - 'egrôph - eg-rofe'","sections":[{"paragraph":""},{"paragraph":"Original: אגרף"},{"paragraph":"Transliteration: 'egrôph"},{"paragraph":"Phonetic: eg-rofe'"},{"paragraph":""},{"paragraph":"கை - ஆ.பெ.சொ."},{"paragraph":""},{"paragraph":"a fist"},{"paragraph":""},{"paragraph":"Cognate: <a href=\"https://wordofgod.in/bibledictionary/ஸ்ட்ராங்க்ஸ்-எபிரேய-அகராதி/#/H106 - אגרף - 'egrôph - eg-rofe'/1064\">H106</a>, <a href=\"https://wordofgod.in/bibledictionary/ஸ்ட்ராங்க்ஸ்-எபிரேய-அகராதி/#/H1640 - גּרף - gâraph - gaw-raf'/1640\">H1640</a>, <a href=\"https://wordofgod.in/bibledictionary/ஸ்ட்ராங்க்ஸ்-எபிரேய-அகராதி/#/H4053 - מגרפה - migrâphâh - mig-raw-faw'/4053\">H4053</a>"}]}