{"word":"H1362 - גּבהּ - gâbâhh - gaw-bawh'","sections":[{"paragraph":""},{"paragraph":"Original: גּבהּ"},{"paragraph":"Transliteration: gâbâhh"},{"paragraph":"Phonetic: gaw-bawh'"},{"paragraph":""},{"paragraph":"மேட்டிமையுள்ள, பெருமையுள்ள, உயர்ந்த - பெயரடை"},{"paragraph":""},{"paragraph":"high, proud"},{"paragraph":""},{"paragraph":"Cognate: <a href=\"https://wordofgod.in/bibledictionary/ஸ்ட்ராங்க்ஸ்-எபிரேய-அகராதி/#/H1361 - גּבהּ - gâbahh - gaw-bah'/1361\">H1361</a>, <a href=\"https://wordofgod.in/bibledictionary/ஸ்ட்ராங்க்ஸ்-எபிரேய-அகராதி/#/H1362 - גּבהּ - gâbâhh - gaw-bawh'/1362\">H1362</a>, <a href=\"https://wordofgod.in/bibledictionary/ஸ்ட்ராங்க்ஸ்-எபிரேய-அகராதி/#/H1363 - גּבהּ - gôbahh - go'-bah/1363\">H1363</a>, <a href=\"https://wordofgod.in/bibledictionary/ஸ்ட்ராங்க்ஸ்-எபிரேய-அகராதி/#/H1364 - גּבוהּ גּבהּ - gâbôhha gâbôhha - gaw-bo'-ah/1364\">H1364</a>, <a href=\"https://wordofgod.in/bibledictionary/ஸ்ட்ராங்க்ஸ்-எபிரேய-அகராதி/#/H1365 - גּבהוּת - gabhûth - gab-hooth'/1365\">H1365</a>, <a href=\"https://wordofgod.in/bibledictionary/ஸ்ட்ராங்க்ஸ்-எபிரேய-அகராதி/#/H3011 - יגבּהה - yogbehâh - yog-beh-haw'/3011\">H3011</a>"}]}