{"word":"H1213 - בּצלית בּצלוּת - batslûth batslı̂yth - bats-looth'","sections":[{"paragraph":""},{"paragraph":"Original: בּצלית בּצלוּת"},{"paragraph":"Transliteration: batslûth batslı̂yth"},{"paragraph":"Phonetic: bats-looth'"},{"paragraph":""},{"paragraph":"பஸ்லூத், பஸ்லீத் - பெயர்ச்சொல்"},{"paragraph":"Bazlithor Bazluth = \"கேட்டல்\" \"asking\""},{"paragraph":"செருபாபேலோடு சிறையிருப்பிலிருந்து திரும்பி வந்த குடும்பத்தின் தலைவன்"},{"paragraph":""},{"paragraph":"Cognate: <a href=\"https://wordofgod.in/bibledictionary/ஸ்ட்ராங்க்ஸ்-எபிரேய-அகராதி/#/H1211 - בּצל - betsel - beh'-tsel/1211\">H1211</a>, <a href=\"https://wordofgod.in/bibledictionary/ஸ்ட்ராங்க்ஸ்-எபிரேய-அகராதி/#/H1212 - בּצלאל - betsal'êl - bets-al-ale'/1212\">H1212</a>, <a href=\"https://wordofgod.in/bibledictionary/ஸ்ட்ராங்க்ஸ்-எபிரேய-அகராதி/#/H1213 - בּצלית בּצלוּת - batslûth batslı̂yth - bats-looth'/1213\">H1213</a>"}]}