{"word":"H1310 - בּשׁל - bâshal - baw-shal'","sections":[{"paragraph":""},{"paragraph":"Original: בּשׁל"},{"paragraph":"Transliteration: bâshal"},{"paragraph":"Phonetic: baw-shal'"},{"paragraph":""},{"paragraph":"வினைச்சொல் - சமை, அவிக்கப்படு, சமைக்கப்படு, முதிர், வேலி, பொரி, அவி, பொங்கு, சுடு"},{"paragraph":""},{"paragraph":"to boil, to cook, to bake, to roast, to ripen, to grow ripe"},{"paragraph":"a) (Qal)"},{"paragraph":"1) to boil, to cook"},{"paragraph":"2) to grow ripe, to ripen"},{"paragraph":"b) (Piel)"},{"paragraph":"1) to boil"},{"paragraph":"2) to cook"},{"paragraph":"c) (Pual)"},{"paragraph":"1) to be boiled"},{"paragraph":"2) to be sodden"},{"paragraph":"d) (Hiphil)"},{"paragraph":"1) to ripen"},{"paragraph":"2) to ripen, to be brought to ripeness"},{"paragraph":""},{"paragraph":"Cognate: <a href=\"https://wordofgod.in/bibledictionary/ஸ்ட்ராங்க்ஸ்-எபிரேய-அகராதி/#/H1310 - בּשׁל - bâshal - baw-shal'/1310\">H1310</a>, <a href=\"https://wordofgod.in/bibledictionary/ஸ்ட்ராங்க்ஸ்-எபிரேய-அகராதி/#/H1311 - בּשׁל - bâshêl - baw-shale'/1311\">H1311</a>, <a href=\"https://wordofgod.in/bibledictionary/ஸ்ட்ராங்க்ஸ்-எபிரேய-அகராதி/#/H1312 - בּשׁלם - bishlâm - bish-lawm'/1312\">H1312</a>, <a href=\"https://wordofgod.in/bibledictionary/ஸ்ட்ராங்க்ஸ்-எபிரேய-அகராதி/#/H4018 - מבשּׁלה - mebashelâh - meb-ash-shel-aw'/4018\">H4018</a>"}]}