{"word":"H1272 - בּרח - bârach - baw-rakh'","sections":[{"paragraph":""},{"paragraph":"Original: בּרח"},{"paragraph":"Transliteration: bârach"},{"paragraph":"Phonetic: baw-rakh'"},{"paragraph":""},{"paragraph":"வினைச்சொல் - ஒடிப்போ, தப்பி, பறந்து போ, தீவிரி, துரத்து, ஒடிப்போனது. பாய்ச்சப்பட்டிரு"},{"paragraph":""},{"paragraph":"to go through, to flee, to run away, to chase, to drive away, to put to flight, to reach, to shoot (extend), to hurry away"},{"paragraph":"a) (Qal)"},{"paragraph":"1) to go, to pass through"},{"paragraph":"2) to flee"},{"paragraph":"3) to hasten, to come quickly"},{"paragraph":"b) (Hiphil)"},{"paragraph":"1) to pass through"},{"paragraph":"2) to cause to flee, to put to flight"},{"paragraph":"3) to drive away"},{"paragraph":""},{"paragraph":"Cognate: <a href=\"https://wordofgod.in/bibledictionary/ஸ்ட்ராங்க்ஸ்-எபிரேய-அகராதி/#/H1272 - בּרח - bârach - baw-rakh'/1272\">H1272</a>, <a href=\"https://wordofgod.in/bibledictionary/ஸ்ட்ராங்க்ஸ்-எபிரேய-அகராதி/#/H1273 - בּרחמי - barchûmı̂y - bar-khoo-mee'/1273\">H1273</a>, <a href=\"https://wordofgod.in/bibledictionary/ஸ்ட்ராங்க்ஸ்-எபிரேய-அகராதி/#/H1276 - בּרי - bêrı̂y - bay-ree'/1276\">H1276</a>, <a href=\"https://wordofgod.in/bibledictionary/ஸ்ட்ராங்க்ஸ்-எபிரேய-அகராதி/#/H1280 - בּריח - berı̂yach - ber-ee'-akh/1280\">H1280</a>, <a href=\"https://wordofgod.in/bibledictionary/ஸ்ட்ராங்க்ஸ்-எபிரேய-அகராதி/#/H1281 - בּרח בּריח - bârı̂yach bâriach - baw-ree'-akh/1281\">H1281</a>, <a href=\"https://wordofgod.in/bibledictionary/ஸ்ட்ராங்க்ஸ்-எபிரேய-அகராதி/#/H1282 - בּריח - bârı̂yach - baw-ree'-akh/1282\">H1282</a>, <a href=\"https://wordofgod.in/bibledictionary/ஸ்ட்ராங்க்ஸ்-எபிரேய-அகராதி/#/H4015 - מברח - mibrâch - mib-rawkh'/4015\">H4015</a>"}]}