{"word":"H1427 - גּדּיאל - gaddı̂y'êl - gad-dee-ale'","sections":[{"paragraph":""},{"paragraph":"Original: גּדּיאל"},{"paragraph":"Transliteration: gaddı̂y'êl"},{"paragraph":"Phonetic: gad-dee-ale'"},{"paragraph":""},{"paragraph":"காதியேல் - ஆ.பெசொ."},{"paragraph":"(புறஜாதி) தேவன் (என்) தேவன்"},{"paragraph":"தேவன் (எல்) என் புதையல்"},{"paragraph":""},{"paragraph":"Gaddiel = \"Godis my fortune\""},{"paragraph":"செபுலோன் கோத்திரத்திலிருந்து கானான் தேசத்தை வேவுபார்ப்பதற்காக மோசேயால் அனுப்பப்பட்டவன்"},{"paragraph":""},{"paragraph":"Cognate: <a href=\"https://wordofgod.in/bibledictionary/ஸ்ட்ராங்க்ஸ்-எபிரேய-அகராதி/#/H1407 - גּד - gad - gad/1407\">H1407</a>, <a href=\"https://wordofgod.in/bibledictionary/ஸ்ட்ராங்க்ஸ்-எபிரேய-அகராதி/#/H1408 - גּד - gad - gad/1408\">H1408</a>, <a href=\"https://wordofgod.in/bibledictionary/ஸ்ட்ராங்க்ஸ்-எபிரேய-அகராதி/#/H1409 - גּד - gâd - gawd/1409\">H1409</a>, <a href=\"https://wordofgod.in/bibledictionary/ஸ்ட்ராங்க்ஸ்-எபிரேய-அகராதி/#/H1410 - גּד - gâd - gawd/1410\">H1410</a>, <a href=\"https://wordofgod.in/bibledictionary/ஸ்ட்ராங்க்ஸ்-எபிரேய-அகராதி/#/H1412 - גּדגּדה - gûdgôdâh - gud-go'-daw/1412\">H1412</a>, <a href=\"https://wordofgod.in/bibledictionary/ஸ்ட்ராங்க்ஸ்-எபிரேய-அகராதி/#/H1413 - גּדד - gâdad - gaw-dad'/1413\">H1413</a>, <a href=\"https://wordofgod.in/bibledictionary/ஸ்ட்ராங்க்ஸ்-எபிரேய-அகராதி/#/H1416 - גּדוּד - gedûd - ghed-ood'/1416\">H1416</a>, <a href=\"https://wordofgod.in/bibledictionary/ஸ்ட்ராங்க்ஸ்-எபிரேய-அகராதி/#/H1417 - גּדדה גּדוּד - gedûd gedûdâh - ghed-ood'/1417\">H1417</a>, <a href=\"https://wordofgod.in/bibledictionary/ஸ்ட்ராங்க்ஸ்-எபிரேய-அகராதி/#/H1418 - גּדוּדה - gedûdâh - ghed-oo-daw'/1418\">H1418</a>, <a href=\"https://wordofgod.in/bibledictionary/ஸ்ட்ராங்க்ஸ்-எபிரேய-அகராதி/#/H1424 - גּדי - gâdı̂y - gaw-dee'/1424\">H1424</a>, <a href=\"https://wordofgod.in/bibledictionary/ஸ்ட்ராங்க்ஸ்-எபிரேய-அகராதி/#/H1425 - גּדי - gâdı̂y - gaw-dee'/1425\">H1425</a>, <a href=\"https://wordofgod.in/bibledictionary/ஸ்ட்ராங்க்ஸ்-எபிரேய-அகராதி/#/H1426 - גּדּי - gaddı̂y - gad-dee'/1426\">H1426</a>, <a href=\"https://wordofgod.in/bibledictionary/ஸ்ட்ராங்க்ஸ்-எபிரேய-அகராதி/#/H1427 - גּדּיאל - gaddı̂y'êl - gad-dee-ale'/1427\">H1427</a>, <a href=\"https://wordofgod.in/bibledictionary/ஸ்ட்ராங்க்ஸ்-எபிரேய-அகராதி/#/H4023 - מגדּו מגדּון - megiddôn megiddô - meg-id-done'/4023\">H4023</a>"}]}