{"word":"H1242 - בּקר - bôqer - bo'-ker","sections":[{"paragraph":""},{"paragraph":"Original: בּקר"},{"paragraph":"Transliteration: bôqer"},{"paragraph":"Phonetic: bo'-ker"},{"paragraph":""},{"paragraph":"விடியற்காலை, அதிகாலை, காலை பொழுது விடிதல், சந்தி, காலம், நாளை, விடியற்காலம் - ஆண்பால் பெயர்ச்சொல்"},{"paragraph":""},{"paragraph":"morning, the break of day"},{"paragraph":""},{"paragraph":"1. அதிகாலை (morning)"},{"paragraph":"2. இரவின் முடிவு (used of end of night)"},{"paragraph":"3. விடியற்காலையின் ஆரம்பம் (used of coming of daylight)"},{"paragraph":"4. சூரியன் உதிப்பது (used of coming of sunrise)"},{"paragraph":"5. ஒரு நாளின் ஆரம்பம் (used of beginning of day)"},{"paragraph":"6. இரவின் பயங்கரத்திற்குப் பின்பு சந்தோஷம் வருவது (used of bright joy after a night of distress) (figurative)"},{"paragraph":"7. மறுநாள், அடுத்த நாள் காலை (the morrow, the next day, the next , morning)"},{"paragraph":""},{"paragraph":"Cognate: <a href=\"https://wordofgod.in/bibledictionary/ஸ்ட்ராங்க்ஸ்-எபிரேய-அகராதி/#/H1239 - בּקר - bâqar - baw-kar/1239\">H1239</a>, <a href=\"https://wordofgod.in/bibledictionary/ஸ்ட்ராங்க்ஸ்-எபிரேய-அகராதி/#/H1241 - בּקר - bâqâr - baw-kawr'/1241\">H1241</a>, <a href=\"https://wordofgod.in/bibledictionary/ஸ்ட்ராங்க்ஸ்-எபிரேய-அகராதி/#/H1242 - בּקר - bôqer - bo'-ker/1242\">H1242</a>, <a href=\"https://wordofgod.in/bibledictionary/ஸ்ட்ராங்க்ஸ்-எபிரேய-அகராதி/#/H1243 - בּקּרה - baqqârâh - bak-kaw-raw'/1243\">H1243</a>, <a href=\"https://wordofgod.in/bibledictionary/ஸ்ட்ராங்க்ஸ்-எபிரேய-அகராதி/#/H1244 - בּקּרת - biqqôreth - bik-ko-reth/1244\">H1244</a>, <a href=\"https://wordofgod.in/bibledictionary/ஸ்ட்ராங்க்ஸ்-எபிரேய-அகராதி/#/H951 - בּוקר - bôqêr - bo-kare'/951\">H951</a>"}]}