{"word":"H116 - אדין - 'ĕdayin - ed-ah'-yin","sections":[{"paragraph":""},{"paragraph":"Original: אדין"},{"paragraph":"Transliteration: 'ĕdayin"},{"paragraph":"Phonetic: ed-ah'-yin"},{"paragraph":""},{"paragraph":"வினையடை - அப்பொழுது, பின்பு"},{"paragraph":""},{"paragraph":"then, afterward, thereupon, from that time on"},{"paragraph":""},{"paragraph":"Cognate: <a href=\"https://wordofgod.in/bibledictionary/ஸ்ட்ராங்க்ஸ்-எபிரேய-அகராதி/#/H104 - אגּרא - 'iggerâ' - ig-er-aw'/1043\">H104</a>, <a href=\"https://wordofgod.in/bibledictionary/ஸ்ட்ராங்க்ஸ்-எபிரேய-அகராதி/#/H116 - אדין - 'ĕdayin - ed-ah'-yin/1162\">H116</a>, <a href=\"https://wordofgod.in/bibledictionary/ஸ்ட்ராங்க்ஸ்-எபிரேய-அகராதி/#/H144 - אדר - 'ădâr - ad-awr'/1440\">H144</a>, <a href=\"https://wordofgod.in/bibledictionary/ஸ்ட்ராங்க்ஸ்-எபிரேய-அகராதி/#/H147 - אדּר - 'iddar - id-dar'/1475\">H147</a>, <a href=\"https://wordofgod.in/bibledictionary/ஸ்ட்ராங்க்ஸ்-எபிரேய-அகராதி/#/H148 - אדרגּזר - 'ădargâzêr - ad-ar''-gaw-zare'/148\">H148</a>, <a href=\"https://wordofgod.in/bibledictionary/ஸ்ட்ராங்க்ஸ்-எபிரேய-அகராதி/#/H149 - אדרזדּא - 'adrazdâ' - ad-raz-daw'/1497\">H149</a>, <a href=\"https://wordofgod.in/bibledictionary/ஸ்ட்ராங்க்ஸ்-எபிரேய-அகராதி/#/H2 - אב - 'ab - ab/2208\">H2</a>, <a href=\"https://wordofgod.in/bibledictionary/ஸ்ட்ராங்க்ஸ்-எபிரேய-அகராதி/#/H69 - אבן - 'eben - eh'-ben/693\">H69</a>"}]}