{"word":"H1298 - בּרע - bera‛ - beh'-rah","sections":[{"paragraph":""},{"paragraph":"Original: בּרע"},{"paragraph":"Transliteration: bera‛"},{"paragraph":"Phonetic: beh'-rah"},{"paragraph":""},{"paragraph":"பேரா - ஆ.பெசொ."},{"paragraph":"ஈவு"},{"paragraph":"\"தீமையின் குமாரன்\""},{"paragraph":"Bera \"son of evil\" சோதோமின் ராஜா"},{"paragraph":""},{"paragraph":"Cognate: <a href=\"https://wordofgod.in/bibledictionary/ஸ்ட்ராங்க்ஸ்-எபிரேய-அகராதி/#/H1264 - בּרום - berôm - ber-ome'/1264\">H1264</a>, <a href=\"https://wordofgod.in/bibledictionary/ஸ்ட்ராங்க்ஸ்-எபிரேய-அகராதி/#/H1283 - בּריעה - berı̂y‛âh - ber-ee'-aw/1283\">H1283</a>, <a href=\"https://wordofgod.in/bibledictionary/ஸ்ட்ராங்க்ஸ்-எபிரேய-அகராதி/#/H1284 - בּריעי - berı̂y‛ı̂y - ber-ee-ee'/1284\">H1284</a>, <a href=\"https://wordofgod.in/bibledictionary/ஸ்ட்ராங்க்ஸ்-எபிரேய-அகராதி/#/H1298 - בּרע - bera‛ - beh'-rah/1298\">H1298</a>"}]}