{"word":"H1352 - גּאל - gô'el - go'-el","sections":[{"paragraph":""},{"paragraph":"Original: גּאל"},{"paragraph":"Transliteration: gô'el"},{"paragraph":"Phonetic: go'-el"},{"paragraph":""},{"paragraph":"தீட்டுப்படுத்து - வினைச்சொல்"},{"paragraph":""},{"paragraph":"defilement, defiling"},{"paragraph":""},{"paragraph":"Cognate: <a href=\"https://wordofgod.in/bibledictionary/ஸ்ட்ராங்க்ஸ்-எபிரேய-அகராதி/#/H1351 - גּאל - gâ'al - gaw-al'/1351\">H1351</a>, <a href=\"https://wordofgod.in/bibledictionary/ஸ்ட்ராங்க்ஸ்-எபிரேய-அகராதி/#/H1352 - גּאל - gô'el - go'-el/1352\">H1352</a>"}]}