{"word":"H1019 - בּית הגּלגּל - bêyth haggilgâl - bayth hag-gil gawl'","sections":[{"paragraph":""},{"paragraph":"Original: בּית הגּלגּל"},{"paragraph":"Transliteration: bêyth haggilgâl"},{"paragraph":"Phonetic: bayth hag-gil gawl'"},{"paragraph":""},{"paragraph":"பெத்தில்கால் - ஓர் இடத்தின் பெயர்"},{"paragraph":"Beth-gilgal = \"சக்கரத்தின் வீடு\" \"the house of the wheel''"},{"paragraph":"பாலஸ்தீன தேசத்திலுள்ள ஓரிடம்"},{"paragraph":""},{"paragraph":"Cognate: <a href=\"https://wordofgod.in/bibledictionary/ஸ்ட்ராங்க்ஸ்-எபிரேய-அகராதி/#/H1019 - בּית הגּלגּל - bêyth haggilgâl - bayth hag-gil gawl'/1019\">H1019</a>, <a href=\"https://wordofgod.in/bibledictionary/ஸ்ட்ராங்க்ஸ்-எபிரேய-அகராதி/#/H1530 - גּל - gal - gal/1530\">H1530</a>, <a href=\"https://wordofgod.in/bibledictionary/ஸ்ட்ராங்க்ஸ்-எபிரேய-அகராதி/#/H1531 - גּל - gôl - gole/1531\">H1531</a>, <a href=\"https://wordofgod.in/bibledictionary/ஸ்ட்ராங்க்ஸ்-எபிரேய-அகராதி/#/H1534 - גּלגּל - galgal - gal-gal'/1534\">H1534</a>, <a href=\"https://wordofgod.in/bibledictionary/ஸ்ட்ராங்க்ஸ்-எபிரேய-அகராதி/#/H1536 - גּלגּל - gilgâl - ghil-gawl'/1536\">H1536</a>, <a href=\"https://wordofgod.in/bibledictionary/ஸ்ட்ராங்க்ஸ்-எபிரேய-அகராதி/#/H1537 - גּלגּל - gilgâl - ghil-gawl'/1537\">H1537</a>, <a href=\"https://wordofgod.in/bibledictionary/ஸ்ட்ராங்க்ஸ்-எபிரேய-அகராதி/#/H1538 - גּלגּלת - gûlgôleth - gul-go'-leth/1538\">H1538</a>, <a href=\"https://wordofgod.in/bibledictionary/ஸ்ட்ராங்க்ஸ்-எபிரேய-அகராதி/#/H1543 - גּלּה - gûllâh - gool-law'/1543\">H1543</a>, <a href=\"https://wordofgod.in/bibledictionary/ஸ்ட்ராங்க்ஸ்-எபிரேய-அகராதி/#/H1544 - גּלּל גּלּוּל - gillûl gillûl - ghil-lool'/1544\">H1544</a>, <a href=\"https://wordofgod.in/bibledictionary/ஸ்ட்ராங்க்ஸ்-எபிரேய-அகராதி/#/H1550 - גּליל - gâlı̂yl - gaw-leel'/1550\">H1550</a>, <a href=\"https://wordofgod.in/bibledictionary/ஸ்ட்ராங்க்ஸ்-எபிரேய-அகராதி/#/H1551 - גּלילה גּליל - gâlı̂yl gâlı̂ylâh - gaw-leel'/1551\">H1551</a>, <a href=\"https://wordofgod.in/bibledictionary/ஸ்ட்ராங்க்ஸ்-எபிரேய-அகராதி/#/H1552 - גּלילה - gelı̂ylâh - ghel-ee-law'/1552\">H1552</a>, <a href=\"https://wordofgod.in/bibledictionary/ஸ்ட்ராங்க்ஸ்-எபிரேய-அகராதி/#/H1553 - גּלילות - gelı̂ylôth - ghel-ee-lowth'/1553\">H1553</a>, <a href=\"https://wordofgod.in/bibledictionary/ஸ்ட்ராங்க்ஸ்-எபிரேய-அகராதி/#/H1554 - גּלּים - gallı̂ym - gal-leem'/1554\">H1554</a>, <a href=\"https://wordofgod.in/bibledictionary/ஸ்ட்ராங்க்ஸ்-எபிரேய-அகராதி/#/H1556 - גּלל - gâlal - gaw-lal'/1556\">H1556</a>, <a href=\"https://wordofgod.in/bibledictionary/ஸ்ட்ராங்க்ஸ்-எபிரேய-அகராதி/#/H1557 - גּלל - gâlâl - gaw-lawl'/1557\">H1557</a>, <a href=\"https://wordofgod.in/bibledictionary/ஸ்ட்ராங்க்ஸ்-எபிரேய-அகராதி/#/H1559 - גּלל - gâlâl - gaw-lawl'/1559\">H1559</a>, <a href=\"https://wordofgod.in/bibledictionary/ஸ்ட்ராங்க்ஸ்-எபிரேய-அகராதி/#/H1561 - גּלל - gêlel - gay'-lel/1561\">H1561</a>, <a href=\"https://wordofgod.in/bibledictionary/ஸ்ட்ராங்க்ஸ்-எபிரேய-அகராதி/#/H1562 - גּללי - gilălay - ghe-lal-ah'-ee/1562\">H1562</a>, <a href=\"https://wordofgod.in/bibledictionary/ஸ்ட்ராங்க்ஸ்-எபிரேய-அகராதி/#/H1567 - גּלעד - galyêd - gal-ade'/1567\">H1567</a>, <a href=\"https://wordofgod.in/bibledictionary/ஸ்ட்ராங்க்ஸ்-எபிரேய-அகராதி/#/H4039 - מגלּה - megillâh - meg-il-law'/4039\">H4039</a>"}]}