{"word":"H1092 - בּלהן - bilhân - bil-hawn'","sections":[{"paragraph":""},{"paragraph":"Original: בּלהן"},{"paragraph":"Transliteration: bilhân"},{"paragraph":"Phonetic: bil-hawn'"},{"paragraph":""},{"paragraph":"பில்கான் - ஆபெசொ."},{"paragraph":"மூடத்தனம், புத்தியீனம்"},{"paragraph":"Bilhan = \"அவர்களுடைய தளர்ச்சி \" \"their decrepitude\""},{"paragraph":"1. ஏசாவின் சந்ததியான்"},{"paragraph":"2. பென்யமீன் கோத்திரத்தான்"},{"paragraph":""},{"paragraph":"Cognate: <a href=\"https://wordofgod.in/bibledictionary/ஸ்ட்ராங்க்ஸ்-எபிரேய-அகராதி/#/H1089 - בּלהּ - bâlah - baw-lah'/1089\">H1089</a>, <a href=\"https://wordofgod.in/bibledictionary/ஸ்ட்ராங்க்ஸ்-எபிரேய-அகராதி/#/H1090 - בּלהה - bilhâh - bil-haw'/1090\">H1090</a>, <a href=\"https://wordofgod.in/bibledictionary/ஸ்ட்ராங்க்ஸ்-எபிரேய-அகராதி/#/H1091 - בּלּהה - ballâhâh - bal-law-haw'/1091\">H1091</a>, <a href=\"https://wordofgod.in/bibledictionary/ஸ்ட்ராங்க்ஸ்-எபிரேய-அகராதி/#/H1092 - בּלהן - bilhân - bil-hawn'/1092\">H1092</a>, <a href=\"https://wordofgod.in/bibledictionary/ஸ்ட்ராங்க்ஸ்-எபிரேய-அகராதி/#/H1095 - בּלטשׁאצּר - bêlṭesha'tstsar - bale-tesh-ats-tsar'/1095\">H1095</a>"}]}