{"word":"H11 - אבדּון - 'ăbaddôn - ab-ad-done'","sections":[{"paragraph":""},{"paragraph":""},{"paragraph":"Original: אבדּון"},{"paragraph":"Transliteration: 'ăbaddôn"},{"paragraph":"Phonetic: ab-ad-done'"},{"paragraph":""},{"paragraph":"நரகம், நாசம், நிர்மூலம், அழிவு, அபத்தோன் - ஆண்.பெசொ"},{"paragraph":""},{"paragraph":"a place of destruction, destruction, ruin, Abaddon"},{"paragraph":""},{"paragraph":"Cognate: <a href=\"https://wordofgod.in/bibledictionary/ஸ்ட்ராங்க்ஸ்-எபிரேய-அகராதி/#/H10 - אבדּה - 'ăbaddôh - ab-ad-do'/1050\">H10</a>, <a href=\"https://wordofgod.in/bibledictionary/ஸ்ட்ராங்க்ஸ்-எபிரேய-அகராதி/#/H11 - אבדּון - 'ăbaddôn - ab-ad-done'/1170\">H11</a>, <a href=\"https://wordofgod.in/bibledictionary/ஸ்ட்ராங்க்ஸ்-எபிரேய-அகராதி/#/H12 - אבדן - 'abdân - ab-dawn'/1232\">H12</a>, <a href=\"https://wordofgod.in/bibledictionary/ஸ்ட்ராங்க்ஸ்-எபிரேய-அகராதி/#/H13 - אבדן - 'obdân - ob-dawn'/1389\">H13</a>, <a href=\"https://wordofgod.in/bibledictionary/ஸ்ட்ராங்க்ஸ்-எபிரேய-அகராதி/#/H6 - אבד - 'âbad - aw-bad'/6210\">H6</a>, <a href=\"https://wordofgod.in/bibledictionary/ஸ்ட்ராங்க்ஸ்-எபிரேய-அகராதி/#/H8 - אבד - 'ôbêd - o-bade'/8656\">H8</a>, <a href=\"https://wordofgod.in/bibledictionary/ஸ்ட்ராங்க்ஸ்-எபிரேய-அகராதி/#/H9 - אבדה - 'ăbêdâh - ab-ay-daw'/972\">H9</a>"}]}