{"word":"H124 - אדם - 'ôdem - o'-dem","sections":[{"paragraph":""},{"paragraph":"Original: אדם"},{"paragraph":"Transliteration: 'ôdem"},{"paragraph":"Phonetic: o'-dem"},{"paragraph":""},{"paragraph":"பத்மராகம் - ஆ.பெ.சொ."},{"paragraph":""},{"paragraph":"a ruby, carnelian (redness)"},{"paragraph":"a precious stone"},{"paragraph":""},{"paragraph":"Cognate: <a href=\"https://wordofgod.in/bibledictionary/ஸ்ட்ராங்க்ஸ்-எபிரேய-அகராதி/#/H119 - אדם - 'âdam - aw-dam'/1199\">H119</a>, <a href=\"https://wordofgod.in/bibledictionary/ஸ்ட்ராங்க்ஸ்-எபிரேய-அகராதி/#/H122 - אדם - 'âdôm - aw-dome'/1222\">H122</a>, <a href=\"https://wordofgod.in/bibledictionary/ஸ்ட்ராங்க்ஸ்-எபிரேய-அகராதி/#/H123 - אדום אדם - 'ĕdôm 'ĕdôm - ed-ome'/1232\">H123</a>, <a href=\"https://wordofgod.in/bibledictionary/ஸ்ட்ராங்க்ஸ்-எபிரேய-அகராதி/#/H124 - אדם - 'ôdem - o'-dem/1241\">H124</a>, <a href=\"https://wordofgod.in/bibledictionary/ஸ்ட்ராங்க்ஸ்-எபிரேய-அகராதி/#/H125 - אדמדּם - 'ădamdâm - ad-am-dawm'/1256\">H125</a>, <a href=\"https://wordofgod.in/bibledictionary/ஸ்ட்ராங்க்ஸ்-எபிரேய-அகராதி/#/H130 - אדמי - 'ĕdômı̂y - ed-o-mee'/1305\">H130</a>, <a href=\"https://wordofgod.in/bibledictionary/ஸ்ட்ராங்க்ஸ்-எபிரேய-அகராதி/#/H132 - אדמוני אדמני - 'admônı̂y 'admônı̂y - ad-mo-nee'/1328\">H132</a>, <a href=\"https://wordofgod.in/bibledictionary/ஸ்ட்ராங்க்ஸ்-எபிரேய-அகராதி/#/H133 - אדמתא - 'admâthâ' - ad-maw-thaw'/1333\">H133</a>, <a href=\"https://wordofgod.in/bibledictionary/ஸ்ட்ராங்க்ஸ்-எபிரேய-அகராதி/#/H726 - ארומי - 'ărômı̂y - ar-o-mee'/7262\">H726</a>"}]}