{"word":"H1241 - בּקר - bâqâr - baw-kawr'","sections":[{"paragraph":""},{"paragraph":"Original: בּקר"},{"paragraph":"Transliteration: bâqâr"},{"paragraph":"Phonetic: baw-kawr'"},{"paragraph":""},{"paragraph":"மாடு, இளங்கன்று, காளை, கிடாரி, பசு, ரிஷபம், எருது, கன்றுக்குட்டி - பொது பெயர்ச்சொல்"},{"paragraph":""},{"paragraph":"cattle, herd, oxen, ox, head of cattle"},{"paragraph":""},{"paragraph":"Cognate: <a href=\"https://wordofgod.in/bibledictionary/ஸ்ட்ராங்க்ஸ்-எபிரேய-அகராதி/#/H1239 - בּקר - bâqar - baw-kar/1239\">H1239</a>, <a href=\"https://wordofgod.in/bibledictionary/ஸ்ட்ராங்க்ஸ்-எபிரேய-அகராதி/#/H1241 - בּקר - bâqâr - baw-kawr'/1241\">H1241</a>, <a href=\"https://wordofgod.in/bibledictionary/ஸ்ட்ராங்க்ஸ்-எபிரேய-அகராதி/#/H1242 - בּקר - bôqer - bo'-ker/1242\">H1242</a>, <a href=\"https://wordofgod.in/bibledictionary/ஸ்ட்ராங்க்ஸ்-எபிரேய-அகராதி/#/H1243 - בּקּרה - baqqârâh - bak-kaw-raw'/1243\">H1243</a>, <a href=\"https://wordofgod.in/bibledictionary/ஸ்ட்ராங்க்ஸ்-எபிரேய-அகராதி/#/H1244 - בּקּרת - biqqôreth - bik-ko-reth/1244\">H1244</a>, <a href=\"https://wordofgod.in/bibledictionary/ஸ்ட்ராங்க்ஸ்-எபிரேய-அகராதி/#/H951 - בּוקר - bôqêr - bo-kare'/951\">H951</a>"}]}