{"word":"H1235 - בּקע - beqa‛ - beh'-kah","sections":[{"paragraph":""},{"paragraph":"Original: בּקע"},{"paragraph":"Transliteration: beqa‛"},{"paragraph":"Phonetic: beh'-kah"},{"paragraph":""},{"paragraph":"அரைச்சேக்கல், பெக்கா - ஆ.பெசொ."},{"paragraph":""},{"paragraph":"half, part also called \"shekel of the sanctuary\" or \"holy shekel\" half a shekel"},{"paragraph":""},{"paragraph":"Cognate: <a href=\"https://wordofgod.in/bibledictionary/ஸ்ட்ராங்க்ஸ்-எபிரேய-அகராதி/#/H1233 - בּקיע - beqı̂ya‛ - bek-ee'-ah/1233\">H1233</a>, <a href=\"https://wordofgod.in/bibledictionary/ஸ்ட்ராங்க்ஸ்-எபிரேய-அகராதி/#/H1234 - בּקע - bâqa‛ - baw-kah'/1234\">H1234</a>, <a href=\"https://wordofgod.in/bibledictionary/ஸ்ட்ராங்க்ஸ்-எபிரேய-அகராதி/#/H1235 - בּקע - beqa‛ - beh'-kah/1235\">H1235</a>, <a href=\"https://wordofgod.in/bibledictionary/ஸ்ட்ராங்க்ஸ்-எபிரேய-அகராதி/#/H1237 - בּקעה - biq‛âh - bik-aw'/1237\">H1237</a>"}]}