{"word":"H1233 - בּקיע - beqı̂ya‛ - bek-ee'-ah","sections":[{"paragraph":""},{"paragraph":"Original: בּקיע"},{"paragraph":"Transliteration: beqı̂ya‛"},{"paragraph":"Phonetic: bek-ee'-ah"},{"paragraph":""},{"paragraph":"இடிதல், வெடிப்பு - ஆ.பெ.சொ."},{"paragraph":""},{"paragraph":"a fissure, a breach, a cleft"},{"paragraph":""},{"paragraph":"Cognate: <a href=\"https://wordofgod.in/bibledictionary/ஸ்ட்ராங்க்ஸ்-எபிரேய-அகராதி/#/H1233 - בּקיע - beqı̂ya‛ - bek-ee'-ah/1233\">H1233</a>, <a href=\"https://wordofgod.in/bibledictionary/ஸ்ட்ராங்க்ஸ்-எபிரேய-அகராதி/#/H1234 - בּקע - bâqa‛ - baw-kah'/1234\">H1234</a>, <a href=\"https://wordofgod.in/bibledictionary/ஸ்ட்ராங்க்ஸ்-எபிரேய-அகராதி/#/H1235 - בּקע - beqa‛ - beh'-kah/1235\">H1235</a>, <a href=\"https://wordofgod.in/bibledictionary/ஸ்ட்ராங்க்ஸ்-எபிரேய-அகராதி/#/H1237 - בּקעה - biq‛âh - bik-aw'/1237\">H1237</a>"}]}