{"word":"H1429 - גּדיּה - gedı̂yâh - ghed-ee-yaw'","sections":[{"paragraph":""},{"paragraph":"Original: גּדיּה"},{"paragraph":"Transliteration: gedı̂yâh"},{"paragraph":"Phonetic: ghed-ee-yaw'"},{"paragraph":""},{"paragraph":"ஆட்டுக்குட்டி - பெ.பெ.சொ."},{"paragraph":""},{"paragraph":"kids, young female goats"},{"paragraph":""},{"paragraph":"Cognate: <a href=\"https://wordofgod.in/bibledictionary/ஸ்ட்ராங்க்ஸ்-எபிரேய-அகராதி/#/H1415 - גּדה - gâdâh - gaw-daw'/1415\">H1415</a>, <a href=\"https://wordofgod.in/bibledictionary/ஸ்ட்ராங்க்ஸ்-எபிரேய-அகராதி/#/H1423 - גּדי - gedı̂y - ghed-ee'/1423\">H1423</a>, <a href=\"https://wordofgod.in/bibledictionary/ஸ்ட்ராங்க்ஸ்-எபிரேய-அகராதி/#/H1428 - גּדיה גּדיה - gidyâh gadyâh - ghid-yaw'/1428\">H1428</a>, <a href=\"https://wordofgod.in/bibledictionary/ஸ்ட்ராங்க்ஸ்-எபிரேய-அகராதி/#/H1429 - גּדיּה - gedı̂yâh - ghed-ee-yaw'/1429\">H1429</a>"}]}