{"word":"H1120 - בּמות בּעל בּמות - bâmôth bâmôth ba‛al - baw-moth'","sections":[{"paragraph":""},{"paragraph":"Original: בּמות בּעל בּמות"},{"paragraph":"Transliteration: bâmôth bâmôth ba‛al"},{"paragraph":"Phonetic: baw-moth'"},{"paragraph":""},{"paragraph":"பாமோத், பாமோத்பாகால் - பெயர்ச்சொல்"},{"paragraph":"\"உயர்ந்த மேடைகள்\""},{"paragraph":""},{"paragraph":"Bamoth = \"high places\" or \"great high place\""},{"paragraph":""},{"paragraph":"மோவாபில் அர்னோன் ஆற்றங் கரையிலுள்ள ஒரு பட்டணம்"},{"paragraph":""},{"paragraph":"Cognate: <a href=\"https://wordofgod.in/bibledictionary/ஸ்ட்ராங்க்ஸ்-எபிரேய-அகராதி/#/H1110 - בּלק - bâlaq - baw-lak'/1110\">H1110</a>, <a href=\"https://wordofgod.in/bibledictionary/ஸ்ட்ராங்க்ஸ்-எபிரேய-அகராதி/#/H1111 - בּלק - bâlâq - baw-lawk'/1111\">H1111</a>, <a href=\"https://wordofgod.in/bibledictionary/ஸ்ட்ராங்க்ஸ்-எபிரேய-அகராதி/#/H1114 - בּלשׁן - bilshân - bil-shawn'/1114\">H1114</a>, <a href=\"https://wordofgod.in/bibledictionary/ஸ்ட்ராங்க்ஸ்-எபிரேய-அகராதி/#/H1116 - בּמה - bâmâh - bam-maw'/1116\">H1116</a>, <a href=\"https://wordofgod.in/bibledictionary/ஸ்ட்ராங்க்ஸ்-எபிரேய-அகராதி/#/H1117 - בּמה - bâmâh - baw-maw'/1117\">H1117</a>, <a href=\"https://wordofgod.in/bibledictionary/ஸ்ட்ராங்க்ஸ்-எபிரேய-அகராதி/#/H1118 - בּמהל - bimhâl - bim-hawl'/1118\">H1118</a>, <a href=\"https://wordofgod.in/bibledictionary/ஸ்ட்ராங்க்ஸ்-எபிரேய-அகராதி/#/H1120 - בּמות בּעל בּמות - bâmôth bâmôth ba‛al - baw-moth'/1120\">H1120</a>"}]}