{"word":"H1045 - בּית עשׁתּרות - bêyth ‛ashtârôth - bayth ash-taw-roth'","sections":[{"paragraph":""},{"paragraph":"Original: בּית עשׁתּרות"},{"paragraph":"Transliteration: bêyth ‛ashtârôth"},{"paragraph":"Phonetic: bayth ash-taw-roth'"},{"paragraph":""},{"paragraph":"பெத்அஸ்தரோத் - ஓர் இடத்தின் பெயர்"},{"paragraph":"\"அஸ்தரோத்தின் ஆலயம்\""},{"paragraph":""},{"paragraph":"Beth-ashtaroth = \"house of Ashtaroth\""},{"paragraph":""},{"paragraph":"பெலிஸ்தியரின் கோவில்"},{"paragraph":""},{"paragraph":"Cognate: <a href=\"https://wordofgod.in/bibledictionary/ஸ்ட்ராங்க்ஸ்-எபிரேய-அகராதி/#/H1045 - בּית עשׁתּרות - bêyth ‛ashtârôth - bayth ash-taw-roth'/1045\">H1045</a>, <a href=\"https://wordofgod.in/bibledictionary/ஸ்ட்ராங்க்ஸ்-எபிரேய-அகராதி/#/H6245 - עשׁת - ‛âshath - aw-shath'/6245\">H6245</a>, <a href=\"https://wordofgod.in/bibledictionary/ஸ்ட்ராங்க்ஸ்-எபிரேய-அகராதி/#/H6248 - עשׁתּוּת - ‛ashtûth - ash-tooth'/6248\">H6248</a>, <a href=\"https://wordofgod.in/bibledictionary/ஸ்ட்ராங்க்ஸ்-எபிரேய-அகராதி/#/H6249 - עשׁתּי - ‛ashtêy - ash-tay'/6249\">H6249</a>, <a href=\"https://wordofgod.in/bibledictionary/ஸ்ட்ராங்க்ஸ்-எபிரேய-அகராதி/#/H6250 - עשׁתּנה - ‛eshtônâh - esh-to-naw'/6250\">H6250</a>, <a href=\"https://wordofgod.in/bibledictionary/ஸ்ட்ராங்க்ஸ்-எபிரேய-அகராதி/#/H6251 - עשׁתּרה - ‛ashterâh - ash-ter-aw'/6251\">H6251</a>, <a href=\"https://wordofgod.in/bibledictionary/ஸ்ட்ராங்க்ஸ்-எபிரேய-அகராதி/#/H6252 - עשׁתּרת עשׁתּרות - ‛ashtârôth ‛ashtârôth - ash-taw-roth'/6252\">H6252</a>, <a href=\"https://wordofgod.in/bibledictionary/ஸ்ட்ராங்க்ஸ்-எபிரேய-அகராதி/#/H6253 - עשׁתּרת - ‛ashtôreth - ash-to'reth/6253\">H6253</a>, <a href=\"https://wordofgod.in/bibledictionary/ஸ்ட்ராங்க்ஸ்-எபிரேய-அகராதி/#/H6254 - עשׁתּרתי - ‛ashterâthı̂y - ash-ter-aw-thee'/6254\">H6254</a>, <a href=\"https://wordofgod.in/bibledictionary/ஸ்ட்ராங்க்ஸ்-எபிரேய-அகராதி/#/H6255 - עשׁתּרת קרנים - ‛ashterôth qarnayim - ash-ter-oth' kar-nah'-yim/6255\">H6255</a>"}]}