{"word":"H1371 - גּבּח - gibbêach - ghib-bay'-akh","sections":[{"paragraph":""},{"paragraph":"Original: גּבּח"},{"paragraph":"Transliteration: gibbêach"},{"paragraph":"Phonetic: ghib-bay'-akh"},{"paragraph":""},{"paragraph":"அரை மொட்டையான - பெயரடை"},{"paragraph":""},{"paragraph":"to be high, to be baldin the forehead), having a bald forehead"},{"paragraph":""},{"paragraph":"Cognate: <a href=\"https://wordofgod.in/bibledictionary/ஸ்ட்ராங்க்ஸ்-எபிரேய-அகராதி/#/H1371 - גּבּח - gibbêach - ghib-bay'-akh/1371\">H1371</a>, <a href=\"https://wordofgod.in/bibledictionary/ஸ்ட்ராங்க்ஸ்-எபிரேய-அகராதி/#/H1372 - גּבּחת - gabbachath - gab-bakh'-ath/1372\">H1372</a>"}]}