{"word":"H118 - אדליא - 'ădalyâ' - ad-al-yaw'","sections":[{"paragraph":""},{"paragraph":"Original: אדליא"},{"paragraph":"Transliteration: 'ădalyâ'"},{"paragraph":"Phonetic: ad-al-yaw'"},{"paragraph":""},{"paragraph":"அதலியா - ஆ.பெ.சொ."},{"paragraph":"கர்த்தரிடம் நெருங்கி வருவேன்\""},{"paragraph":""},{"paragraph":"Adalia = \"I shall be drawn up of Yah\""},{"paragraph":""},{"paragraph":"ஆமானின் ஐந்தாவது குமாரன் ஆமானோடு சேர்ந்து இவனும் கொல்லப்பட்டான்."},{"paragraph":""},{"paragraph":"Cognate: <a href=\"https://wordofgod.in/bibledictionary/ஸ்ட்ராங்க்ஸ்-எபிரேய-அகராதி/#/H112 - אדּו - 'iddô - id-do/1120\">H112</a>, <a href=\"https://wordofgod.in/bibledictionary/ஸ்ட்ராங்க்ஸ்-எபிரேய-அகராதி/#/H118 - אדליא - 'ădalyâ' - ad-al-yaw'/1184\">H118</a>"}]}