{"word":"H1274 - בּרי - berı̂y - ber-ee'","sections":[{"paragraph":""},{"paragraph":"Original: בּרי"},{"paragraph":"Transliteration: berı̂y"},{"paragraph":"Phonetic: ber-ee'"},{"paragraph":""},{"paragraph":"கொழுத்த - பெயரடை"},{"paragraph":""},{"paragraph":"fat, fatter, fed, firm, plenteous, rank"},{"paragraph":""},{"paragraph":"Cognate: <a href=\"https://wordofgod.in/bibledictionary/ஸ்ட்ராங்க்ஸ்-எபிரேய-அகராதி/#/H1254 - בּרא - bârâ' - baw-raw'/1254\">H1254</a>, <a href=\"https://wordofgod.in/bibledictionary/ஸ்ட்ராங்க்ஸ்-எபிரேய-அகராதி/#/H1274 - בּרי - berı̂y - ber-ee'/1274\">H1274</a>, <a href=\"https://wordofgod.in/bibledictionary/ஸ்ட்ராங்க்ஸ்-எபிரேய-அகராதி/#/H1277 - בּריא - bârı̂y' - baw-ree'/1277\">H1277</a>"}]}