{"word":"H1350 - גּאל - gâ'al - gaw-al'","sections":[{"paragraph":""},{"paragraph":"Original: גּאל"},{"paragraph":"Transliteration: gâ'al"},{"paragraph":"Phonetic: gaw-al'"},{"paragraph":""},{"paragraph":"மீளு, சுதந்தரமாயிரு. தப்புவி, பழிவாங்கு, வழிவாங்குகிறவன், உறவினனாயிரு, சுதந்தரவாளி - வினைச்சொல்"},{"paragraph":""},{"paragraph":"to redeem, to act as kinsman- redeemer, to avenge, to revenge, to ransom, to do the part of a kinsman"},{"paragraph":"a) (Qal)"},{"paragraph":"1) to act as kinsman, to do the part of next of kin, to act as kinsman-redeemer; by marrying brother's widow to beget a child for him, to redeem from slavery, to redeem land, to exactvengeance"},{"paragraph":"2) to redeem (by payment)"},{"paragraph":"3) to redeem (with Godas the subject)"},{"paragraph":"a) individuals from death"},{"paragraph":"b) Israel from Egyptian bondage"},{"paragraph":"c) Israel from exile"},{"paragraph":"b) (Niphal)"},{"paragraph":"1) to redeem oneself"},{"paragraph":"2) to be redeemed"},{"paragraph":""},{"paragraph":"Cognate: <a href=\"https://wordofgod.in/bibledictionary/ஸ்ட்ராங்க்ஸ்-எபிரேய-அகராதி/#/H1350 - גּאל - gâ'al - gaw-al'/1350\">H1350</a>, <a href=\"https://wordofgod.in/bibledictionary/ஸ்ட்ராங்க்ஸ்-எபிரேய-அகராதி/#/H1353 - גּאלּה - ge'ûllâh - gheh-ool-law'/1353\">H1353</a>, <a href=\"https://wordofgod.in/bibledictionary/ஸ்ட்ராங்க்ஸ்-எபிரேய-அகராதி/#/H3008 - יגאל - yig'âl - yig-awl'/3008\">H3008</a>"}]}