{"word":"H123 - אדום אדם - 'ĕdôm 'ĕdôm - ed-ome'","sections":[{"paragraph":""},{"paragraph":"Original: אדום אדם"},{"paragraph":"Transliteration: 'ĕdôm 'ĕdôm"},{"paragraph":"Phonetic: ed-ome'"},{"paragraph":""},{"paragraph":"ஏதோம், ஏதோமியர் - ஆ.பெ.சொ."},{"paragraph":"\"சிவப்பு\""},{"paragraph":""},{"paragraph":"Edom = \"red\""},{"paragraph":""},{"paragraph":"1. ஏதோம்"},{"paragraph":"2. ஏதோமியன் - இதுமேயன் - ஏசாவின் சந்ததி"},{"paragraph":"3. ஏதோமின் நிலம் - இதுமேயா - பாலஸ்தீனத்தின் தென்பகுதியிலும், தென்கிழக்குப் பகுதியிலும் உள்ள நிலம்"},{"paragraph":""},{"paragraph":"Cognate: <a href=\"https://wordofgod.in/bibledictionary/ஸ்ட்ராங்க்ஸ்-எபிரேய-அகராதி/#/H119 - אדם - 'âdam - aw-dam'/1199\">H119</a>, <a href=\"https://wordofgod.in/bibledictionary/ஸ்ட்ராங்க்ஸ்-எபிரேய-அகராதி/#/H122 - אדם - 'âdôm - aw-dome'/1222\">H122</a>, <a href=\"https://wordofgod.in/bibledictionary/ஸ்ட்ராங்க்ஸ்-எபிரேய-அகராதி/#/H123 - אדום אדם - 'ĕdôm 'ĕdôm - ed-ome'/1232\">H123</a>, <a href=\"https://wordofgod.in/bibledictionary/ஸ்ட்ராங்க்ஸ்-எபிரேய-அகராதி/#/H124 - אדם - 'ôdem - o'-dem/1241\">H124</a>, <a href=\"https://wordofgod.in/bibledictionary/ஸ்ட்ராங்க்ஸ்-எபிரேய-அகராதி/#/H125 - אדמדּם - 'ădamdâm - ad-am-dawm'/1256\">H125</a>, <a href=\"https://wordofgod.in/bibledictionary/ஸ்ட்ராங்க்ஸ்-எபிரேய-அகராதி/#/H130 - אדמי - 'ĕdômı̂y - ed-o-mee'/1305\">H130</a>, <a href=\"https://wordofgod.in/bibledictionary/ஸ்ட்ராங்க்ஸ்-எபிரேய-அகராதி/#/H132 - אדמוני אדמני - 'admônı̂y 'admônı̂y - ad-mo-nee'/1328\">H132</a>, <a href=\"https://wordofgod.in/bibledictionary/ஸ்ட்ராங்க்ஸ்-எபிரேய-அகராதி/#/H133 - אדמתא - 'admâthâ' - ad-maw-thaw'/1333\">H133</a>, <a href=\"https://wordofgod.in/bibledictionary/ஸ்ட்ராங்க்ஸ்-எபிரேய-அகராதி/#/H726 - ארומי - 'ărômı̂y - ar-o-mee'/7262\">H726</a>"}]}