{"word":"H1216 - בּצק - bâtsêq - baw-tsake'","sections":[{"paragraph":""},{"paragraph":"Original: בּצק"},{"paragraph":"Transliteration: bâtsêq"},{"paragraph":"Phonetic: baw-tsake'"},{"paragraph":""},{"paragraph":"வினைச்சொல் - வீங்கு"},{"paragraph":""},{"paragraph":"(Qal) to swell, to become blistered"},{"paragraph":""},{"paragraph":"Cognate: <a href=\"https://wordofgod.in/bibledictionary/ஸ்ட்ராங்க்ஸ்-எபிரேய-அகராதி/#/H1216 - בּצק - bâtsêq - baw-tsake'/1216\">H1216</a>, <a href=\"https://wordofgod.in/bibledictionary/ஸ்ட்ராங்க்ஸ்-எபிரேய-அகராதி/#/H1217 - בּצק - bâtsêq - baw-tsake'/1217\">H1217</a>, <a href=\"https://wordofgod.in/bibledictionary/ஸ்ட்ராங்க்ஸ்-எபிரேய-அகராதி/#/H1218 - בּצקת - botsqath - bots-cath'/1218\">H1218</a>"}]}