{"word":"H1214 - בּצע - bâtsa‛ - baw-tsah'","sections":[{"paragraph":""},{"paragraph":"Original: בּצע"},{"paragraph":"Transliteration: bâtsa‛"},{"paragraph":"Phonetic: baw-tsah'"},{"paragraph":""},{"paragraph":"வினைச்சொல் - சம்பாதி. உடை, காயப்படு, பொருளாசை பிடித்திரு, பொருளாசைக் காரராயிரு, பொல்லாத ஆதாயத்தைத் தேடு, நிறைவேற்று, துண்டித்துப்போடு, முடித்திரு, அறுத்துவிடு, முடித்துத் தீர்"},{"paragraph":""},{"paragraph":"to cut off, to break off, to gain by unrighteous violence, to get, to finish, to be covetous, to be greedy"},{"paragraph":""},{"paragraph":"a) (Qal)"},{"paragraph":"1) to cut off"},{"paragraph":"2) to stop"},{"paragraph":"3) to gain wrongfully or by violence"},{"paragraph":"b) (Piel)"},{"paragraph":"1) to cut off, to sever"},{"paragraph":"2) to finish, to complete, to accomplish"},{"paragraph":"3) to violently make gain of"},{"paragraph":""},{"paragraph":"Cognate: <a href=\"https://wordofgod.in/bibledictionary/ஸ்ட்ராங்க்ஸ்-எபிரேய-அகராதி/#/H1214 - בּצע - bâtsa‛ - baw-tsah'/1214\">H1214</a>, <a href=\"https://wordofgod.in/bibledictionary/ஸ்ட்ராங்க்ஸ்-எபிரேய-அகராதி/#/H1215 - בּצע - betsa‛ - beh'-tsah/1215\">H1215</a>"}]}