{"word":"H1309 - בּשׂרה בּשׂורה - beśôrâh beśôrâh - bes-o-raw'","sections":[{"paragraph":""},{"paragraph":"Original: בּשׂרה בּשׂורה"},{"paragraph":"Transliteration: beśôrâh beśôrâh"},{"paragraph":"Phonetic: bes-o-raw'"},{"paragraph":""},{"paragraph":"வெகுமானம், நற்செய்தி, நல்ல செய்தி, செய்தி - பெபெ.சொ"},{"paragraph":""},{"paragraph":"news, good news, tidings, a reward for bringing good news"},{"paragraph":""},{"paragraph":"Cognate: <a href=\"https://wordofgod.in/bibledictionary/ஸ்ட்ராங்க்ஸ்-எபிரேய-அகராதி/#/H1308 - בּשׂור - beśôr - bes-ore'/1308\">H1308</a>, <a href=\"https://wordofgod.in/bibledictionary/ஸ்ட்ராங்க்ஸ்-எபிரேய-அகராதி/#/H1309 - בּשׂרה בּשׂורה - beśôrâh beśôrâh - bes-o-raw'/1309\">H1309</a>, <a href=\"https://wordofgod.in/bibledictionary/ஸ்ட்ராங்க்ஸ்-எபிரேய-அகராதி/#/H1319 - בּשׂר - bâśar - baw-sar'/1319\">H1319</a>, <a href=\"https://wordofgod.in/bibledictionary/ஸ்ட்ராங்க்ஸ்-எபிரேய-அகராதி/#/H1320 - בּשׂר - bâśâr - baw-sawr'/1320\">H1320</a>"}]}