{"word":"H142 - אדר - 'âdar - aw-dar'","sections":[{"paragraph":""},{"paragraph":"Original: אדר"},{"paragraph":"Transliteration: 'âdar"},{"paragraph":"Phonetic: aw-dar'"},{"paragraph":""},{"paragraph":"வி.சொ. - மகத்துவமாயிரு, மகிமையுள்ளதாயிரு"},{"paragraph":""},{"paragraph":"to be great, to be majestic, to be wide, to be noble (poetic)"},{"paragraph":"a) (in the Niphal) to be majestic, to be glorious (as a participle)"},{"paragraph":"b) (in the Hiphil) to make glorious"},{"paragraph":""},{"paragraph":"Cognate: <a href=\"https://wordofgod.in/bibledictionary/ஸ்ட்ராங்க்ஸ்-எபிரேய-அகராதி/#/H115 - אדורים - 'ădôrayim - ad-o-rah'-yim/1152\">H115</a>, <a href=\"https://wordofgod.in/bibledictionary/ஸ்ட்ராங்க்ஸ்-எபிரேய-அகராதி/#/H117 - אדּיר - 'addı̂yr - ad-deer'/1170\">H117</a>, <a href=\"https://wordofgod.in/bibledictionary/ஸ்ட்ராங்க்ஸ்-எபிரேய-அகராதி/#/H142 - אדר - 'âdar - aw-dar'/1424\">H142</a>, <a href=\"https://wordofgod.in/bibledictionary/ஸ்ட்ராங்க்ஸ்-எபிரேய-அகராதி/#/H143 - אדר - 'ădâr - ad-awr'/1437\">H143</a>, <a href=\"https://wordofgod.in/bibledictionary/ஸ்ட்ராங்க்ஸ்-எபிரேய-அகராதி/#/H145 - אדר - 'eder - eh'-der/1451\">H145</a>, <a href=\"https://wordofgod.in/bibledictionary/ஸ்ட்ராங்க்ஸ்-எபிரேய-அகராதி/#/H146 - אדּר - 'addâr - ad-dawr'/146\">H146</a>, <a href=\"https://wordofgod.in/bibledictionary/ஸ்ட்ராங்க்ஸ்-எபிரேய-அகராதி/#/H152 - אדרמּלך - 'adrammelek - ad-ram-meh'-lek/1526\">H152</a>, <a href=\"https://wordofgod.in/bibledictionary/ஸ்ட்ராங்க்ஸ்-எபிரேய-அகராதி/#/H155 - אדּרת - 'addereth - ad-deh'-reth/1552\">H155</a>"}]}