{"word":"H1238 - בּקק - bâqaq - baw-kah'","sections":[{"paragraph":""},{"paragraph":"Original: בּקק"},{"paragraph":"Transliteration: bâqaq"},{"paragraph":"Phonetic: baw-kah'"},{"paragraph":""},{"paragraph":"வினைச்சொல் - பலனற்றதாயிரு, சோர்ந்துபோ, வெறுமையாயிரு"},{"paragraph":""},{"paragraph":"to empty"},{"paragraph":"a) (Qal)"},{"paragraph":"1) to empty, to lay waste"},{"paragraph":"2) to make void (figurative)"},{"paragraph":"b) (Niphal) to be emptied"},{"paragraph":"c) (Polel) to empty out, to devastate"},{"paragraph":""},{"paragraph":"Cognate: <a href=\"https://wordofgod.in/bibledictionary/ஸ்ட்ராங்க்ஸ்-எபிரேய-அகராதி/#/H1227 - בּקבּוּק - baqbûq - bak-book'/1227\">H1227</a>, <a href=\"https://wordofgod.in/bibledictionary/ஸ்ட்ராங்க்ஸ்-எபிரேய-அகராதி/#/H1228 - בּקבּק - baqbûq - bak-book'/1228\">H1228</a>, <a href=\"https://wordofgod.in/bibledictionary/ஸ்ட்ராங்க்ஸ்-எபிரேய-அகராதி/#/H1229 - בּקבּקיה - baqbûqyâh - bak-book-yaw'/1229\">H1229</a>, <a href=\"https://wordofgod.in/bibledictionary/ஸ்ட்ராங்க்ஸ்-எபிரேய-அகராதி/#/H1238 - בּקק - bâqaq - baw-kah'/1238\">H1238</a>, <a href=\"https://wordofgod.in/bibledictionary/ஸ்ட்ராங்க்ஸ்-எபிரேய-அகராதி/#/H2999 - יבּק - yabbôq - yab-boke'/2999\">H2999</a>"}]}