{"word":"H1439 - גּדעון - gid‛ôn - ghid-ohn'","sections":[{"paragraph":""},{"paragraph":"Original: גּדעון"},{"paragraph":"Transliteration: gid‛ôn"},{"paragraph":"Phonetic: ghid-ohn'"},{"paragraph":""},{"paragraph":"கிதியோன் - ஆ.பெசொ."},{"paragraph":"\"வெட்டுகிறவர்\""},{"paragraph":""},{"paragraph":"Gideon =\"hewer\""},{"paragraph":""},{"paragraph":"யோவாசின் சின் இளைய குமாரன் - இஸ்ரவேலின் ஐந்தாவது நியாயாதிபதி - மீதியானியருக்கு எதிராக யுத்தம் பண்ணியவன்"},{"paragraph":""},{"paragraph":"Cognate: <a href=\"https://wordofgod.in/bibledictionary/ஸ்ட்ராங்க்ஸ்-எபிரேய-அகராதி/#/H1438 - גּדע - gâda‛ - gaw-dah'/1438\">H1438</a>, <a href=\"https://wordofgod.in/bibledictionary/ஸ்ட்ராங்க்ஸ்-எபிரேய-அகராதி/#/H1439 - גּדעון - gid‛ôn - ghid-ohn'/1439\">H1439</a>, <a href=\"https://wordofgod.in/bibledictionary/ஸ்ட்ராங்க்ஸ்-எபிரேய-அகராதி/#/H1440 - גּדעם - gid‛ôm - ghid-ohm'/1440\">H1440</a>, <a href=\"https://wordofgod.in/bibledictionary/ஸ்ட்ராங்க்ஸ்-எபிரேய-அகராதி/#/H1441 - גּדעני - gid‛ônı̂y - ghid-o-nee'/1441\">H1441</a>"}]}