{"word":"H1353 - גּאלּה - ge'ûllâh - gheh-ool-law'","sections":[{"paragraph":""},{"paragraph":"Original: גּאלּה"},{"paragraph":"Transliteration: ge'ûllâh"},{"paragraph":"Phonetic: gheh-ool-law'"},{"paragraph":""},{"paragraph":"மீட்டல், பந்து ஜனங்கள் - பெ.பெ.சொ."},{"paragraph":""},{"paragraph":"kindred, redemption, right of redemption price of redemption"},{"paragraph":""},{"paragraph":"Cognate: <a href=\"https://wordofgod.in/bibledictionary/ஸ்ட்ராங்க்ஸ்-எபிரேய-அகராதி/#/H1350 - גּאל - gâ'al - gaw-al'/1350\">H1350</a>, <a href=\"https://wordofgod.in/bibledictionary/ஸ்ட்ராங்க்ஸ்-எபிரேய-அகராதி/#/H1353 - גּאלּה - ge'ûllâh - gheh-ool-law'/1353\">H1353</a>, <a href=\"https://wordofgod.in/bibledictionary/ஸ்ட்ராங்க்ஸ்-எபிரேய-அகராதி/#/H3008 - יגאל - yig'âl - yig-awl'/3008\">H3008</a>"}]}