{"word":"H1232 - בּקּיּה - bûqqı̂yâh - book-kee-yaw'","sections":[{"paragraph":""},{"paragraph":"Original: בּקּיּה"},{"paragraph":"Transliteration: bûqqı̂yâh"},{"paragraph":"Phonetic: book-kee-yaw'"},{"paragraph":""},{"paragraph":"புக்கியா - ஆ.பெசொ."},{"paragraph":"யெகோவாவினால் நிரூபிக்கப்பட்டது"},{"paragraph":""},{"paragraph":"Bukkiah = \"Jehovah (Yahweh) has emptied\""},{"paragraph":""},{"paragraph":"கோகாத்தியன் - லேவியன் - ஏமானின் புத்திரர் தேவாலயத்தில் இசைக் கருவிகளை வாசித்தவர்களில் ஒருவன்"},{"paragraph":""},{"paragraph":"Cognate: <a href=\"https://wordofgod.in/bibledictionary/ஸ்ட்ராங்க்ஸ்-எபிரேய-அகராதி/#/H1231 - בּקּי - bûqqı̂y - book-kee'/1231\">H1231</a>, <a href=\"https://wordofgod.in/bibledictionary/ஸ்ட்ராங்க்ஸ்-எபிரேய-அகராதி/#/H1232 - בּקּיּה - bûqqı̂yâh - book-kee-yaw'/1232\">H1232</a>"}]}