{"word":"H1204 - בּעת - bâ‛ath - baw-ath'","sections":[{"paragraph":""},{"paragraph":"Original: בּעת"},{"paragraph":"Transliteration: bâ‛ath"},{"paragraph":"Phonetic: baw-ath'"},{"paragraph":""},{"paragraph":"வினைச்சொல் - பயந்திரு, திகிலடை, திடுக்கிடு, கலங்கு கலங்கப்பண்ணு. திகில் உண்டாக்கு, கலங்கப்பண்ணிக் கொண்டிரு. பயப்படு, திடுக்கிடப்பண்ணு, பயப்படுத்து"},{"paragraph":""},{"paragraph":"to terrify, to startle, to fall up on, to dismay, to be overtaken by sudden terror"},{"paragraph":"a) (Niphal) to be terrified"},{"paragraph":"b) (Piel)"},{"paragraph":"1) to fall upon, to overwhelm"},{"paragraph":"2) to terrify"},{"paragraph":""},{"paragraph":"Cognate: <a href=\"https://wordofgod.in/bibledictionary/ஸ்ட்ராங்க்ஸ்-எபிரேய-அகராதி/#/H1161 - בּעוּתים - bi‛ûthı̂ym - be-oo-theme'/1161\">H1161</a>, <a href=\"https://wordofgod.in/bibledictionary/ஸ்ட்ராங்க்ஸ்-எபிரேய-அகராதி/#/H1204 - בּעת - bâ‛ath - baw-ath'/1204\">H1204</a>, <a href=\"https://wordofgod.in/bibledictionary/ஸ்ட்ராங்க்ஸ்-எபிரேய-அகராதி/#/H1205 - בּעתה - be‛âthâh - beh-aw-thaw'/1205\">H1205</a>, <a href=\"https://wordofgod.in/bibledictionary/ஸ்ட்ராங்க்ஸ்-எபிரேய-அகராதி/#/H1209 - בּצי - bêtsay - bay-tsah'-ee/1209\">H1209</a>"}]}