{"word":"H127 - אדמה - 'ădâmâh - ad-aw-maw'","sections":[{"paragraph":""},{"paragraph":"Original: אדמה"},{"paragraph":"Transliteration: 'ădâmâh"},{"paragraph":"Phonetic: ad-aw-maw'"},{"paragraph":""},{"paragraph":"பூமி, வெளி, நிலம், தேசம், தரை, மண், பூச்சக்கரம், வயல், புழுதி  - பெபெசொ."},{"paragraph":""},{"paragraph":"the ground, land"},{"paragraph":""},{"paragraph":"1. உழப்பட்ட நிலம்"},{"paragraph":"2. ஒரு குறிப்பிட்ட நிலப்பகுதி"},{"paragraph":"3. கட்டுவதற்குப் பயன்படுத்தப்படும் நிலம்"},{"paragraph":"4. பூமியின் தரைப்பகுதி"},{"paragraph":"5. தேசம். எல்லை"},{"paragraph":"6. பூமியில் சுதந்தரிக்கப்பட்ட பகுதி"},{"paragraph":"7. நப்தலியிலுள்ள ஒரு பட்டணம்"},{"paragraph":""},{"paragraph":"Cognate: <a href=\"https://wordofgod.in/bibledictionary/ஸ்ட்ராங்க்ஸ்-எபிரேய-அகராதி/#/H120 - אדם - 'âdâm - aw-dawm'/1200\">H120</a>, <a href=\"https://wordofgod.in/bibledictionary/ஸ்ட்ராங்க்ஸ்-எபிரேய-அகராதி/#/H121 - אדם - 'âdâm - aw-dawm'/1211\">H121</a>, <a href=\"https://wordofgod.in/bibledictionary/ஸ்ட்ராங்க்ஸ்-எபிரேய-அகராதி/#/H126 - אדמה - 'admâh - ad-maw'/1268\">H126</a>, <a href=\"https://wordofgod.in/bibledictionary/ஸ்ட்ராங்க்ஸ்-எபிரேய-அகராதி/#/H127 - אדמה - 'ădâmâh - ad-aw-maw'/1273\">H127</a>, <a href=\"https://wordofgod.in/bibledictionary/ஸ்ட்ராங்க்ஸ்-எபிரேய-அகராதி/#/H128 - אדמה - 'ădâmâh - ad-aw-maw'/1284\">H128</a>, <a href=\"https://wordofgod.in/bibledictionary/ஸ்ட்ராங்க்ஸ்-எபிரேய-அகராதி/#/H129 - אדמי - 'ădâmı̂y - ad-aw-mee'/1291\">H129</a>"}]}