{"word":"H1270 - בּרזל - barzel - bar-zel'","sections":[{"paragraph":""},{"paragraph":"Original: בּרזל"},{"paragraph":"Transliteration: barzel"},{"paragraph":"Phonetic: bar-zel'"},{"paragraph":""},{"paragraph":"இரும்பு, கோடரி, உளி - ஆ.பெசொ."},{"paragraph":""},{"paragraph":"iron, iron ore, as material of furniture, utensils, implements, a tool of iron, harshness, strength, oppression (figurative)"},{"paragraph":""},{"paragraph":"Cognate: <a href=\"https://wordofgod.in/bibledictionary/ஸ்ட்ராங்க்ஸ்-எபிரேய-அகராதி/#/H1269 - בּרזות - birzôth - beer-zoth'/1269\">H1269</a>, <a href=\"https://wordofgod.in/bibledictionary/ஸ்ட்ராங்க்ஸ்-எபிரேய-அகராதி/#/H1270 - בּרזל - barzel - bar-zel'/1270\">H1270</a>, <a href=\"https://wordofgod.in/bibledictionary/ஸ்ட்ராங்க்ஸ்-எபிரேய-அகராதி/#/H1271 - בּרזלּי - barzillay - bar-zil-lah'-ee/1271\">H1271</a>"}]}