{"word":"H1386 - גּבנן - gabnôn - gab-nohn'","sections":[{"paragraph":""},{"paragraph":"Original: גּבנן"},{"paragraph":"Transliteration: gabnôn"},{"paragraph":"Phonetic: gab-nohn'"},{"paragraph":""},{"paragraph":"உயரம் - ஆ.பெசொ."},{"paragraph":""},{"paragraph":"a peak, a rounded summit, a mountain peak"},{"paragraph":""},{"paragraph":"Cognate: <a href=\"https://wordofgod.in/bibledictionary/ஸ்ட்ராங்க்ஸ்-எபிரேய-அகராதி/#/H1384 - גּבּן - gibbên - gib-bane'/1384\">H1384</a>, <a href=\"https://wordofgod.in/bibledictionary/ஸ்ட்ராங்க்ஸ்-எபிரேய-அகராதி/#/H1385 - גּבנה - gebinâh - gheb-ee-naw'/1385\">H1385</a>, <a href=\"https://wordofgod.in/bibledictionary/ஸ்ட்ராங்க்ஸ்-எபிரேய-அகராதி/#/H1386 - גּבנן - gabnôn - gab-nohn'/1386\">H1386</a>"}]}