{"word":"H1211 - בּצל - betsel - beh'-tsel","sections":[{"paragraph":""},{"paragraph":"Original: בּצל"},{"paragraph":"Transliteration: betsel"},{"paragraph":"Phonetic: beh'-tsel"},{"paragraph":""},{"paragraph":"வெங்காயம் - ஆபெ.சொ."},{"paragraph":""},{"paragraph":"an onion"},{"paragraph":""},{"paragraph":"Cognate: <a href=\"https://wordofgod.in/bibledictionary/ஸ்ட்ராங்க்ஸ்-எபிரேய-அகராதி/#/H1211 - בּצל - betsel - beh'-tsel/1211\">H1211</a>, <a href=\"https://wordofgod.in/bibledictionary/ஸ்ட்ராங்க்ஸ்-எபிரேய-அகராதி/#/H1212 - בּצלאל - betsal'êl - bets-al-ale'/1212\">H1212</a>, <a href=\"https://wordofgod.in/bibledictionary/ஸ்ட்ராங்க்ஸ்-எபிரேய-அகராதி/#/H1213 - בּצלית בּצלוּת - batslûth batslı̂yth - bats-looth'/1213\">H1213</a>"}]}