{"word":"H1085 - בּלדּד - bildad - bil-dad'","sections":[{"paragraph":""},{"paragraph":"Original: בּלדּד"},{"paragraph":"Transliteration: bildad"},{"paragraph":"Phonetic: bil-dad'"},{"paragraph":""},{"paragraph":"பில்தாத் - ஆண்பால் பெயர்ச்சொல்"},{"paragraph":"Bildad = \"குழப்பமான நேசம்\" (கலந்த நேசம் \"confusing (by mingling) love\""},{"paragraph":"யோபுவின் இரண்டாவது சிநேகிதன்"},{"paragraph":""},{"paragraph":"Cognate: <a href=\"https://wordofgod.in/bibledictionary/ஸ்ட்ராங்க்ஸ்-எபிரேய-அகராதி/#/H1082 - בּלג - bâlag - baw-lag'/1082\">H1082</a>, <a href=\"https://wordofgod.in/bibledictionary/ஸ்ட்ராங்க்ஸ்-எபிரேய-அகராதி/#/H1083 - בּלגּה - bilgâh - bil-gaw'/1083\">H1083</a>, <a href=\"https://wordofgod.in/bibledictionary/ஸ்ட்ராங்க்ஸ்-எபிரேய-அகராதி/#/H1084 - בּלגּי - bilgay - bil-gah'ee/1084\">H1084</a>, <a href=\"https://wordofgod.in/bibledictionary/ஸ்ட்ராங்க்ஸ்-எபிரேய-அகராதி/#/H1085 - בּלדּד - bildad - bil-dad'/1085\">H1085</a>, <a href=\"https://wordofgod.in/bibledictionary/ஸ்ட்ராங்க்ஸ்-எபிரேய-அகராதி/#/H1088 - בּלה - bâlâh - baw-law'/1088\">H1088</a>, <a href=\"https://wordofgod.in/bibledictionary/ஸ்ட்ராங்க்ஸ்-எபிரேய-அகராதி/#/H4010 - מבליגית - mablı̂ygı̂yth - mab-leeg-eeth'/4010\">H4010</a>"}]}