{"word":"H1203 - בּעשׁתּרה - be‛eshterâh - beh-esh-ter-aw'","sections":[{"paragraph":""},{"paragraph":"Original: בּעשׁתּרה"},{"paragraph":"Transliteration: be‛eshterâh"},{"paragraph":"Phonetic: beh-esh-ter-aw'"},{"paragraph":""},{"paragraph":"பெயேஸ்திரா - ஓர் இடத்தின் பெயர்"},{"paragraph":"Beeshterah = \"அதிகரிப்போடு\" \"with increase\""},{"paragraph":"மனாசேயிலுள்ள லேவியரின் பட்டணம் யோர்தான் நதிக்குக் கிழக்கிலுள்ளது"},{"paragraph":""},{"paragraph":"Cognate: <a href=\"https://wordofgod.in/bibledictionary/ஸ்ட்ராங்க்ஸ்-எபிரேய-அகராதி/#/H1160 - בּעור - be‛ôr - beh-ore'/1160\">H1160</a>, <a href=\"https://wordofgod.in/bibledictionary/ஸ்ட்ராங்க்ஸ்-எபிரேய-அகராதி/#/H1165 - בּעיר - be‛ı̂yr - beh-ere'/1165\">H1165</a>, <a href=\"https://wordofgod.in/bibledictionary/ஸ்ட்ராங்க்ஸ்-எபிரேய-அகராதி/#/H1197 - בּער - bâ‛ar - baw-ar'/1197\">H1197</a>, <a href=\"https://wordofgod.in/bibledictionary/ஸ்ட்ராங்க்ஸ்-எபிரேய-அகராதி/#/H1198 - בּער - ba‛ar - bah'-ar/1198\">H1198</a>, <a href=\"https://wordofgod.in/bibledictionary/ஸ்ட்ராங்க்ஸ்-எபிரேய-அகராதி/#/H1199 - בּערא - bâ‛ărâ' - bah-ar-aw'/1199\">H1199</a>, <a href=\"https://wordofgod.in/bibledictionary/ஸ்ட்ராங்க்ஸ்-எபிரேய-அகராதி/#/H1200 - בּערה - be‛êrâh - be-ay-raw'/1200\">H1200</a>, <a href=\"https://wordofgod.in/bibledictionary/ஸ்ட்ராங்க்ஸ்-எபிரேய-அகராதி/#/H1201 - בּעשׁא - ba‛shâ' - bah-shaw'/1201\">H1201</a>, <a href=\"https://wordofgod.in/bibledictionary/ஸ்ட்ராங்க்ஸ்-எபிரேய-அகராதி/#/H1202 - בּעשׂיה - ba‛ăśêyâh - bah-as-ay-yaw'/1202\">H1202</a>, <a href=\"https://wordofgod.in/bibledictionary/ஸ்ட்ராங்க்ஸ்-எபிரேய-அகராதி/#/H1203 - בּעשׁתּרה - be‛eshterâh - beh-esh-ter-aw'/1203\">H1203</a>, <a href=\"https://wordofgod.in/bibledictionary/ஸ்ட்ராங்க்ஸ்-எபிரேய-அகராதி/#/H8404 - תּבערה - tab‛êrâh - tab-ay-raw'/8404\">H8404</a>"}]}