{"word":"H1 - אב - 'âb - awb","sections":[{"paragraph":""},{"paragraph":"Original: אב"},{"paragraph":"Transliteration: 'âb"},{"paragraph":"Phonetic: awb"},{"paragraph":""},{"paragraph":"தகப்பன், பிதா, தலைவர், மூப்பன், அதிபதி, அபேட்சை, அப்பா-ஆபெசொ விருப்பம், அபேட்சை - ஆ.பெசொ"},{"paragraph":""},{"paragraph":"இந்த எபிரெய வார்த்தைக்குப் பல்வேறு அர்த்தங்கள் உள்ளன."},{"paragraph":""},{"paragraph":"[H3]அவையாவன:"},{"paragraph":""},{"paragraph":"1. ஒருவருடைய தகப்பன்"},{"paragraph":"2. பிதாவாகிய தேவன்"},{"paragraph":"3. குடும்பத்தின் தலைவன்"},{"paragraph":"4. முன்னோர்களில் ஒருவர்"},{"paragraph":"(1) தாத்தா"},{"paragraph":"(2) பொதுவான ஜனங்கள்"},{"paragraph":"5. ஒரு தொழிலின் ஸ்தாபகர்"},{"paragraph":"6. உற்பத்தி பண்ணுகிறவர்"},{"paragraph":"7. பாதுகாக்கிறவர்"},{"paragraph":"8. மரியாதைக்கும், கனத்திற்கும் உரிய வார்த்தை"},{"paragraph":"9. பிரபு அல்லது ஆளுநர்"},{"paragraph":""},{"paragraph":"Cognate: <a href=\"https://wordofgod.in/bibledictionary/ஸ்ட்ராங்க்ஸ்-எபிரேய-அகராதி/#/H1 - אב - 'âb - awb/1779\">H1</a>, <a href=\"https://wordofgod.in/bibledictionary/ஸ்ட்ராங்க்ஸ்-எபிரேய-அகராதி/#/H21 - אבי - 'ăbı̂y - ab-ee'/2189\">H21</a>, <a href=\"https://wordofgod.in/bibledictionary/ஸ்ட்ராங்க்ஸ்-எபிரேய-அகராதி/#/H22 - אביאל - 'ăbı̂y'êl - ab-ee-ale'/2208\">H22</a>, <a href=\"https://wordofgod.in/bibledictionary/ஸ்ட்ராங்க்ஸ்-எபிரேய-அகராதி/#/H23 - אביאסף - 'ăbı̂y'âsâph - ab-ee-aw-sawf'/2321\">H23</a>, <a href=\"https://wordofgod.in/bibledictionary/ஸ்ட்ராங்க்ஸ்-எபிரேய-அகராதி/#/H26 - אביגל אביגיל - 'ăbı̂ygayil 'ăbı̂ygal - ab-ee-gah'-yil/2639\">H26</a>, <a href=\"https://wordofgod.in/bibledictionary/ஸ்ட்ராங்க்ஸ்-எபிரேய-அகராதி/#/H27 - אבידן - 'ăbı̂ydân - ab-ee-dawn'/2731\">H27</a>, <a href=\"https://wordofgod.in/bibledictionary/ஸ்ட்ராங்க்ஸ்-எபிரேய-அகராதி/#/H28 - אבידע - 'ăbı̂ydâ‛ - ab-ee-daw'/2883\">H28</a>, <a href=\"https://wordofgod.in/bibledictionary/ஸ்ட்ராங்க்ஸ்-எபிரேய-அகராதி/#/H29 - אביּהוּ אביּה - 'ăbı̂yâh 'ăbı̂yâhû - ab-ee-yaw'/295\">H29</a>, <a href=\"https://wordofgod.in/bibledictionary/ஸ்ட்ராங்க்ஸ்-எபிரேய-அகராதி/#/H30 - אביהוּא - 'ăbı̂yhû' - ab-ee-hoo'/3010\">H30</a>, <a href=\"https://wordofgod.in/bibledictionary/ஸ்ட்ராங்க்ஸ்-எபிரேய-அகராதி/#/H31 - אביהוּד - 'ăbı̂yhûd - ab-ee-hood'/3146\">H31</a>, <a href=\"https://wordofgod.in/bibledictionary/ஸ்ட்ராங்க்ஸ்-எபிரேய-அகராதி/#/H32 - אביחיל אביהיל - 'ăbı̂yhayil 'ăbı̂ychayil - ab-ee-hah'-yil/3254\">H32</a>, <a href=\"https://wordofgod.in/bibledictionary/ஸ்ட்ராங்க்ஸ்-எபிரேய-அகராதி/#/H33 - אבי העזרי - 'ăbı̂y hâ‛ezrı̂y - ab-ee'-haw-ez-ree'/3307\">H33</a>, <a href=\"https://wordofgod.in/bibledictionary/ஸ்ட்ராங்க்ஸ்-எபிரேய-அகராதி/#/H36 - אביטוּב - 'ăbı̂yṭûb - ab-ee-toob'/3690\">H36</a>, <a href=\"https://wordofgod.in/bibledictionary/ஸ்ட்ராங்க்ஸ்-எபிரேய-அகராதி/#/H37 - אביטל - 'ăbı̂yṭal - ab-ee-tal'/3771\">H37</a>, <a href=\"https://wordofgod.in/bibledictionary/ஸ்ட்ராங்க்ஸ்-எபிரேய-அகராதி/#/H37 - אביטל - 'ăbı̂yṭal - ab-ee-tal'/3771\">H37</a>2, <a href=\"https://wordofgod.in/bibledictionary/ஸ்ட்ராங்க்ஸ்-எபிரேய-அகராதி/#/H37 - אביטל - 'ăbı̂yṭal - ab-ee-tal'/3771\">H37</a>3, <a href=\"https://wordofgod.in/bibledictionary/ஸ்ட்ராங்க்ஸ்-எபிரேய-அகராதி/#/H38 - אביּם - 'ăbı̂yâm - ab-ee-yawm'/389\">H38</a>, <a href=\"https://wordofgod.in/bibledictionary/ஸ்ட்ராங்க்ஸ்-எபிரேய-அகராதி/#/H39 - אבימאל - 'ăbı̂ymâ'êl - ab-ee-maw-ale'/3904\">H39</a>, <a href=\"https://wordofgod.in/bibledictionary/ஸ்ட்ராங்க்ஸ்-எபிரேய-அகராதி/#/H40 - אבימלך - 'ăbı̂ymelek - ab-ee-mel'-ek/4010\">H40</a>, <a href=\"https://wordofgod.in/bibledictionary/ஸ்ட்ராங்க்ஸ்-எபிரேய-அகராதி/#/H41 - אבינדב - 'ăbı̂ynâdâb - ab-ee-naw-dawb'/4154\">H41</a>, <a href=\"https://wordofgod.in/bibledictionary/ஸ்ட்ராங்க்ஸ்-எபிரேய-அகராதி/#/H42 - אבינעם - 'ăbı̂ynô‛am - ab-ee-no'-am/4274\">H42</a>, <a href=\"https://wordofgod.in/bibledictionary/ஸ்ட்ராங்க்ஸ்-எபிரேய-அகராதி/#/H43 - אביסף - 'ebyâsâph - eb-yaw-sawf'/4378\">H43</a>, <a href=\"https://wordofgod.in/bibledictionary/ஸ்ட்ராங்க்ஸ்-எபிரேய-அகராதி/#/H44 - אביעזר - 'ăbı̂y‛ezer - ab-ee-ay'-zer/4462\">H44</a>, <a href=\"https://wordofgod.in/bibledictionary/ஸ்ட்ராங்க்ஸ்-எபிரேய-அகராதி/#/H45 - אבי־עלבון - 'ăbı̂y-‛albôn - ab-ee-al-bone'/4533\">H45</a>, <a href=\"https://wordofgod.in/bibledictionary/ஸ்ட்ராங்க்ஸ்-எபிரேய-அகராதி/#/H48 - אבירם - 'ăbı̂yrâm - ab-ee-rawm'/4856\">H48</a>, <a href=\"https://wordofgod.in/bibledictionary/ஸ்ட்ராங்க்ஸ்-எபிரேய-அகராதி/#/H49 - אבישׁג - 'ăbı̂yshag - ab-ee-shag'/493\">H49</a>, <a href=\"https://wordofgod.in/bibledictionary/ஸ்ட்ராங்க்ஸ்-எபிரேய-அகராதி/#/H50 - אבישׁוּע - 'ăbı̂yshûa‛ - ab-ee-shoo'-ah/5002\">H50</a>, <a href=\"https://wordofgod.in/bibledictionary/ஸ்ட்ராங்க்ஸ்-எபிரேய-அகராதி/#/H51 - אבישׁוּר - 'ăbı̂yshûr - ab-ee-shoor'/5165\">H51</a>, <a href=\"https://wordofgod.in/bibledictionary/ஸ்ட்ராங்க்ஸ்-எபிரேய-அகராதி/#/H52 - אבשׁי אבישׁי - 'ăbı̂yshay 'abshay - ab-ee-shah'ee/5225\">H52</a>, <a href=\"https://wordofgod.in/bibledictionary/ஸ்ட்ராங்க்ஸ்-எபிரேய-அகராதி/#/H53 - אבשׁלום אבישׁלום - 'ăbı̂yshâlôm 'abshâlôm - ab-ee-shaw-lome'/5388\">H53</a>, <a href=\"https://wordofgod.in/bibledictionary/ஸ்ட்ராங்க்ஸ்-எபிரேய-அகராதி/#/H54 - אביתר - 'ebyâthâr - ab-yaw-thawr'/5416\">H54</a>, <a href=\"https://wordofgod.in/bibledictionary/ஸ்ட்ராங்க்ஸ்-எபிரேய-அகராதி/#/H74 - אבינר אבנר - 'abnêr 'ăbı̂ynêr - ab-nare'/7447\">H74</a>, <a href=\"https://wordofgod.in/bibledictionary/ஸ்ட்ராங்க்ஸ்-எபிரேய-அகராதி/#/H85 - אברהם - 'abrâhâm - ab-raw-hawm'/8542\">H85</a>, <a href=\"https://wordofgod.in/bibledictionary/ஸ்ட்ராங்க்ஸ்-எபிரேய-அகராதி/#/H87 - אברם - 'abrâm - ab-rawm'/873\">H87</a>"}]}