{"word":"H1116 - בּמה - bâmâh - bam-maw'","sections":[{"paragraph":""},{"paragraph":"Original: בּמה"},{"paragraph":"Transliteration: bâmâh"},{"paragraph":"Phonetic: bam-maw'"},{"paragraph":""},{"paragraph":"மேடை, மேடு, உயர்ந்த ஸ்நானம், அலை, உயர்ந்த இடம் - ஆபெசொ."},{"paragraph":""},{"paragraph":"a high place, a ridge, a height, a bamah"},{"paragraph":""},{"paragraph":"1. உயர்ந்த ஸ்தலம், பர்வதம் (a high place, a mountain)"},{"paragraph":"2. உயர்ந்த மேடுகள், யுத்தகளங்கள் (high places, battlefields)"},{"paragraph":"3. விக்கிரகாராதனை செய்யும் உயர்ந்த மேடைகள் (high places)"},{"paragraph":"(as places of worship)"},{"paragraph":"4. சரீரங்களை அடக்கம் பண்ணும் மேடுகள் (a funeral mound)"},{"paragraph":""},{"paragraph":"Cognate: <a href=\"https://wordofgod.in/bibledictionary/ஸ்ட்ராங்க்ஸ்-எபிரேய-அகராதி/#/H1110 - בּלק - bâlaq - baw-lak'/1110\">H1110</a>, <a href=\"https://wordofgod.in/bibledictionary/ஸ்ட்ராங்க்ஸ்-எபிரேய-அகராதி/#/H1111 - בּלק - bâlâq - baw-lawk'/1111\">H1111</a>, <a href=\"https://wordofgod.in/bibledictionary/ஸ்ட்ராங்க்ஸ்-எபிரேய-அகராதி/#/H1114 - בּלשׁן - bilshân - bil-shawn'/1114\">H1114</a>, <a href=\"https://wordofgod.in/bibledictionary/ஸ்ட்ராங்க்ஸ்-எபிரேய-அகராதி/#/H1116 - בּמה - bâmâh - bam-maw'/1116\">H1116</a>, <a href=\"https://wordofgod.in/bibledictionary/ஸ்ட்ராங்க்ஸ்-எபிரேய-அகராதி/#/H1117 - בּמה - bâmâh - baw-maw'/1117\">H1117</a>, <a href=\"https://wordofgod.in/bibledictionary/ஸ்ட்ராங்க்ஸ்-எபிரேய-அகராதி/#/H1118 - בּמהל - bimhâl - bim-hawl'/1118\">H1118</a>, <a href=\"https://wordofgod.in/bibledictionary/ஸ்ட்ராங்க்ஸ்-எபிரேய-அகராதி/#/H1120 - בּמות בּעל בּמות - bâmôth bâmôth ba‛al - baw-moth'/1120\">H1120</a>"}]}