{"word":"H1322 - בּשׁת - bôsheth - bo'-sheth","sections":[{"paragraph":""},{"paragraph":"Original: בּשׁת"},{"paragraph":"Transliteration: bôsheth"},{"paragraph":"Phonetic: bo'-sheth"},{"paragraph":""},{"paragraph":"செத்த முகம், வெட்கம் இலச்சை, அவமானம் - பெ.பெ.சொ."},{"paragraph":""},{"paragraph":"shame, a shameful thing"},{"paragraph":""},{"paragraph":"Cognate: <a href=\"https://wordofgod.in/bibledictionary/ஸ்ட்ராங்க்ஸ்-எபிரேய-அகராதி/#/H1317 - בּשׁנה - boshnâh - bosh-naw'/1317\">H1317</a>, <a href=\"https://wordofgod.in/bibledictionary/ஸ்ட்ராங்க்ஸ்-எபிரேய-அகராதி/#/H1322 - בּשׁת - bôsheth - bo'-sheth/1322\">H1322</a>, <a href=\"https://wordofgod.in/bibledictionary/ஸ்ட்ராங்க்ஸ்-எபிரேய-அகராதி/#/H4016 - מבשׁ - mâbûsh - maw-boosh'/4016\">H4016</a>, <a href=\"https://wordofgod.in/bibledictionary/ஸ்ட்ராங்க்ஸ்-எபிரேய-அகராதி/#/H954 - בּוּשׁ - bûsh - boosh/954\">H954</a>, <a href=\"https://wordofgod.in/bibledictionary/ஸ்ட்ராங்க்ஸ்-எபிரேய-அகராதி/#/H955 - בּוּשׁה - bûshâh - boo-shaw'/955\">H955</a>"}]}