{"word":"H121 - אדם - 'âdâm - aw-dawm'","sections":[{"paragraph":""},{"paragraph":"Original: אדם"},{"paragraph":"Transliteration: 'âdâm"},{"paragraph":"Phonetic: aw-dawm'"},{"paragraph":""},{"paragraph":"ஆதாம் - ஆ.பெ.சொ."},{"paragraph":"\"சிவந்தபூமி அல்லது தோல்நிறம் (சிகப்பு)\""},{"paragraph":""},{"paragraph":"Adam = \"red\""},{"paragraph":""},{"paragraph":"1. முதலாவது மனுஷன்"},{"paragraph":"2. போர்தான் நதி பள்ளத்தாக்கிலுள்ள ஒரு பட்டணம்"},{"paragraph":""},{"paragraph":"Cognate: <a href=\"https://wordofgod.in/bibledictionary/ஸ்ட்ராங்க்ஸ்-எபிரேய-அகராதி/#/H120 - אדם - 'âdâm - aw-dawm'/1200\">H120</a>, <a href=\"https://wordofgod.in/bibledictionary/ஸ்ட்ராங்க்ஸ்-எபிரேய-அகராதி/#/H121 - אדם - 'âdâm - aw-dawm'/1211\">H121</a>, <a href=\"https://wordofgod.in/bibledictionary/ஸ்ட்ராங்க்ஸ்-எபிரேய-அகராதி/#/H126 - אדמה - 'admâh - ad-maw'/1268\">H126</a>, <a href=\"https://wordofgod.in/bibledictionary/ஸ்ட்ராங்க்ஸ்-எபிரேய-அகராதி/#/H127 - אדמה - 'ădâmâh - ad-aw-maw'/1273\">H127</a>, <a href=\"https://wordofgod.in/bibledictionary/ஸ்ட்ராங்க்ஸ்-எபிரேய-அகராதி/#/H128 - אדמה - 'ădâmâh - ad-aw-maw'/1284\">H128</a>, <a href=\"https://wordofgod.in/bibledictionary/ஸ்ட்ராங்க்ஸ்-எபிரேய-அகராதி/#/H129 - אדמי - 'ădâmı̂y - ad-aw-mee'/1291\">H129</a>"}]}