{"word":"H1329 - בּתוּל - bethûl - beth-ool'","sections":[{"paragraph":""},{"paragraph":"Original: בּתוּל"},{"paragraph":"Transliteration: bethûl"},{"paragraph":"Phonetic: beth-ool'"},{"paragraph":""},{"paragraph":"பெத்தூல் - ஓர் இடத்தின் பெயர்"},{"paragraph":"\"தேவன் அழிக்கிறார்\" \"தேவ மனுஷன்\" \"தேவனில் வாசம்பண்ணுகிறவன்\""},{"paragraph":""},{"paragraph":"Bethul \"God destroys\" or \"man of God\" or \"dweller in God\""},{"paragraph":""},{"paragraph":"சிமிபோனிலுள்ள பட்டணம்"},{"paragraph":""},{"paragraph":"Cognate: <a href=\"https://wordofgod.in/bibledictionary/ஸ்ட்ராங்க்ஸ்-எபிரேய-அகராதி/#/H1318 - בּשׁס - bâshas - baw-shas'/1318\">H1318</a>, <a href=\"https://wordofgod.in/bibledictionary/ஸ்ட்ராங்க்ஸ்-எபிரேய-அகராதி/#/H1328 - בּתוּאל - bethû'êl - beth-oo-ale'/1328\">H1328</a>, <a href=\"https://wordofgod.in/bibledictionary/ஸ்ட்ராங்க்ஸ்-எபிரேய-அகராதி/#/H1329 - בּתוּל - bethûl - beth-ool'/1329\">H1329</a>"}]}