{"word":"H1442 - גּדף - gâdaph - gaw-daf'","sections":[{"paragraph":""},{"paragraph":"Original: גּדף"},{"paragraph":"Transliteration: gâdaph"},{"paragraph":"Phonetic: gaw-daf'"},{"paragraph":""},{"paragraph":"வினைச்சொல் - தூஷி,நிந்தி"},{"paragraph":""},{"paragraph":"to revile men, blaspheme God (Piel)"},{"paragraph":"1) to revile (between men)"},{"paragraph":"2) to blaspheme (God)"},{"paragraph":""},{"paragraph":"Cognate: <a href=\"https://wordofgod.in/bibledictionary/ஸ்ட்ராங்க்ஸ்-எபிரேய-அகராதி/#/H1421 - גּדּפה גּדּוּפה גּדּף גּדּוּף - giddûph giddûph giddûphâh giddûphâh - ghid-doof'/1421\">H1421</a>, <a href=\"https://wordofgod.in/bibledictionary/ஸ்ட்ராங்க்ஸ்-எபிரேய-அகராதி/#/H1422 - גּדּוּפה - gedûphâh - ghed-oo-faw'/1422\">H1422</a>, <a href=\"https://wordofgod.in/bibledictionary/ஸ்ட்ராங்க்ஸ்-எபிரேய-அகராதி/#/H1442 - גּדף - gâdaph - gaw-daf'/1442\">H1442</a>"}]}