{"word":"H1275 - בּרי - bêrı̂y - bay-ree'","sections":[{"paragraph":""},{"paragraph":"Original: בּרי"},{"paragraph":"Transliteration: bêrı̂y"},{"paragraph":"Phonetic: bay-ree'"},{"paragraph":""},{"paragraph":"பேரி - ஆ.பெ.சொ."},{"paragraph":"\"துரவு\""},{"paragraph":""},{"paragraph":"Beri = \"a well\""},{"paragraph":""},{"paragraph":"சோபாவின் குமாரன் - ஆசேர் கோத்திரத்தான்"},{"paragraph":""},{"paragraph":"Cognate: <a href=\"https://wordofgod.in/bibledictionary/ஸ்ட்ராங்க்ஸ்-எபிரேய-அகராதி/#/H1268 - בּרתי בּרותה - bêrôthâh bêrôthay - bay-ro-thaw'/1268\">H1268</a>, <a href=\"https://wordofgod.in/bibledictionary/ஸ்ட்ராங்க்ஸ்-எபிரேய-அகராதி/#/H1275 - בּרי - bêrı̂y - bay-ree'/1275\">H1275</a>, <a href=\"https://wordofgod.in/bibledictionary/ஸ்ட்ராங்க்ஸ்-எபிரேய-அகராதி/#/H1307 - בּרתי - bêrôthı̂y - bay-ro-thee'/1307\">H1307</a>, <a href=\"https://wordofgod.in/bibledictionary/ஸ்ட்ராங்க்ஸ்-எபிரேய-அகராதி/#/H3565 - כּור עשׁן - kôr ‛âshân - kore aw-shawn'/3565\">H3565</a>, <a href=\"https://wordofgod.in/bibledictionary/ஸ்ட்ராங்க்ஸ்-எபிரேய-அகராதி/#/H5626 - סרה - sirâh - see-raw'/5626\">H5626</a>, <a href=\"https://wordofgod.in/bibledictionary/ஸ்ட்ராங்க்ஸ்-எபிரேய-அகராதி/#/H874 - בּאר - bâ'ar - baw-ar'/874\">H874</a>, <a href=\"https://wordofgod.in/bibledictionary/ஸ்ட்ராங்க்ஸ்-எபிரேய-அகராதி/#/H875 - בּאר - be'êr - be-ayr'/875\">H875</a>, <a href=\"https://wordofgod.in/bibledictionary/ஸ்ட்ராங்க்ஸ்-எபிரேய-அகராதி/#/H876 - בּאר - be'êr - be-ayr'/876\">H876</a>, <a href=\"https://wordofgod.in/bibledictionary/ஸ்ட்ராங்க்ஸ்-எபிரேய-அகராதி/#/H877 - בּאר - bô'r - bore/877\">H877</a>, <a href=\"https://wordofgod.in/bibledictionary/ஸ்ட்ராங்க்ஸ்-எபிரேய-அகராதி/#/H878 - בּארא - be'êrâ' - be-ay-raw'/878\">H878</a>, <a href=\"https://wordofgod.in/bibledictionary/ஸ்ட்ராங்க்ஸ்-எபிரேய-அகராதி/#/H879 - בּאר אלים - be'êr 'êlı̂ym - be-ayr' ay-leem'/879\">H879</a>, <a href=\"https://wordofgod.in/bibledictionary/ஸ்ட்ராங்க்ஸ்-எபிரேய-அகராதி/#/H880 - בּארה - be'êrâh - be-ay-raw'/880\">H880</a>, <a href=\"https://wordofgod.in/bibledictionary/ஸ்ட்ராங்க்ஸ்-எபிரேய-அகராதி/#/H881 - בּארות - be'êrôth - be-ay-rohth'/881\">H881</a>, <a href=\"https://wordofgod.in/bibledictionary/ஸ்ட்ராங்க்ஸ்-எபிரேய-அகராதி/#/H882 - בּארי - be'êrı̂y - be-ay-ree'/882\">H882</a>, <a href=\"https://wordofgod.in/bibledictionary/ஸ்ட்ராங்க்ஸ்-எபிரேய-அகராதி/#/H883 - בּאר לחי ראי - be'êr lachay rô'ı̂y - be-ayr' lakh-ah'ee ro-ee'/883\">H883</a>, <a href=\"https://wordofgod.in/bibledictionary/ஸ்ட்ராங்க்ஸ்-எபிரேய-அகராதி/#/H884 - בּאר שׁבע - be'êr sheba‛ - be-ayr' sheh'-bah/884\">H884</a>, <a href=\"https://wordofgod.in/bibledictionary/ஸ்ட்ராங்க்ஸ்-எபிரேய-அகராதி/#/H885 - בּארת בּני־יעקן - be'êrôth benêy-ya‛ăqan - be-ay-roth' be-nay' yah-a-can'/885\">H885</a>, <a href=\"https://wordofgod.in/bibledictionary/ஸ்ட்ராங்க்ஸ்-எபிரேய-அகராதி/#/H886 - בּארתי - be'êrôthı̂y - be-ay-ro-thee'/886\">H886</a>, <a href=\"https://wordofgod.in/bibledictionary/ஸ்ட்ராங்க்ஸ்-எபிரேய-அகராதி/#/H953 - בּור - bôr - bore/953\">H953</a>"}]}