{"word":"H1351 - גּאל - gâ'al - gaw-al'","sections":[{"paragraph":""},{"paragraph":"Original: גּאל"},{"paragraph":"Transliteration: gâ'al"},{"paragraph":"Phonetic: gaw-al'"},{"paragraph":""},{"paragraph":"வினைச்சொல் - கறைப்படுத்து, அழுக்காயிரு, அசுத்தமாயிரு. அகத்தப்படுத்து, தீட்டுப்படுத்து, விலக்கமாயிரு, கறைப்பட்டிரு"},{"paragraph":""},{"paragraph":"to defile, to pollute, to desecrate"},{"paragraph":"a) (Niphal) to be defiled, to be polluted"},{"paragraph":"b) (Piel) to pollute, to desecrate"},{"paragraph":"c) (Pual) to be desecrated (used of the removal from priesthood)"},{"paragraph":"d) (Hiphil) to pollute, to stain"},{"paragraph":"e) (Hithpael) to defile oneself"},{"paragraph":""},{"paragraph":"Cognate: <a href=\"https://wordofgod.in/bibledictionary/ஸ்ட்ராங்க்ஸ்-எபிரேய-அகராதி/#/H1351 - גּאל - gâ'al - gaw-al'/1351\">H1351</a>, <a href=\"https://wordofgod.in/bibledictionary/ஸ்ட்ராங்க்ஸ்-எபிரேய-அகராதி/#/H1352 - גּאל - gô'el - go'-el/1352\">H1352</a>"}]}