{"word":"H1100 - בּליּעל - belı̂ya‛al - bel-e-yah'-al","sections":[{"paragraph":""},{"paragraph":"Original: בּליּעל"},{"paragraph":"Transliteration: belı̂ya‛al"},{"paragraph":"Phonetic: bel-e-yah'-al"},{"paragraph":""},{"paragraph":"பேலியாள், பொல்லாதவன், துச்சனப் பிரவாகம், தீங்கு, துஷ்டன், மரண - ஆ.பெசொ."},{"paragraph":""},{"paragraph":"worthlessness, good for nothing, unprofitable, a base fellow, wicked, ruin, destruction (construct)"},{"paragraph":""},{"paragraph":"Cognate: <a href=\"https://wordofgod.in/bibledictionary/ஸ்ட்ராங்க்ஸ்-எபிரேய-அகராதி/#/H1077 - בּל - bal - bal/1077\">H1077</a>, <a href=\"https://wordofgod.in/bibledictionary/ஸ்ட்ராங்க்ஸ்-எபிரேய-அகராதி/#/H1086 - בּלה - bâlâh - baw-law'/1086\">H1086</a>, <a href=\"https://wordofgod.in/bibledictionary/ஸ்ட்ராங்க்ஸ்-எபிரேய-அகராதி/#/H1087 - בּלה - bâleh - baw-leh'/1087\">H1087</a>, <a href=\"https://wordofgod.in/bibledictionary/ஸ்ட்ராங்க்ஸ்-எபிரேய-அகராதி/#/H1094 - בּלוי בּלוא - belô' belôy - bel-o'/1094\">H1094</a>, <a href=\"https://wordofgod.in/bibledictionary/ஸ்ட்ராங்க்ஸ்-எபிரேய-அகராதி/#/H1097 - בּלי - belı̂y - bel-ee'/1097\">H1097</a>, <a href=\"https://wordofgod.in/bibledictionary/ஸ்ட்ராங்க்ஸ்-எபிரேய-அகராதி/#/H1099 - בּלימה - belı̂ymâh - bel-ee-mah'/1099\">H1099</a>, <a href=\"https://wordofgod.in/bibledictionary/ஸ்ட்ராங்க்ஸ்-எபிரேய-அகராதி/#/H1100 - בּליּעל - belı̂ya‛al - bel-e-yah'-al/1100\">H1100</a>, <a href=\"https://wordofgod.in/bibledictionary/ஸ்ட்ராங்க்ஸ்-எபிரேய-அகராதி/#/H1107 - בּלעדי בּלעדי - bil‛ădêy bal‛ădêy - bil-ad-ay'/1107\">H1107</a>, <a href=\"https://wordofgod.in/bibledictionary/ஸ்ட்ராங்க்ஸ்-எபிரேய-அகராதி/#/H1115 - בּלתּי - biltı̂y - bil-tee'/1115\">H1115</a>, <a href=\"https://wordofgod.in/bibledictionary/ஸ்ட்ராங்க்ஸ்-எபிரேய-அகராதி/#/H8399 - תּבלית - tablı̂yth - tab-leeth'/8399\">H8399</a>"}]}