{"word":"H1236 - בּקעא - biq‛â' - bik-aw'","sections":[{"paragraph":""},{"paragraph":"Original: בּקעא"},{"paragraph":"Transliteration: biq‛â'"},{"paragraph":"Phonetic: bik-aw'"},{"paragraph":""},{"paragraph":"சமபூமி - பெபெ.சொ."},{"paragraph":""},{"paragraph":"plain"},{"paragraph":""},{"paragraph":"Cognate: <a href=\"https://wordofgod.in/bibledictionary/ஸ்ட்ராங்க்ஸ்-எபிரேய-அகராதி/#/H1156 - בּעה בּעא - be‛â' be‛âh - beh-aw'/1156\">H1156</a>, <a href=\"https://wordofgod.in/bibledictionary/ஸ்ட்ராங்க்ஸ்-எபிரேய-அகராதி/#/H1159 - בּעוּ - bâ‛û - baw-o''/1159\">H1159</a>, <a href=\"https://wordofgod.in/bibledictionary/ஸ்ட்ராங்க்ஸ்-எபிரேய-அகராதி/#/H1169 - בּעל - be‛êl - beh-ale'/1169\">H1169</a>, <a href=\"https://wordofgod.in/bibledictionary/ஸ்ட்ராங்க்ஸ்-எபிரேய-அகராதி/#/H1236 - בּקעא - biq‛â' - bik-aw'/1236\">H1236</a>"}]}