{"word":"H1153 - בּסי - besay - bes-ah'-ee","sections":[{"paragraph":""},{"paragraph":"Original: בּסי"},{"paragraph":"Transliteration: besay"},{"paragraph":"Phonetic: bes-ah'-ee"},{"paragraph":""},{"paragraph":"பேசாய் - ஆபெசொ."},{"paragraph":""},{"paragraph":"Besai = \"என் காலடி\" \"my treading\""},{"paragraph":""},{"paragraph":"தேவாலயத்தில் அமஞ்சி வேலை பார்த்தவன் செருபாபேலோடு சிறையிருப்பிலிருந்து திரும்பி வந்தவன்"},{"paragraph":""},{"paragraph":"Cognate: <a href=\"https://wordofgod.in/bibledictionary/ஸ்ட்ராங்க்ஸ்-எபிரேய-அகராதி/#/H1150 - בּנעה בּנעא - bin‛â' bin‛âh - bin-aw'/1150\">H1150</a>, <a href=\"https://wordofgod.in/bibledictionary/ஸ்ட்ராங்க்ஸ்-எபிரேய-அகராதி/#/H1152 - בּסודיה - besôdeyâh - bes-o-deh-yaw'/1152\">H1152</a>, <a href=\"https://wordofgod.in/bibledictionary/ஸ்ட்ராங்க்ஸ்-எபிரேய-அகராதி/#/H1153 - בּסי - besay - bes-ah'-ee/1153\">H1153</a>, <a href=\"https://wordofgod.in/bibledictionary/ஸ்ட்ராங்க்ஸ்-எபிரேய-அகராதி/#/H73 - אבנט - 'abnêṭ - ab-nate'/7398\">H73</a>"}]}