{"word":"H1244 - בּקּרת - biqqôreth - bik-ko-reth","sections":[{"paragraph":""},{"paragraph":"Original: בּקּרת"},{"paragraph":"Transliteration: biqqôreth"},{"paragraph":"Phonetic: bik-ko-reth"},{"paragraph":""},{"paragraph":"அடிக்கப்படுதல் - பெ.பெ.சொ."},{"paragraph":""},{"paragraph":"punishment (after judicial enquiry), compensation"},{"paragraph":""},{"paragraph":"Cognate: <a href=\"https://wordofgod.in/bibledictionary/ஸ்ட்ராங்க்ஸ்-எபிரேய-அகராதி/#/H1239 - בּקר - bâqar - baw-kar/1239\">H1239</a>, <a href=\"https://wordofgod.in/bibledictionary/ஸ்ட்ராங்க்ஸ்-எபிரேய-அகராதி/#/H1241 - בּקר - bâqâr - baw-kawr'/1241\">H1241</a>, <a href=\"https://wordofgod.in/bibledictionary/ஸ்ட்ராங்க்ஸ்-எபிரேய-அகராதி/#/H1242 - בּקר - bôqer - bo'-ker/1242\">H1242</a>, <a href=\"https://wordofgod.in/bibledictionary/ஸ்ட்ராங்க்ஸ்-எபிரேய-அகராதி/#/H1243 - בּקּרה - baqqârâh - bak-kaw-raw'/1243\">H1243</a>, <a href=\"https://wordofgod.in/bibledictionary/ஸ்ட்ராங்க்ஸ்-எபிரேய-அகராதி/#/H1244 - בּקּרת - biqqôreth - bik-ko-reth/1244\">H1244</a>, <a href=\"https://wordofgod.in/bibledictionary/ஸ்ட்ராங்க்ஸ்-எபிரேய-அகராதி/#/H951 - בּוקר - bôqêr - bo-kare'/951\">H951</a>"}]}