{"word":"H131 - אדמּים - 'ădûmmı̂ym - ad-oom-meem'","sections":[{"paragraph":""},{"paragraph":"Original: אדמּים"},{"paragraph":"Transliteration: 'ădûmmı̂ym"},{"paragraph":"Phonetic: ad-oom-meem'"},{"paragraph":""},{"paragraph":"அதோமியம் - பெ.சொ."},{"paragraph":"\"சிவப்பு\""},{"paragraph":""},{"paragraph":"Adummim = \"ruddy one: quieted ones?\""},{"paragraph":""},{"paragraph":"கில்காலுக்கு மேற்கே ஒரு மலைப் பிரதேசம்."},{"paragraph":""},{"paragraph":"Cognate: <a href=\"https://wordofgod.in/bibledictionary/ஸ்ட்ராங்க்ஸ்-எபிரேய-அகராதி/#/H131 - אדמּים - 'ădûmmı̂ym - ad-oom-meem'/1313\">H131</a>, <a href=\"https://wordofgod.in/bibledictionary/ஸ்ட்ராங்க்ஸ்-எபிரேய-அகராதி/#/H4605 - מעל - ma‛al - mah'al/4605\">H4605</a>, <a href=\"https://wordofgod.in/bibledictionary/ஸ்ட்ராங்க்ஸ்-எபிரேய-அகராதி/#/H4607 - מעל - mô‛al - mo'-al/4607\">H4607</a>, <a href=\"https://wordofgod.in/bibledictionary/ஸ்ட்ராங்க்ஸ்-எபிரேய-அகராதி/#/H4608 - מעלה - ma‛ăleh - mah-al-eh'/4608\">H4608</a>, <a href=\"https://wordofgod.in/bibledictionary/ஸ்ட்ராங்க்ஸ்-எபிரேய-அகராதி/#/H4609 - מעלה - ma‛ălâh - mah-al-aw'/4609\">H4609</a>, <a href=\"https://wordofgod.in/bibledictionary/ஸ்ட்ராங்க்ஸ்-எபிரேய-அகராதி/#/H4610 - מעלה עקרבּים - ma‛ălêh ‛aqrabbı̂ym - mah-al-ay' ak-rab-beem'/4610\">H4610</a>, <a href=\"https://wordofgod.in/bibledictionary/ஸ்ட்ராங்க்ஸ்-எபிரேய-அகராதி/#/H5920 - על - ‛al - al/5920\">H5920</a>, <a href=\"https://wordofgod.in/bibledictionary/ஸ்ட்ராங்க்ஸ்-எபிரேய-அகராதி/#/H5921 - על - ‛al - al/5921\">H5921</a>, <a href=\"https://wordofgod.in/bibledictionary/ஸ்ட்ராங்க்ஸ்-எபிரேய-அகராதி/#/H5927 - עלה - ‛âlâh - aw-law'/5927\">H5927</a>, <a href=\"https://wordofgod.in/bibledictionary/ஸ்ட்ராங்க்ஸ்-எபிரேய-அகராதி/#/H5929 - עלה - ‛âleh - aw-leh'/5929\">H5929</a>, <a href=\"https://wordofgod.in/bibledictionary/ஸ்ட்ராங்க்ஸ்-எபிரேய-அகராதி/#/H5930 - עולה עלה - ‛ôlâh ‛ôlâh - o-law'/5930\">H5930</a>, <a href=\"https://wordofgod.in/bibledictionary/ஸ்ட்ராங்க்ஸ்-எபிரேய-அகராதி/#/H5933 - עליה עלוה - ‛alvâh ‛alyâh - al-vaw'/5933\">H5933</a>, <a href=\"https://wordofgod.in/bibledictionary/ஸ்ட்ராங்க்ஸ்-எபிரேய-அகராதி/#/H5935 - עלין עלון - ‛alvân ‛alyân - al-vawn'/5935\">H5935</a>, <a href=\"https://wordofgod.in/bibledictionary/ஸ்ட்ராங்க்ஸ்-எபிரேய-அகராதி/#/H5940 - עלי - ‛ĕlı̂y - el-ee'/5940\">H5940</a>, <a href=\"https://wordofgod.in/bibledictionary/ஸ்ட்ராங்க்ஸ்-எபிரேய-அகராதி/#/H5941 - עלי - ‛êlı̂y - ay-lee'/5941\">H5941</a>, <a href=\"https://wordofgod.in/bibledictionary/ஸ்ட்ராங்க்ஸ்-எபிரேய-அகராதி/#/H5942 - עלּי - ‛illı̂y - il-lee'/5942\">H5942</a>, <a href=\"https://wordofgod.in/bibledictionary/ஸ்ட்ராங்க்ஸ்-எபிரேய-அகராதி/#/H5944 - עליּה - ‛ălı̂yâh - al-ee-yaw'/5944\">H5944</a>, <a href=\"https://wordofgod.in/bibledictionary/ஸ்ட்ராங்க்ஸ்-எபிரேய-அகராதி/#/H5945 - עליון - ‛elyôn - el-yone'/5945\">H5945</a>, <a href=\"https://wordofgod.in/bibledictionary/ஸ்ட்ராங்க்ஸ்-எபிரேய-அகராதி/#/H8585 - תּעלה - te‛âlâh - teh-aw-law'/8585\">H8585</a>"}]}