{"word":"H1218 - בּצקת - botsqath - bots-cath'","sections":[{"paragraph":""},{"paragraph":"Original: בּצקת"},{"paragraph":"Transliteration: botsqath"},{"paragraph":"Phonetic: bots-cath'"},{"paragraph":""},{"paragraph":"போஸ்காத் - ஓர் இடத்தின் பெயர்"},{"paragraph":"வீக்கம், புண்"},{"paragraph":"Bozkathor Boscath = \"உயர்ந்த பாறை\" \"rocky height\""},{"paragraph":"யூதாவிலுள்ள பட்டணம் யோசியாவினுடைய தாயாரின் ஊர்"},{"paragraph":""},{"paragraph":"Cognate: <a href=\"https://wordofgod.in/bibledictionary/ஸ்ட்ராங்க்ஸ்-எபிரேய-அகராதி/#/H1216 - בּצק - bâtsêq - baw-tsake'/1216\">H1216</a>, <a href=\"https://wordofgod.in/bibledictionary/ஸ்ட்ராங்க்ஸ்-எபிரேய-அகராதி/#/H1217 - בּצק - bâtsêq - baw-tsake'/1217\">H1217</a>, <a href=\"https://wordofgod.in/bibledictionary/ஸ்ட்ராங்க்ஸ்-எபிரேய-அகராதி/#/H1218 - בּצקת - botsqath - bots-cath'/1218\">H1218</a>"}]}