{"word":"H1037 - בּית מלּא בּית מלּוא - bêyth millô' bêyth millô' - bayth mil-lo'","sections":[{"paragraph":""},{"paragraph":"Original: בּית מלּא בּית מלּוא"},{"paragraph":"Transliteration: bêyth millô' bêyth millô'"},{"paragraph":"Phonetic: bayth mil-lo'"},{"paragraph":""},{"paragraph":"பெத்மில்லோ - பெயர்ச்சொல்"},{"paragraph":"\"மண்மேடான இடம்\""},{"paragraph":""},{"paragraph":"Beth-millo = \"house of Millo\" or \"house of the rampart\""},{"paragraph":""},{"paragraph":"1. சீகேமிற்கு அருகிலுள்ள இடம் - இது எங்குள்ளது என்று சரியாகத் தெரியவில்லை"},{"paragraph":"2. எருசலேமிலுள்ள கோட்டை"},{"paragraph":""},{"paragraph":"Cognate: <a href=\"https://wordofgod.in/bibledictionary/ஸ்ட்ராங்க்ஸ்-எபிரேய-அகராதி/#/H1037 - בּית מלּא בּית מלּוא - bêyth millô' bêyth millô' - bayth mil-lo'/1037\">H1037</a>, <a href=\"https://wordofgod.in/bibledictionary/ஸ்ட்ராங்க்ஸ்-எபிரேய-அகராதி/#/H3229 - ימלה ימלא - yimlâ' yimlâh - yeem-law'/3229\">H3229</a>, <a href=\"https://wordofgod.in/bibledictionary/ஸ்ட்ராங்க்ஸ்-எபிரேய-அகராதி/#/H4390 - מלא מלא - mâlê' mâlâ' - maw-lay'/4390\">H4390</a>, <a href=\"https://wordofgod.in/bibledictionary/ஸ்ட்ராங்க்ஸ்-எபிரேய-அகராதி/#/H4392 - מלא - mâlê' - maw-lay'/4392\">H4392</a>, <a href=\"https://wordofgod.in/bibledictionary/ஸ்ட்ராங்க்ஸ்-எபிரேய-அகராதி/#/H4393 - מלו מלוא מלא - melô' melô' melô - mel-o'/4393\">H4393</a>, <a href=\"https://wordofgod.in/bibledictionary/ஸ்ட்ராங்க்ஸ்-எபிரேய-அகராதி/#/H4394 - מלּא - millû' - mil-loo'/4394\">H4394</a>, <a href=\"https://wordofgod.in/bibledictionary/ஸ்ட்ராங்க்ஸ்-எபிரேய-அகராதி/#/H4395 - מלאה - melê'âh - mel-ay-aw'/4395\">H4395</a>, <a href=\"https://wordofgod.in/bibledictionary/ஸ்ட்ராங்க்ஸ்-எபிரேய-அகராதி/#/H4396 - מלּאה - millû'âh - mil-loo-aw'/4396\">H4396</a>, <a href=\"https://wordofgod.in/bibledictionary/ஸ்ட்ராங்க்ஸ்-எபிரேய-அகராதி/#/H4402 - מלּאת - millê'th - mil-layth'/4402\">H4402</a>, <a href=\"https://wordofgod.in/bibledictionary/ஸ்ட்ராங்க்ஸ்-எபிரேய-அகராதி/#/H4407 - מלּא מלּוא - millô' millô' - mil-lo'/4407\">H4407</a>"}]}