{"word":"H1430 - גּדישׁ - gâdı̂ysh - gaw-deesh'","sections":[{"paragraph":""},{"paragraph":"Original: גּדישׁ"},{"paragraph":"Transliteration: gâdı̂ysh"},{"paragraph":"Phonetic: gaw-deesh'"},{"paragraph":""},{"paragraph":"கல்லறை, தானியப்போர், கதிர்க்கட்டுகள், தானியம் - ஆ.பெசொ."},{"paragraph":""},{"paragraph":"a heap, a stack, a pile, a tomb"},{"paragraph":""},{"paragraph":"Cognate: <a href=\"https://wordofgod.in/bibledictionary/ஸ்ட்ராங்க்ஸ்-எபிரேய-அகராதி/#/H1430 - גּדישׁ - gâdı̂ysh - gaw-deesh'/1430\">H1430</a>, <a href=\"https://wordofgod.in/bibledictionary/ஸ்ட்ராங்க்ஸ்-எபிரேய-அகராதி/#/H1454 - גּה - gêh - gay/1454\">H1454</a>"}]}