{"word":"H1320 - בּשׂר - bâśâr - baw-sawr'","sections":[{"paragraph":""},{"paragraph":"Original: בּשׂר"},{"paragraph":"Transliteration: bâśâr"},{"paragraph":"Phonetic: baw-sawr'"},{"paragraph":""},{"paragraph":"சதை, மாம்சம், இறைச்சி, சரீரம், தோல், தேகம், உடல் - ஆபெசொ."},{"paragraph":""},{"paragraph":"flesh (used of humans, used of animals)"},{"paragraph":""},{"paragraph":"Cognate: <a href=\"https://wordofgod.in/bibledictionary/ஸ்ட்ராங்க்ஸ்-எபிரேய-அகராதி/#/H1308 - בּשׂור - beśôr - bes-ore'/1308\">H1308</a>, <a href=\"https://wordofgod.in/bibledictionary/ஸ்ட்ராங்க்ஸ்-எபிரேய-அகராதி/#/H1309 - בּשׂרה בּשׂורה - beśôrâh beśôrâh - bes-o-raw'/1309\">H1309</a>, <a href=\"https://wordofgod.in/bibledictionary/ஸ்ட்ராங்க்ஸ்-எபிரேய-அகராதி/#/H1319 - בּשׂר - bâśar - baw-sar'/1319\">H1319</a>, <a href=\"https://wordofgod.in/bibledictionary/ஸ்ட்ராங்க்ஸ்-எபிரேய-அகராதி/#/H1320 - בּשׂר - bâśâr - baw-sawr'/1320\">H1320</a>"}]}