{"word":"H143 - אדר - 'ădâr - ad-awr'","sections":[{"paragraph":""},{"paragraph":"Original: אדר"},{"paragraph":"Transliteration: 'ădâr"},{"paragraph":"Phonetic: ad-awr'"},{"paragraph":""},{"paragraph":"ஆதார், எபிரெயர்களுக்கு 12ஆவது மாதம் - ஆபெ.சொ."},{"paragraph":"\"மகிமையானது\""},{"paragraph":""},{"paragraph":"Adar = \"glorious\""},{"paragraph":""},{"paragraph":"Cognate: <a href=\"https://wordofgod.in/bibledictionary/ஸ்ட்ராங்க்ஸ்-எபிரேய-அகராதி/#/H115 - אדורים - 'ădôrayim - ad-o-rah'-yim/1152\">H115</a>, <a href=\"https://wordofgod.in/bibledictionary/ஸ்ட்ராங்க்ஸ்-எபிரேய-அகராதி/#/H117 - אדּיר - 'addı̂yr - ad-deer'/1170\">H117</a>, <a href=\"https://wordofgod.in/bibledictionary/ஸ்ட்ராங்க்ஸ்-எபிரேய-அகராதி/#/H142 - אדר - 'âdar - aw-dar'/1424\">H142</a>, <a href=\"https://wordofgod.in/bibledictionary/ஸ்ட்ராங்க்ஸ்-எபிரேய-அகராதி/#/H143 - אדר - 'ădâr - ad-awr'/1437\">H143</a>, <a href=\"https://wordofgod.in/bibledictionary/ஸ்ட்ராங்க்ஸ்-எபிரேய-அகராதி/#/H145 - אדר - 'eder - eh'-der/1451\">H145</a>, <a href=\"https://wordofgod.in/bibledictionary/ஸ்ட்ராங்க்ஸ்-எபிரேய-அகராதி/#/H146 - אדּר - 'addâr - ad-dawr'/146\">H146</a>, <a href=\"https://wordofgod.in/bibledictionary/ஸ்ட்ராங்க்ஸ்-எபிரேய-அகராதி/#/H152 - אדרמּלך - 'adrammelek - ad-ram-meh'-lek/1526\">H152</a>, <a href=\"https://wordofgod.in/bibledictionary/ஸ்ட்ராங்க்ஸ்-எபிரேய-அகராதி/#/H155 - אדּרת - 'addereth - ad-deh'-reth/1552\">H155</a>"}]}