{"word":"H1004 - בּית - bayith - bah'-yith","sections":[{"paragraph":""},{"paragraph":"Original: בּית"},{"paragraph":"Transliteration: bayith"},{"paragraph":"Phonetic: bah'-yith"},{"paragraph":""},{"paragraph":"சிறைச்சாலை, குமாரத்தி, உட்புறம், உள், குடும்பத்தார், வீட்டார், வீடு, குடும்பம், இடம், மாடம், காவற்கூடம், வம்சம், மூலை, ஆலயம், கோவில் வளவு. கோத்திரம், சந்ததி, மாளிகை, பொக்கிஷ சாலை, ஆயுதசாலை, ஸ்தலம், சிறைச்சாலை, குமாரத்தி, உட்புறம், உள், குடும்பத்தார், வீட்டார் ஆ.பெ.சொ."},{"paragraph":""},{"paragraph":"1. வீடு (a house)"},{"paragraph":"(1) வாசஸ்தலம் (a house, a dwelling habitation)"},{"paragraph":"(2) மிருகங்களின் தாபரம் (ashelter or an abode of animals)"},{"paragraph":"(3) மனுஷ சரீரம் (human bodies) (figurative)"},{"paragraph":"(4) சீயோல் (used of Sheol)"},{"paragraph":"(5) ஒளியும், இருளும் வாசம் பண்ணும் இடம் (used of the abode of light and darkness)"},{"paragraph":"(6) எப்பிராயீம் தேசம் (used of the land of Ephraim"},{"paragraph":"2. ஓரிடம் (a place)"},{"paragraph":"3. கொள்கலம் (areceptacle)"},{"paragraph":"4. குடும்பம் (a home, a house a containing a family)"},{"paragraph":"5. குடும்பத்தார் (a household, a family)"},{"paragraph":"(1) ஒரே குடும்பத்திற்குரியது (those belonging to the same household)"},{"paragraph":"(2) ஒரே சந்ததிக்குரியது (a family of descendants, descendants as or gfairs)"},{"paragraph":"7. உட்புறம் (inwards) (metaphorical)"},{"paragraph":"8. ஆலயம் (temple)"},{"paragraph":"9. வினையடையாக - உட்புறத்தில் (on the inside)"},{"paragraph":"10. முன்னிடைச்சொல் (within)"},{"paragraph":""},{"paragraph":"Cognate: <a href=\"https://wordofgod.in/bibledictionary/ஸ்ட்ராங்க்ஸ்-எபிரேய-அகராதி/#/H1002 - בּירה - bı̂yrâh - bee-raw'/1002\">H1002</a>, <a href=\"https://wordofgod.in/bibledictionary/ஸ்ட்ராங்க்ஸ்-எபிரேய-அகராதி/#/H1003 - בּירנית - bı̂yrânı̂yth - bee-raw-neeth'/1003\">H1003</a>, <a href=\"https://wordofgod.in/bibledictionary/ஸ்ட்ராங்க்ஸ்-எபிரேய-அகராதி/#/H1004 - בּית - bayith - bah'-yith/1004\">H1004</a>, <a href=\"https://wordofgod.in/bibledictionary/ஸ்ட்ராங்க்ஸ்-எபிரேய-அகராதி/#/H1006 - בּית - bayith - bah'-yith/1006\">H1006</a>, <a href=\"https://wordofgod.in/bibledictionary/ஸ்ட்ராங்க்ஸ்-எபிரேய-அகராதி/#/H1007 - בּית און - bêyth 'âven - bayth aw'-ven/1007\">H1007</a>, <a href=\"https://wordofgod.in/bibledictionary/ஸ்ட்ராங்க்ஸ்-எபிரேய-அகராதி/#/H1008 - בּית־אל - bêyth-'êl - bayth-ale'/1008\">H1008</a>, <a href=\"https://wordofgod.in/bibledictionary/ஸ்ட்ராங்க்ஸ்-எபிரேய-அகராதி/#/H1009 - בּית ארבּאל - bêyth 'arbê'l - bayth ar-bale'/1009\">H1009</a>, <a href=\"https://wordofgod.in/bibledictionary/ஸ்ட்ராங்க்ஸ்-எபிரேய-அகராதி/#/H1010 - בּית מעון בּית בּעל מעון - bêyth ba‛al me‛ôn bêyth me‛ôn - bayth bah'-al me-own'/1010\">H1010</a>, <a href=\"https://wordofgod.in/bibledictionary/ஸ்ட்ராங்க்ஸ்-எபிரேய-அகராதி/#/H1011 - בּית בּראי - bêyth bir'ı̂y - bayth bir-ee'/1011\">H1011</a>, <a href=\"https://wordofgod.in/bibledictionary/ஸ்ட்ராங்க்ஸ்-எபிரேய-அகராதி/#/H1012 - בּית בּרה - bêyth bârâh - bayth baw-raw'/1012\">H1012</a>, <a href=\"https://wordofgod.in/bibledictionary/ஸ்ட்ராங்க்ஸ்-எபிரேய-அகராதி/#/H1013 - בּית־גּדר - bêyth-gâdêr - bayth-gaw-dare'/1013\">H1013</a>, <a href=\"https://wordofgod.in/bibledictionary/ஸ்ட்ராங்க்ஸ்-எபிரேய-அகராதி/#/H1014 - בּית גּמוּל - bêyth gâmûl - bayth gaw-mool'/1014\">H1014</a>, <a href=\"https://wordofgod.in/bibledictionary/ஸ்ட்ராங்க்ஸ்-எபிரேய-அகராதி/#/H1015 - בּית דּבלתים - bêyth diblâthayim - bayth dib-law-thah'-yim/1015\">H1015</a>, <a href=\"https://wordofgod.in/bibledictionary/ஸ்ட்ராங்க்ஸ்-எபிரேய-அகராதி/#/H1016 - בּית־דּגון - bêyth-dâgôn - bayth-daw-gohn'/1016\">H1016</a>, <a href=\"https://wordofgod.in/bibledictionary/ஸ்ட்ராங்க்ஸ்-எபிரேய-அகராதி/#/H1017 - בּית האלי - bêyth hâ'ĕlı̂y - bayth haw-el-ee'/1017\">H1017</a>, <a href=\"https://wordofgod.in/bibledictionary/ஸ்ட்ராங்க்ஸ்-எபிரேய-அகராதி/#/H1020 - בּית הישׁימות - bêyth hayeshı̂ymôth - bayth hah-yesh-ee-moth'/1020\">H1020</a>, <a href=\"https://wordofgod.in/bibledictionary/ஸ்ட்ராங்க்ஸ்-எபிரேய-அகராதி/#/H1021 - בּית הכּרם - bêyth hak-kerem - bayth hak-keh'-rem/1021\">H1021</a>, <a href=\"https://wordofgod.in/bibledictionary/ஸ்ட்ராங்க்ஸ்-எபிரேய-அகராதி/#/H1022 - בּית הלּחמי - bêyth hallachmı̂y - bayth hal-lakh-mee'/1022\">H1022</a>, <a href=\"https://wordofgod.in/bibledictionary/ஸ்ட்ராங்க்ஸ்-எபிரேய-அகராதி/#/H1023 - בּית המּרחק - bêyth hammerchâq - bayth ham-mer-khawk'/1023\">H1023</a>, <a href=\"https://wordofgod.in/bibledictionary/ஸ்ட்ராங்க்ஸ்-எபிரேய-அகராதி/#/H1024 - בּית מרכּבות בּית המּרכּבות - bêyth hammarkâbôth bêyth markâbôth - bayth ham-mar-kaw-both'/1024\">H1024</a>, <a href=\"https://wordofgod.in/bibledictionary/ஸ்ட்ராங்க்ஸ்-எபிரேய-அகராதி/#/H1025 - בּית העמק - bêyth hâ‛êmeq - bayth haw-Ay'-mek/1025\">H1025</a>, <a href=\"https://wordofgod.in/bibledictionary/ஸ்ட்ராங்க்ஸ்-எபிரேய-அகராதி/#/H1026 - בּית הערבה - bêyth hâ‛ărâbâh - bayth haw-ar-aw-baw/1026\">H1026</a>, <a href=\"https://wordofgod.in/bibledictionary/ஸ்ட்ராங்க்ஸ்-எபிரேய-அகராதி/#/H1027 - בּית הרם - bêyth hârâm - bayth haw-rawm'/1027\">H1027</a>, <a href=\"https://wordofgod.in/bibledictionary/ஸ்ட்ராங்க்ஸ்-எபிரேய-அகராதி/#/H1028 - בּית הרן - bêyth hârân - bayth haw-rawn'/1028\">H1028</a>, <a href=\"https://wordofgod.in/bibledictionary/ஸ்ட்ராங்க்ஸ்-எபிரேய-அகராதி/#/H1029 - בּית השּׁטּה - bêyth hashshiṭṭâh - bayth hash-shit-taw'/1029\">H1029</a>, <a href=\"https://wordofgod.in/bibledictionary/ஸ்ட்ராங்க்ஸ்-எபிரேய-அகராதி/#/H1030 - בּית השּׁמשׁי - bêyth hashshimshı̂y - bayth hash-shim-shee'/1030\">H1030</a>, <a href=\"https://wordofgod.in/bibledictionary/ஸ்ட்ராங்க்ஸ்-எபிரேய-அகராதி/#/H1031 - בּית חגלה - bêyth choglâh - bayth chog-law'/1031\">H1031</a>, <a href=\"https://wordofgod.in/bibledictionary/ஸ்ட்ராங்க்ஸ்-எபிரேய-அகராதி/#/H1032 - בּית חורון - bêyth chôrôn - bayth kho-rone'/1032\">H1032</a>, <a href=\"https://wordofgod.in/bibledictionary/ஸ்ட்ராங்க்ஸ்-எபிரேய-அகராதி/#/H1033 - בּית כּר - bêyth kar - bayth kar/1033\">H1033</a>, <a href=\"https://wordofgod.in/bibledictionary/ஸ்ட்ராங்க்ஸ்-எபிரேய-அகராதி/#/H1034 - בּית לבאות - bêyth lebâ'ôth - bayth leb-aw-oth'/1034\">H1034</a>, <a href=\"https://wordofgod.in/bibledictionary/ஸ்ட்ராங்க்ஸ்-எபிரேய-அகராதி/#/H1035 - בּית לחם - bêyth lechem - bayth leh'-khem/1035\">H1035</a>, <a href=\"https://wordofgod.in/bibledictionary/ஸ்ட்ராங்க்ஸ்-எபிரேய-அகராதி/#/H1036 - בּית לעפרה - bêyth le‛aphrâh - bayth le-af-raw'/1036\">H1036</a>, <a href=\"https://wordofgod.in/bibledictionary/ஸ்ட்ராங்க்ஸ்-எபிரேய-அகராதி/#/H1038 - בּית מעכה - bêyth ma‛ăkâh - bayth mah-ak-aw'/1038\">H1038</a>, <a href=\"https://wordofgod.in/bibledictionary/ஸ்ட்ராங்க்ஸ்-எபிரேய-அகராதி/#/H1039 - בּית נמרה - bêyth nimrâh - bayth nim-raw'/1039\">H1039</a>, <a href=\"https://wordofgod.in/bibledictionary/ஸ்ட்ராங்க்ஸ்-எபிரேய-அகராதி/#/H1040 - בּית עדן - bêyth ‛êden - bayth ay'-den/1040\">H1040</a>, <a href=\"https://wordofgod.in/bibledictionary/ஸ்ட்ராங்க்ஸ்-எபிரேய-அகராதி/#/H1041 - בּית עזמות - bêyth ‛azmâveth - bayth az-maw'-veth/1041\">H1041</a>, <a href=\"https://wordofgod.in/bibledictionary/ஸ்ட்ராங்க்ஸ்-எபிரேய-அகராதி/#/H1042 - בּית ענות - bêyth ‛ănôth - bayth an-oth'/1042\">H1042</a>, <a href=\"https://wordofgod.in/bibledictionary/ஸ்ட்ராங்க்ஸ்-எபிரேய-அகராதி/#/H1043 - בּית ענת - bêyth ‛ănâth - bayth an-awth'/1043\">H1043</a>, <a href=\"https://wordofgod.in/bibledictionary/ஸ்ட்ராங்க்ஸ்-எபிரேய-அகராதி/#/H1044 - בּית עקד - bêyth ‛êqed - bayth ay'-ked/1044\">H1044</a>, <a href=\"https://wordofgod.in/bibledictionary/ஸ்ட்ராங்க்ஸ்-எபிரேய-அகராதி/#/H1046 - בּית פּלט - bêyth peleṭ - bayth peh'-let/1046\">H1046</a>, <a href=\"https://wordofgod.in/bibledictionary/ஸ்ட்ராங்க்ஸ்-எபிரேய-அகராதி/#/H1047 - בּית פּעור - bêyth pe‛ôr - bayth pe-ore'/1047\">H1047</a>, <a href=\"https://wordofgod.in/bibledictionary/ஸ்ட்ராங்க்ஸ்-எபிரேய-அகராதி/#/H1048 - בּית פּצּץ - bêyth patstsêts - bayth pats-tsates'/1048\">H1048</a>, <a href=\"https://wordofgod.in/bibledictionary/ஸ்ட்ராங்க்ஸ்-எபிரேய-அகராதி/#/H1049 - בּית צוּר - bêyth tsûr - bayth tsoor'/1049\">H1049</a>, <a href=\"https://wordofgod.in/bibledictionary/ஸ்ட்ராங்க்ஸ்-எபிரேய-அகராதி/#/H1050 - בּית רחוב - bêyth rechôb - bayth re-khobe'/1050\">H1050</a>, <a href=\"https://wordofgod.in/bibledictionary/ஸ்ட்ராங்க்ஸ்-எபிரேய-அகராதி/#/H1051 - בּית רפא - bêyth râphâ' - bayth raw-faw'/1051\">H1051</a>, <a href=\"https://wordofgod.in/bibledictionary/ஸ்ட்ராங்க்ஸ்-எபிரேய-அகராதி/#/H1052 - בּית שׁן בּית שׁאן - bêyth she'ân bêyth shân - bayth she-awn'/1052\">H1052</a>, <a href=\"https://wordofgod.in/bibledictionary/ஸ்ட்ராங்க்ஸ்-எபிரேய-அகராதி/#/H1053 - בּית שׁמשׁ - bêyth shemesh - bayth sheh'-mesh/1053\">H1053</a>, <a href=\"https://wordofgod.in/bibledictionary/ஸ்ட்ராங்க்ஸ்-எபிரேய-அகராதி/#/H1054 - בּית תּפּוּח - bayth tappûach - bayth tap-poo'-akh/1054\">H1054</a>, <a href=\"https://wordofgod.in/bibledictionary/ஸ்ட்ராங்க்ஸ்-எபிரேய-அகராதி/#/H1055 - בּיתן - bı̂ythân - bee-thawn'/1055\">H1055</a>, <a href=\"https://wordofgod.in/bibledictionary/ஸ்ட்ராங்க்ஸ்-எபிரேய-அகராதி/#/H1056 - בּכא - bâkâ' - baw-kaw'/1056\">H1056</a>, <a href=\"https://wordofgod.in/bibledictionary/ஸ்ட்ராங்க்ஸ்-எபிரேய-அகராதி/#/H1057 - בּכא - bâkâ' - baw-kaw'/1057\">H1057</a>, <a href=\"https://wordofgod.in/bibledictionary/ஸ்ட்ராங்க்ஸ்-எபிரேய-அகராதி/#/H1143 - בּנים - bênayim - bay-nah'-yim/1143\">H1143</a>, <a href=\"https://wordofgod.in/bibledictionary/ஸ்ட்ராங்க்ஸ்-எபிரேய-அகராதி/#/H1194 - בּען - be‛ôn - beh-ohn'/1194\">H1194</a>, <a href=\"https://wordofgod.in/bibledictionary/ஸ்ட்ராங்க்ஸ்-எபிரேய-அகராதி/#/H2772 - חרני - chôrônı̂y - kho-ro-nee'/2772\">H2772</a>, <a href=\"https://wordofgod.in/bibledictionary/ஸ்ட்ராங்க்ஸ்-எபிரேய-அகராதி/#/H2985 - יבין - yâbı̂yn - yaw-bene'/2985\">H2985</a>, <a href=\"https://wordofgod.in/bibledictionary/ஸ்ட்ராங்க்ஸ்-எபிரேய-அகராதி/#/H358 - אילון בּית חנן - 'êylôn bêyth chânân - ay-lone' bayth-chaw-nawn'/3589\">H358</a>, <a href=\"https://wordofgod.in/bibledictionary/ஸ்ட்ராங்க்ஸ்-எபிரேய-அகராதி/#/H4000 - מבון - mâbôn - maw-bone'/4000\">H4000</a>, <a href=\"https://wordofgod.in/bibledictionary/ஸ்ட்ராங்க்ஸ்-எபிரேய-அகராதி/#/H6164 - ערבתי - ‛arbâthı̂y - ar-baw-thee'/6164\">H6164</a>, <a href=\"https://wordofgod.in/bibledictionary/ஸ்ட்ராங்க்ஸ்-எபிரேய-அகராதி/#/H6407 - פּלטי - palṭı̂y - pal-tee'/6407\">H6407</a>, <a href=\"https://wordofgod.in/bibledictionary/ஸ்ட்ராங்க்ஸ்-எபிரேய-அகராதி/#/H7462 - רעה - râ‛âh - raw-aw'/7462\">H7462</a>, <a href=\"https://wordofgod.in/bibledictionary/ஸ்ட்ராங்க்ஸ்-எபிரேய-அகராதி/#/H8394 - תּובנה תּבוּנה תּבוּן - tâbûn tebûnâh tôbûnâh - taw-boon'/8394\">H8394</a>, <a href=\"https://wordofgod.in/bibledictionary/ஸ்ட்ராங்க்ஸ்-எபிரேய-அகராதி/#/H946 - בּוּנה - bûnâh - boo-naw/946\">H946</a>, <a href=\"https://wordofgod.in/bibledictionary/ஸ்ட்ராங்க்ஸ்-எபிரேய-அகராதி/#/H995 - בּין - bı̂yn - bene/995\">H995</a>, <a href=\"https://wordofgod.in/bibledictionary/ஸ்ட்ராங்க்ஸ்-எபிரேய-அகராதி/#/H996 - בּין - bêyn - bane/996\">H996</a>, <a href=\"https://wordofgod.in/bibledictionary/ஸ்ட்ராங்க்ஸ்-எபிரேய-அகராதி/#/H998 - בּינה - bı̂ynâh - bee-naw'/998\">H998</a>"}]}