{"word":"H1247 - בּר - bar - bar","sections":[{"paragraph":""},{"paragraph":"Original: בּר"},{"paragraph":"Transliteration: bar"},{"paragraph":"Phonetic: bar"},{"paragraph":""},{"paragraph":"குமாரன், புத்திரன் - ஆபெசொ."},{"paragraph":""},{"paragraph":"a son"},{"paragraph":""},{"paragraph":"Cognate: <a href=\"https://wordofgod.in/bibledictionary/ஸ்ட்ராங்க்ஸ்-எபிரேய-அகராதி/#/H1123 - בּן - bên - bane/1123\">H1123</a>, <a href=\"https://wordofgod.in/bibledictionary/ஸ்ட்ராங்க்ஸ்-எபிரேய-அகராதி/#/H1240 - בּקר - beqar - bek-ar'/1240\">H1240</a>, <a href=\"https://wordofgod.in/bibledictionary/ஸ்ட்ராங்க்ஸ்-எபிரேய-அகராதி/#/H1247 - בּר - bar - bar/1247\">H1247</a>"}]}