{"word":"H1378 - גּבישׁ - gâbı̂ysh - gaw-beesh'","sections":[{"paragraph":""},{"paragraph":"Original: גּבישׁ"},{"paragraph":"Transliteration: gâbı̂ysh"},{"paragraph":"Phonetic: gaw-beesh'"},{"paragraph":""},{"paragraph":"முத்து - ஆ.பெசொ."},{"paragraph":""},{"paragraph":"crystal"},{"paragraph":""},{"paragraph":"Cognate: <a href=\"https://wordofgod.in/bibledictionary/ஸ்ட்ராங்க்ஸ்-எபிரேய-அகராதி/#/H1378 - גּבישׁ - gâbı̂ysh - gaw-beesh'/1378\">H1378</a>, <a href=\"https://wordofgod.in/bibledictionary/ஸ்ட்ராங்க்ஸ்-எபிரேய-அகராதி/#/H1406 - גּג - gâg - gawg/1406\">H1406</a>, <a href=\"https://wordofgod.in/bibledictionary/ஸ்ட்ராங்க்ஸ்-எபிரேய-அகராதி/#/H4019 - מגבּישׁ - magbı̂ysh - mag-beesh'/4019\">H4019</a>"}]}