{"word":"H1440 - גּדעם - gid‛ôm - ghid-ohm'","sections":[{"paragraph":""},{"paragraph":"Original: גּדעם"},{"paragraph":"Transliteration: gid‛ôm"},{"paragraph":"Phonetic: ghid-ohm'"},{"paragraph":""},{"paragraph":"கீதோம் - ஓர் இடத்தின் பெயர்"},{"paragraph":"நிறுத்துதல், வேலையை நிறுத்துதல்"},{"paragraph":""},{"paragraph":"Gidom = \"a cutting down\""},{"paragraph":""},{"paragraph":"கிபியாவிற்கும், ரிம்மோன் பர்வதங்களுக்கும் இடையிலுள்ள பகுதி - இஸ்ரவேல் புத்திரர் பென்யமீனைப் பின்தொடர்வதை இங்கு நிறுத்திக் கொண்டார்கள்"},{"paragraph":""},{"paragraph":"Cognate: <a href=\"https://wordofgod.in/bibledictionary/ஸ்ட்ராங்க்ஸ்-எபிரேய-அகராதி/#/H1438 - גּדע - gâda‛ - gaw-dah'/1438\">H1438</a>, <a href=\"https://wordofgod.in/bibledictionary/ஸ்ட்ராங்க்ஸ்-எபிரேய-அகராதி/#/H1439 - גּדעון - gid‛ôn - ghid-ohn'/1439\">H1439</a>, <a href=\"https://wordofgod.in/bibledictionary/ஸ்ட்ராங்க்ஸ்-எபிரேய-அகராதி/#/H1440 - גּדעם - gid‛ôm - ghid-ohm'/1440\">H1440</a>, <a href=\"https://wordofgod.in/bibledictionary/ஸ்ட்ராங்க்ஸ்-எபிரேய-அகராதி/#/H1441 - גּדעני - gid‛ônı̂y - ghid-o-nee'/1441\">H1441</a>"}]}