{"word":"H1280 - בּריח - berı̂yach - ber-ee'-akh","sections":[{"paragraph":""},{"paragraph":"Original: בּריח"},{"paragraph":"Transliteration: berı̂yach"},{"paragraph":"Phonetic: ber-ee'-akh"},{"paragraph":""},{"paragraph":"தாழ்ப்பாள் - ஆ.பெ.சொ."},{"paragraph":""},{"paragraph":"bar (used of wood, used of city gates), used of tribulation, a fortress, used of the earth as a prison (figurative)"},{"paragraph":""},{"paragraph":"Cognate: <a href=\"https://wordofgod.in/bibledictionary/ஸ்ட்ராங்க்ஸ்-எபிரேய-அகராதி/#/H1272 - בּרח - bârach - baw-rakh'/1272\">H1272</a>, <a href=\"https://wordofgod.in/bibledictionary/ஸ்ட்ராங்க்ஸ்-எபிரேய-அகராதி/#/H1273 - בּרחמי - barchûmı̂y - bar-khoo-mee'/1273\">H1273</a>, <a href=\"https://wordofgod.in/bibledictionary/ஸ்ட்ராங்க்ஸ்-எபிரேய-அகராதி/#/H1276 - בּרי - bêrı̂y - bay-ree'/1276\">H1276</a>, <a href=\"https://wordofgod.in/bibledictionary/ஸ்ட்ராங்க்ஸ்-எபிரேய-அகராதி/#/H1280 - בּריח - berı̂yach - ber-ee'-akh/1280\">H1280</a>, <a href=\"https://wordofgod.in/bibledictionary/ஸ்ட்ராங்க்ஸ்-எபிரேய-அகராதி/#/H1281 - בּרח בּריח - bârı̂yach bâriach - baw-ree'-akh/1281\">H1281</a>, <a href=\"https://wordofgod.in/bibledictionary/ஸ்ட்ராங்க்ஸ்-எபிரேய-அகராதி/#/H1282 - בּריח - bârı̂yach - baw-ree'-akh/1282\">H1282</a>, <a href=\"https://wordofgod.in/bibledictionary/ஸ்ட்ராங்க்ஸ்-எபிரேய-அகராதி/#/H4015 - מברח - mibrâch - mib-rawkh'/4015\">H4015</a>"}]}