{"word":"H1284 - בּריעי - berı̂y‛ı̂y - ber-ee-ee'","sections":[{"paragraph":""},{"paragraph":"Original: בּריעי"},{"paragraph":"Transliteration: berı̂y‛ı̂y"},{"paragraph":"Phonetic: ber-ee-ee'"},{"paragraph":""},{"paragraph":"பெரியாவியர் - ஆ.பெ.சொ."},{"paragraph":"\"தீமையில்\""},{"paragraph":""},{"paragraph":"Beriites = \"in evil\""},{"paragraph":""},{"paragraph":"பெராயாவின் குடும்பத்தைச் சேர்ந்தவன்"},{"paragraph":""},{"paragraph":"Cognate: <a href=\"https://wordofgod.in/bibledictionary/ஸ்ட்ராங்க்ஸ்-எபிரேய-அகராதி/#/H1264 - בּרום - berôm - ber-ome'/1264\">H1264</a>, <a href=\"https://wordofgod.in/bibledictionary/ஸ்ட்ராங்க்ஸ்-எபிரேய-அகராதி/#/H1283 - בּריעה - berı̂y‛âh - ber-ee'-aw/1283\">H1283</a>, <a href=\"https://wordofgod.in/bibledictionary/ஸ்ட்ராங்க்ஸ்-எபிரேய-அகராதி/#/H1284 - בּריעי - berı̂y‛ı̂y - ber-ee-ee'/1284\">H1284</a>, <a href=\"https://wordofgod.in/bibledictionary/ஸ்ட்ராங்க்ஸ்-எபிரேய-அகராதி/#/H1298 - בּרע - bera‛ - beh'-rah/1298\">H1298</a>"}]}