{"word":"H113 - אדן אדון - 'âdôn 'âdôn - aw-done'","sections":[{"paragraph":""},{"paragraph":"Original: אדן אדון"},{"paragraph":"Transliteration: 'âdôn 'âdôn"},{"paragraph":"Phonetic: aw-done'"},{"paragraph":""},{"paragraph":"ஆண்டவர்,எஜமான், தேவன், அத்தோனிபேசேக், அதிபதி - ஆபெசொ."},{"paragraph":""},{"paragraph":"firm, strong, lord, master"},{"paragraph":""},{"paragraph":"1. ஆண்டவர் (lord, master)"},{"paragraph":"(1) மனுஷனைக் குறிக்கிறது."},{"paragraph":"(அ) குடும்பக்காரியங்களுக்குத் தலைவன்"},{"paragraph":"(ஆ) ஆண்டவன்"},{"paragraph":"(இ) ராஜா"},{"paragraph":"(2) தேவனைக் குறிக்கிறது"},{"paragraph":"(அ) தேவனாகிய கர்த்தர்"},{"paragraph":"(ஆ) முழு பூமிக்கும் ஆண்டவர்"},{"paragraph":""},{"paragraph":"2. ஆண்டவர்கள், ராஜாக்கள் (lords, kings)"},{"paragraph":"(1) மனுஷரைக் குறிக்கிறது"},{"paragraph":"(அ) சமாரியாவிலுள்ள ஒரு மலையின் அதிபதி"},{"paragraph":"(ஆ) அதிபதி"},{"paragraph":"(இ) புருஷன்"},{"paragraph":"(ஈ) தீர்க்கதரிசி"},{"paragraph":"(உ) தேசாதிபதி"},{"paragraph":"(ஊ) பிரபு"},{"paragraph":"(எ) ராஜா"},{"paragraph":"(2) தேவனைக் குறிக்கிறது கர்த்தாதி கர்த்தர் (the Lord of lords"},{"paragraph":""},{"paragraph":"3. என் ஆண்டவர் என் எஜமான் my lord, my master"},{"paragraph":"(1) மனுஷரைக் குறிக்கிறது."},{"paragraph":"(அ)அதிபதி"},{"paragraph":"(ஆ) புருஷன்"},{"paragraph":"(இ) தீர்க்கதரிசி"},{"paragraph":"(ஈ) பிரபு"},{"paragraph":"(உ) ராஜா"},{"paragraph":"(ஊ) தகப்பன்"},{"paragraph":"(எ) மோசே"},{"paragraph":"(ஏ) ஆசாரியன்"},{"paragraph":"(ஐ) தேவதூதன்"},{"paragraph":"(ஒ) சேனைத்தலைவன்"},{"paragraph":"(ஒ) உயர்ந்தவன்"},{"paragraph":"(2) தேவனைக் குறிக்கிறது."},{"paragraph":"(அ) என் ஆண்டவரே, என் தேவனே"},{"paragraph":"(ஆ) அதோனாய் (Adonai)"},{"paragraph":""},{"paragraph":"Cognate: <a href=\"https://wordofgod.in/bibledictionary/ஸ்ட்ராங்க்ஸ்-எபிரேய-அகராதி/#/H113 - אדן אדון - 'âdôn 'âdôn - aw-done'/1138\">H113</a>, <a href=\"https://wordofgod.in/bibledictionary/ஸ்ட்ராங்க்ஸ்-எபிரேய-அகராதி/#/H114 - אדּון - 'addôn - ad-done'/114\">H114</a>, <a href=\"https://wordofgod.in/bibledictionary/ஸ்ட்ராங்க்ஸ்-எபிரேய-அகராதி/#/H134 - אדן - 'eden - eh'-den/1346\">H134</a>, <a href=\"https://wordofgod.in/bibledictionary/ஸ்ட்ராங்க்ஸ்-எபிரேய-அகராதி/#/H135 - אדּן - 'addân - ad-dawn'/1352\">H135</a>, <a href=\"https://wordofgod.in/bibledictionary/ஸ்ட்ராங்க்ஸ்-எபிரேய-அகராதி/#/H136 - אדני - 'ădônây - ad-o-noy'/1364\">H136</a>, <a href=\"https://wordofgod.in/bibledictionary/ஸ்ட்ராங்க்ஸ்-எபிரேய-அகராதி/#/H137 - אדני־בזק - 'ădônı̂y-bezeq - ad-o''-nee-beh'-zek/1372\">H137</a>, <a href=\"https://wordofgod.in/bibledictionary/ஸ்ட்ராங்க்ஸ்-எபிரேய-அகராதி/#/H138 - אדניּהוּ אדניּה - 'ădônı̂yâh 'ădônı̂yâhû - ad-o-nee-yaw'/1389\">H138</a>, <a href=\"https://wordofgod.in/bibledictionary/ஸ்ட்ராங்க்ஸ்-எபிரேய-அகராதி/#/H139 - אדני־צדק - 'ădônı̂y-tsedeq - ad-o''-nee-tseh'-dek/1396\">H139</a>, <a href=\"https://wordofgod.in/bibledictionary/ஸ்ட்ராங்க்ஸ்-எபிரேய-அகராதி/#/H140 - אדניקם - 'ădônı̂yqâm - ad-o-nee-kawm'/1402\">H140</a>, <a href=\"https://wordofgod.in/bibledictionary/ஸ்ட்ராங்க்ஸ்-எபிரேய-அகராதி/#/H141 - אדנירם - 'ădônı̂yrâm - ad-o-nee-rawm'/1415\">H141</a>, <a href=\"https://wordofgod.in/bibledictionary/ஸ்ட்ராங்க்ஸ்-எபிரேய-அகராதி/#/H151 - אדרם - 'ădôrâm - ad-o-rawm'/1510\">H151</a>"}]}